INFO:     Started server process [44226]
INFO:     Waiting for application startup.
INFO:     Application startup complete.
INFO:     Uvicorn running on http://0.0.0.0:8000 (Press CTRL+C to quit)
INFO:     127.0.0.1:58979 - "GET /static/index.html HTTP/1.1" 200 OK
INFO:     127.0.0.1:59211 - "WebSocket /ws" [accepted]
INFO:     connection open
[NeuroViz] 客户端连接, 当前1个
[MockDataSource] 空间相关噪声已初始化（Cholesky）
[MockDataSource] v6: 8ch 500Hz（Cholesky空间相关）
[Spectrogram] 初始化: fs=500Hz, nfft=256, freq=0-50Hz (26点), history=39帧
[NeuroViz] Topomap触发: send_counter=40, mod=0, topomap_module=<module 'processors.topomap' from '/Users/sss/projects/neuroviz/backend/processors/topomap.py'>
[NeuroViz] 进入40帧触发块: send_counter=40
[NeuroViz] values={'Fp1': 13.73, 'Fp2': 107.6}
[NeuroViz] TimeFreq已生成: 12004 chars
[NeuroViz] Topomap已生成: 56576 chars
[NeuroViz] Topomap触发: send_counter=80, mod=0, topomap_module=<module 'processors.topomap' from '/Users/sss/projects/neuroviz/backend/processors/topomap.py'>
[NeuroViz] 进入40帧触发块: send_counter=80
[NeuroViz] values={'Fp1': 15.79, 'Fp2': 24.91}
[NeuroViz] TimeFreq已生成: 12016 chars
[NeuroViz] Topomap已生成: 56452 chars
[NeuroViz] Topomap触发: send_counter=120, mod=0, topomap_module=<module 'processors.topomap' from '/Users/sss/projects/neuroviz/backend/processors/topomap.py'>
[NeuroViz] 进入40帧触发块: send_counter=120
[NeuroViz] values={'Fp1': 76.79, 'Fp2': 41.12}
[NeuroViz] TimeFreq已生成: 12444 chars
[NeuroViz] Topomap已生成: 56828 chars
[NeuroViz] Topomap触发: send_counter=160, mod=0, topomap_module=<module 'processors.topomap' from '/Users/sss/projects/neuroviz/backend/processors/topomap.py'>
[NeuroViz] 进入40帧触发块: send_counter=160
[NeuroViz] values={'Fp1': 109.63, 'Fp2': 108.1}
[NeuroViz] TimeFreq已生成: 12488 chars
[NeuroViz] Topomap已生成: 61092 chars
[NeuroViz] Topomap触发: send_counter=200, mod=0, topomap_module=<module 'processors.topomap' from '/Users/sss/projects/neuroviz/backend/processors/topomap.py'>
[NeuroViz] 进入40帧触发块: send_counter=200
[NeuroViz] values={'Fp1': 35.85, 'Fp2': 1.36}
[NeuroViz] TimeFreq已生成: 12492 chars
[NeuroViz] Topomap已生成: 56804 chars
[NeuroViz] Topomap触发: send_counter=240, mod=0, topomap_module=<module 'processors.topomap' from '/Users/sss/projects/neuroviz/backend/processors/topomap.py'>
[NeuroViz] 进入40帧触发块: send_counter=240
[NeuroViz] values={'Fp1': 0.72, 'Fp2': 86.98}
[NeuroViz] TimeFreq已生成: 12992 chars
[NeuroViz] Topomap已生成: 58168 chars
[NeuroViz] Topomap触发: send_counter=280, mod=0, topomap_module=<module 'processors.topomap' from '/Users/sss/projects/neuroviz/backend/processors/topomap.py'>
[NeuroViz] 进入40帧触发块: send_counter=280
[NeuroViz] values={'Fp1': 53.81, 'Fp2': 57.94}
[NeuroViz] TimeFreq已生成: 12488 chars
[NeuroViz] Topomap已生成: 59604 chars
[NeuroViz] Topomap触发: send_counter=320, mod=0, topomap_module=<module 'processors.topomap' from '/Users/sss/projects/neuroviz/backend/processors/topomap.py'>
[NeuroViz] 进入40帧触发块: send_counter=320
[NeuroViz] values={'Fp1': 112.02, 'Fp2': 22.65}
[NeuroViz] TimeFreq已生成: 12516 chars
[NeuroViz] Topomap已生成: 58544 chars
[NeuroViz] Topomap触发: send_counter=360, mod=0, topomap_module=<module 'processors.topomap' from '/Users/sss/projects/neuroviz/backend/processors/topomap.py'>
[NeuroViz] 进入40帧触发块: send_counter=360
[NeuroViz] values={'Fp1': 77.74, 'Fp2': 108.97}
[NeuroViz] TimeFreq已生成: 12528 chars
[NeuroViz] Topomap已生成: 57644 chars
[NeuroViz] Topomap触发: send_counter=400, mod=0, topomap_module=<module 'processors.topomap' from '/Users/sss/projects/neuroviz/backend/processors/topomap.py'>
[NeuroViz] 进入40帧触发块: send_counter=400
[NeuroViz] values={'Fp1': 4.78, 'Fp2': 10.1}
[NeuroViz] TimeFreq已生成: 12448 chars
[NeuroViz] Topomap已生成: 55792 chars
[NeuroViz] Topomap触发: send_counter=440, mod=0, topomap_module=<module 'processors.topomap' from '/Users/sss/projects/neuroviz/backend/processors/topomap.py'>
[NeuroViz] 进入40帧触发块: send_counter=440
[NeuroViz] values={'Fp1': 32.72, 'Fp2': 73.68}
[NeuroViz] TimeFreq已生成: 12416 chars
[NeuroViz] Topomap已生成: 57940 chars
[NeuroViz] Topomap触发: send_counter=480, mod=0, topomap_module=<module 'processors.topomap' from '/Users/sss/projects/neuroviz/backend/processors/topomap.py'>
[NeuroViz] 进入40帧触发块: send_counter=480
[NeuroViz] values={'Fp1': 89.74, 'Fp2': 89.09}
[NeuroViz] TimeFreq已生成: 12608 chars
[NeuroViz] Topomap已生成: 59352 chars
[NeuroViz] Topomap触发: send_counter=520, mod=0, topomap_module=<module 'processors.topomap' from '/Users/sss/projects/neuroviz/backend/processors/topomap.py'>
[NeuroViz] 进入40帧触发块: send_counter=520
[NeuroViz] values={'Fp1': 102.66, 'Fp2': 2.51}
[NeuroViz] TimeFreq已生成: 12600 chars
[NeuroViz] Topomap已生成: 56328 chars
[NeuroViz] Topomap触发: send_counter=560, mod=0, topomap_module=<module 'processors.topomap' from '/Users/sss/projects/neuroviz/backend/processors/topomap.py'>
[NeuroViz] 进入40帧触发块: send_counter=560
[NeuroViz] values={'Fp1': 14.54, 'Fp2': 91.19}
[NeuroViz] TimeFreq已生成: 12532 chars
[NeuroViz] Topomap已生成: 58148 chars
[NeuroViz] Topomap触发: send_counter=600, mod=0, topomap_module=<module 'processors.topomap' from '/Users/sss/projects/neuroviz/backend/processors/topomap.py'>
[NeuroViz] 进入40帧触发块: send_counter=600
[NeuroViz] values={'Fp1': 3.58, 'Fp2': 54.01}
[NeuroViz] TimeFreq已生成: 12480 chars
[NeuroViz] Topomap已生成: 56512 chars
[NeuroViz] Topomap触发: send_counter=640, mod=0, topomap_module=<module 'processors.topomap' from '/Users/sss/projects/neuroviz/backend/processors/topomap.py'>
[NeuroViz] 进入40帧触发块: send_counter=640
[NeuroViz] values={'Fp1': 67.72, 'Fp2': 20.73}
[NeuroViz] TimeFreq已生成: 11988 chars
[NeuroViz] Topomap已生成: 55832 chars
[NeuroViz] Topomap触发: send_counter=680, mod=0, topomap_module=<module 'processors.topomap' from '/Users/sss/projects/neuroviz/backend/processors/topomap.py'>
[NeuroViz] 进入40帧触发块: send_counter=680
[NeuroViz] values={'Fp1': 105.86, 'Fp2': 103.38}
[NeuroViz] TimeFreq已生成: 12576 chars
[NeuroViz] Topomap已生成: 58096 chars
[NeuroViz] Topomap触发: send_counter=720, mod=0, topomap_module=<module 'processors.topomap' from '/Users/sss/projects/neuroviz/backend/processors/topomap.py'>
[NeuroViz] 进入40帧触发块: send_counter=720
[NeuroViz] values={'Fp1': 57.47, 'Fp2': 17.29}
[NeuroViz] TimeFreq已生成: 12000 chars
[NeuroViz] Topomap已生成: 57288 chars
[NeuroViz] Topomap触发: send_counter=760, mod=0, topomap_module=<module 'processors.topomap' from '/Users/sss/projects/neuroviz/backend/processors/topomap.py'>
[NeuroViz] 进入40帧触发块: send_counter=760
[NeuroViz] values={'Fp1': 1.07, 'Fp2': 63.82}
[NeuroViz] TimeFreq已生成: 12436 chars
[NeuroViz] Topomap已生成: 56904 chars
[NeuroViz] Topomap触发: send_counter=800, mod=0, topomap_module=<module 'processors.topomap' from '/Users/sss/projects/neuroviz/backend/processors/topomap.py'>
[NeuroViz] 进入40帧触发块: send_counter=800
[NeuroViz] values={'Fp1': 48.84, 'Fp2': 83.42}
[NeuroViz] TimeFreq已生成: 12380 chars
[NeuroViz] Topomap已生成: 57592 chars
[NeuroViz] Topomap触发: send_counter=840, mod=0, topomap_module=<module 'processors.topomap' from '/Users/sss/projects/neuroviz/backend/processors/topomap.py'>
[NeuroViz] 进入40帧触发块: send_counter=840
[NeuroViz] values={'Fp1': 108.56, 'Fp2': 2.86}
[NeuroViz] TimeFreq已生成: 12528 chars
[NeuroViz] Topomap已生成: 56420 chars
[NeuroViz] Topomap触发: send_counter=880, mod=0, topomap_module=<module 'processors.topomap' from '/Users/sss/projects/neuroviz/backend/processors/topomap.py'>
[NeuroViz] 进入40帧触发块: send_counter=880
[NeuroViz] values={'Fp1': 80.86, 'Fp2': 100.39}
[NeuroViz] TimeFreq已生成: 12296 chars
[NeuroViz] Topomap已生成: 60232 chars
[NeuroViz] Topomap触发: send_counter=920, mod=0, topomap_module=<module 'processors.topomap' from '/Users/sss/projects/neuroviz/backend/processors/topomap.py'>
[NeuroViz] 进入40帧触发块: send_counter=920
[NeuroViz] values={'Fp1': 10.63, 'Fp2': 30.3}
[NeuroViz] TimeFreq已生成: 12496 chars
[NeuroViz] Topomap已生成: 59756 chars
[NeuroViz] Topomap触发: send_counter=960, mod=0, topomap_module=<module 'processors.topomap' from '/Users/sss/projects/neuroviz/backend/processors/topomap.py'>
[NeuroViz] 进入40帧触发块: send_counter=960
[NeuroViz] values={'Fp1': 8.71, 'Fp2': 33.95}
[NeuroViz] TimeFreq已生成: 12444 chars
[NeuroViz] Topomap已生成: 56532 chars
[NeuroViz] Topomap触发: send_counter=1000, mod=0, topomap_module=<module 'processors.topomap' from '/Users/sss/projects/neuroviz/backend/processors/topomap.py'>
[NeuroViz] 进入40帧触发块: send_counter=1000
[NeuroViz] values={'Fp1': 76.2, 'Fp2': 104.11}
[NeuroViz] TimeFreq已生成: 11952 chars
[NeuroViz] Topomap已生成: 56852 chars
[NeuroViz] Topomap触发: send_counter=1040, mod=0, topomap_module=<module 'processors.topomap' from '/Users/sss/projects/neuroviz/backend/processors/topomap.py'>
[NeuroViz] 进入40帧触发块: send_counter=1040
[NeuroViz] values={'Fp1': 118.06, 'Fp2': 2.22}
[NeuroViz] TimeFreq已生成: 12484 chars
[NeuroViz] Topomap已生成: 56244 chars
[NeuroViz] Topomap触发: send_counter=1080, mod=0, topomap_module=<module 'processors.topomap' from '/Users/sss/projects/neuroviz/backend/processors/topomap.py'>
[NeuroViz] 进入40帧触发块: send_counter=1080
[NeuroViz] values={'Fp1': 57.74, 'Fp2': 88.14}
[NeuroViz] TimeFreq已生成: 12404 chars
[NeuroViz] Topomap已生成: 57164 chars
[NeuroViz] Topomap触发: send_counter=1120, mod=0, topomap_module=<module 'processors.topomap' from '/Users/sss/projects/neuroviz/backend/processors/topomap.py'>
[NeuroViz] 进入40帧触发块: send_counter=1120
[NeuroViz] values={'Fp1': 2.13, 'Fp2': 56.63}
[NeuroViz] TimeFreq已生成: 12432 chars
[NeuroViz] Topomap已生成: 56584 chars
[NeuroViz] Topomap触发: send_counter=1160, mod=0, topomap_module=<module 'processors.topomap' from '/Users/sss/projects/neuroviz/backend/processors/topomap.py'>
[NeuroViz] 进入40帧触发块: send_counter=1160
[NeuroViz] values={'Fp1': 36.89, 'Fp2': 24.38}
[NeuroViz] TimeFreq已生成: 12324 chars
[NeuroViz] Topomap已生成: 57132 chars
[NeuroViz] Topomap触发: send_counter=1200, mod=0, topomap_module=<module 'processors.topomap' from '/Users/sss/projects/neuroviz/backend/processors/topomap.py'>
[NeuroViz] 进入40帧触发块: send_counter=1200
[NeuroViz] values={'Fp1': 95.51, 'Fp2': 103.83}
[NeuroViz] TimeFreq已生成: 12384 chars
[NeuroViz] Topomap已生成: 58880 chars
[NeuroViz] Topomap触发: send_counter=1240, mod=0, topomap_module=<module 'processors.topomap' from '/Users/sss/projects/neuroviz/backend/processors/topomap.py'>
[NeuroViz] 进入40帧触发块: send_counter=1240
[NeuroViz] values={'Fp1': 95.56, 'Fp2': 9.82}
[NeuroViz] TimeFreq已生成: 12516 chars
[NeuroViz] Topomap已生成: 58604 chars
[NeuroViz] Topomap触发: send_counter=1280, mod=0, topomap_module=<module 'processors.topomap' from '/Users/sss/projects/neuroviz/backend/processors/topomap.py'>
[NeuroViz] 进入40帧触发块: send_counter=1280
[NeuroViz] values={'Fp1': 22.39, 'Fp2': 77.41}
[NeuroViz] TimeFreq已生成: 12320 chars
[NeuroViz] Topomap已生成: 56772 chars
[NeuroViz] Topomap触发: send_counter=1320, mod=0, topomap_module=<module 'processors.topomap' from '/Users/sss/projects/neuroviz/backend/processors/topomap.py'>
[NeuroViz] 进入40帧触发块: send_counter=1320
[NeuroViz] values={'Fp1': 2.92, 'Fp2': 77.52}
[NeuroViz] TimeFreq已生成: 12504 chars
[NeuroViz] Topomap已生成: 57688 chars
[NeuroViz] Topomap触发: send_counter=1360, mod=0, topomap_module=<module 'processors.topomap' from '/Users/sss/projects/neuroviz/backend/processors/topomap.py'>
[NeuroViz] 进入40帧触发块: send_counter=1360
[NeuroViz] values={'Fp1': 59.28, 'Fp2': 7.49}
[NeuroViz] TimeFreq已生成: 12444 chars
[NeuroViz] Topomap已生成: 56188 chars
[NeuroViz] Topomap触发: send_counter=1400, mod=0, topomap_module=<module 'processors.topomap' from '/Users/sss/projects/neuroviz/backend/processors/topomap.py'>
[NeuroViz] 进入40帧触发块: send_counter=1400
[NeuroViz] values={'Fp1': 98.11, 'Fp2': 96.15}
[NeuroViz] TimeFreq已生成: 12352 chars
[NeuroViz] Topomap已生成: 60912 chars
[NeuroViz] Topomap触发: send_counter=1440, mod=0, topomap_module=<module 'processors.topomap' from '/Users/sss/projects/neuroviz/backend/processors/topomap.py'>
[NeuroViz] 进入40帧触发块: send_counter=1440
[NeuroViz] values={'Fp1': 73.3, 'Fp2': 25.57}
[NeuroViz] TimeFreq已生成: 12384 chars
[NeuroViz] Topomap已生成: 56140 chars
[NeuroViz] Topomap触发: send_counter=1480, mod=0, topomap_module=<module 'processors.topomap' from '/Users/sss/projects/neuroviz/backend/processors/topomap.py'>
[NeuroViz] 进入40帧触发块: send_counter=1480
[NeuroViz] values={'Fp1': 5.84, 'Fp2': 54.98}
[NeuroViz] TimeFreq已生成: 12592 chars
[NeuroViz] Topomap已生成: 56452 chars
[NeuroViz] Topomap触发: send_counter=1520, mod=0, topomap_module=<module 'processors.topomap' from '/Users/sss/projects/neuroviz/backend/processors/topomap.py'>
[NeuroViz] 进入40帧触发块: send_counter=1520
[NeuroViz] values={'Fp1': 22.49, 'Fp2': 88.05}
[NeuroViz] TimeFreq已生成: 12584 chars
[NeuroViz] Topomap已生成: 57344 chars
[NeuroViz] Topomap触发: send_counter=1560, mod=0, topomap_module=<module 'processors.topomap' from '/Users/sss/projects/neuroviz/backend/processors/topomap.py'>
[NeuroViz] 进入40帧触发块: send_counter=1560
[NeuroViz] values={'Fp1': 81.8, 'Fp2': 1.24}
[NeuroViz] TimeFreq已生成: 12432 chars
[NeuroViz] Topomap已生成: 57560 chars
[NeuroViz] Topomap触发: send_counter=1600, mod=0, topomap_module=<module 'processors.topomap' from '/Users/sss/projects/neuroviz/backend/processors/topomap.py'>
[NeuroViz] 进入40帧触发块: send_counter=1600
[NeuroViz] values={'Fp1': 108.25, 'Fp2': 109.42}
[NeuroViz] TimeFreq已生成: 12544 chars
[NeuroViz] Topomap已生成: 59940 chars
[NeuroViz] Topomap触发: send_counter=1640, mod=0, topomap_module=<module 'processors.topomap' from '/Users/sss/projects/neuroviz/backend/processors/topomap.py'>
[NeuroViz] 进入40帧触发块: send_counter=1640
[NeuroViz] values={'Fp1': 48.62, 'Fp2': 48.09}
[NeuroViz] TimeFreq已生成: 12476 chars
[NeuroViz] Topomap已生成: 58228 chars
[NeuroViz] Topomap触发: send_counter=1680, mod=0, topomap_module=<module 'processors.topomap' from '/Users/sss/projects/neuroviz/backend/processors/topomap.py'>
[NeuroViz] 进入40帧触发块: send_counter=1680
[NeuroViz] values={'Fp1': 0.89, 'Fp2': 23.44}
[NeuroViz] TimeFreq已生成: 12508 chars
[NeuroViz] Topomap已生成: 55676 chars
[NeuroViz] Topomap触发: send_counter=1720, mod=0, topomap_module=<module 'processors.topomap' from '/Users/sss/projects/neuroviz/backend/processors/topomap.py'>
[NeuroViz] 进入40帧触发块: send_counter=1720
[NeuroViz] values={'Fp1': 55.17, 'Fp2': 112.04}
[NeuroViz] TimeFreq已生成: 12352 chars
[NeuroViz] Topomap已生成: 57164 chars
[NeuroViz] Topomap触发: send_counter=1760, mod=0, topomap_module=<module 'processors.topomap' from '/Users/sss/projects/neuroviz/backend/processors/topomap.py'>
[NeuroViz] 进入40帧触发块: send_counter=1760
[NeuroViz] values={'Fp1': 104.55, 'Fp2': 22.7}
[NeuroViz] TimeFreq已生成: 12224 chars
[NeuroViz] Topomap已生成: 57848 chars
[NeuroViz] Topomap触发: send_counter=1800, mod=0, topomap_module=<module 'processors.topomap' from '/Users/sss/projects/neuroviz/backend/processors/topomap.py'>
[NeuroViz] 进入40帧触发块: send_counter=1800
[NeuroViz] values={'Fp1': 68.88, 'Fp2': 48.31}
[NeuroViz] TimeFreq已生成: 12308 chars
[NeuroViz] Topomap已生成: 59488 chars
[NeuroViz] Topomap触发: send_counter=1840, mod=0, topomap_module=<module 'processors.topomap' from '/Users/sss/projects/neuroviz/backend/processors/topomap.py'>
[NeuroViz] 进入40帧触发块: send_counter=1840
[NeuroViz] values={'Fp1': 3.4, 'Fp2': 101.55}
[NeuroViz] TimeFreq已生成: 12664 chars
[NeuroViz] Topomap已生成: 56768 chars
[NeuroViz] Topomap触发: send_counter=1880, mod=0, topomap_module=<module 'processors.topomap' from '/Users/sss/projects/neuroviz/backend/processors/topomap.py'>
[NeuroViz] 进入40帧触发块: send_counter=1880
[NeuroViz] values={'Fp1': 28.73, 'Fp2': 5.67}
[NeuroViz] TimeFreq已生成: 12540 chars
[NeuroViz] Topomap已生成: 55496 chars
[NeuroViz] Topomap触发: send_counter=1920, mod=0, topomap_module=<module 'processors.topomap' from '/Users/sss/projects/neuroviz/backend/processors/topomap.py'>
[NeuroViz] 进入40帧触发块: send_counter=1920
[NeuroViz] values={'Fp1': 104.41, 'Fp2': 77.58}
[NeuroViz] TimeFreq已生成: 12112 chars
[NeuroViz] Topomap已生成: 56532 chars
[NeuroViz] Topomap触发: send_counter=1960, mod=0, topomap_module=<module 'processors.topomap' from '/Users/sss/projects/neuroviz/backend/processors/topomap.py'>
[NeuroViz] 进入40帧触发块: send_counter=1960
[NeuroViz] values={'Fp1': 73.63, 'Fp2': 71.8}
[NeuroViz] TimeFreq已生成: 12388 chars
[NeuroViz] Topomap已生成: 59444 chars
[NeuroViz] Topomap触发: send_counter=2000, mod=0, topomap_module=<module 'processors.topomap' from '/Users/sss/projects/neuroviz/backend/processors/topomap.py'>
[NeuroViz] 进入40帧触发块: send_counter=2000
[NeuroViz] values={'Fp1': 10.97, 'Fp2': 1.96}
[NeuroViz] TimeFreq已生成: 12852 chars
[NeuroViz] Topomap已生成: 55232 chars
[NeuroViz] Topomap触发: send_counter=2040, mod=0, topomap_module=<module 'processors.topomap' from '/Users/sss/projects/neuroviz/backend/processors/topomap.py'>
[NeuroViz] 进入40帧触发块: send_counter=2040
[NeuroViz] values={'Fp1': 24.99, 'Fp2': 108.91}
[NeuroViz] TimeFreq已生成: 12500 chars
[NeuroViz] Topomap已生成: 58568 chars
[NeuroViz] Topomap触发: send_counter=2080, mod=0, topomap_module=<module 'processors.topomap' from '/Users/sss/projects/neuroviz/backend/processors/topomap.py'>
[NeuroViz] 进入40帧触发块: send_counter=2080
[NeuroViz] values={'Fp1': 91.25, 'Fp2': 50.0}
[NeuroViz] TimeFreq已生成: 12568 chars
[NeuroViz] Topomap已生成: 58560 chars
[NeuroViz] Topomap触发: send_counter=2120, mod=0, topomap_module=<module 'processors.topomap' from '/Users/sss/projects/neuroviz/backend/processors/topomap.py'>
[NeuroViz] 进入40帧触发块: send_counter=2120
[NeuroViz] values={'Fp1': 89.95, 'Fp2': 13.59}
[NeuroViz] TimeFreq已生成: 12388 chars
[NeuroViz] Topomap已生成: 57508 chars
[NeuroViz] Topomap触发: send_counter=2160, mod=0, topomap_module=<module 'processors.topomap' from '/Users/sss/projects/neuroviz/backend/processors/topomap.py'>
[NeuroViz] 进入40帧触发块: send_counter=2160
[NeuroViz] values={'Fp1': 17.96, 'Fp2': 119.42}
[NeuroViz] TimeFreq已生成: 12516 chars
[NeuroViz] Topomap已生成: 56780 chars
[NeuroViz] Topomap触发: send_counter=2200, mod=0, topomap_module=<module 'processors.topomap' from '/Users/sss/projects/neuroviz/backend/processors/topomap.py'>
[NeuroViz] 进入40帧触发块: send_counter=2200
[NeuroViz] values={'Fp1': 20.7, 'Fp2': 15.35}
[NeuroViz] TimeFreq已生成: 12428 chars
[NeuroViz] Topomap已生成: 56120 chars
[NeuroViz] Topomap触发: send_counter=2240, mod=0, topomap_module=<module 'processors.topomap' from '/Users/sss/projects/neuroviz/backend/processors/topomap.py'>
[NeuroViz] 进入40帧触发块: send_counter=2240
[NeuroViz] values={'Fp1': 83.03, 'Fp2': 44.46}
[NeuroViz] TimeFreq已生成: 12516 chars
[NeuroViz] Topomap已生成: 57764 chars
[NeuroViz] Topomap触发: send_counter=2280, mod=0, topomap_module=<module 'processors.topomap' from '/Users/sss/projects/neuroviz/backend/processors/topomap.py'>
[NeuroViz] 进入40帧触发块: send_counter=2280
[NeuroViz] values={'Fp1': 96.18, 'Fp2': 104.19}
[NeuroViz] TimeFreq已生成: 12300 chars
[NeuroViz] Topomap已生成: 58604 chars
[NeuroViz] Topomap触发: send_counter=2320, mod=0, topomap_module=<module 'processors.topomap' from '/Users/sss/projects/neuroviz/backend/processors/topomap.py'>
[NeuroViz] 进入40帧触发块: send_counter=2320
[NeuroViz] values={'Fp1': 21.68, 'Fp2': 2.45}
[NeuroViz] TimeFreq已生成: 12428 chars
[NeuroViz] Topomap已生成: 58356 chars
[NeuroViz] Topomap触发: send_counter=2360, mod=0, topomap_module=<module 'processors.topomap' from '/Users/sss/projects/neuroviz/backend/processors/topomap.py'>
[NeuroViz] 进入40帧触发块: send_counter=2360
[NeuroViz] values={'Fp1': 4.39, 'Fp2': 69.72}
[NeuroViz] TimeFreq已生成: 12760 chars
[NeuroViz] Topomap已生成: 57040 chars
[NeuroViz] Topomap触发: send_counter=2400, mod=0, topomap_module=<module 'processors.topomap' from '/Users/sss/projects/neuroviz/backend/processors/topomap.py'>
[NeuroViz] 进入40帧触发块: send_counter=2400
[NeuroViz] values={'Fp1': 72.82, 'Fp2': 75.71}
[NeuroViz] TimeFreq已生成: 12544 chars
[NeuroViz] Topomap已生成: 58220 chars
[NeuroViz] Topomap触发: send_counter=2440, mod=0, topomap_module=<module 'processors.topomap' from '/Users/sss/projects/neuroviz/backend/processors/topomap.py'>
[NeuroViz] 进入40帧触发块: send_counter=2440
[NeuroViz] values={'Fp1': 106.07, 'Fp2': 6.05}
[NeuroViz] TimeFreq已生成: 12564 chars
[NeuroViz] Topomap已生成: 56236 chars
[NeuroViz] Topomap触发: send_counter=2480, mod=0, topomap_module=<module 'processors.topomap' from '/Users/sss/projects/neuroviz/backend/processors/topomap.py'>
[NeuroViz] 进入40帧触发块: send_counter=2480
[NeuroViz] values={'Fp1': 43.36, 'Fp2': 96.4}
[NeuroViz] TimeFreq已生成: 12216 chars
[NeuroViz] Topomap已生成: 56980 chars
[NeuroViz] Topomap触发: send_counter=2520, mod=0, topomap_module=<module 'processors.topomap' from '/Users/sss/projects/neuroviz/backend/processors/topomap.py'>
[NeuroViz] 进入40帧触发块: send_counter=2520
[NeuroViz] values={'Fp1': 2.39, 'Fp2': 50.26}
[NeuroViz] TimeFreq已生成: 12500 chars
[NeuroViz] Topomap已生成: 56560 chars
[NeuroViz] Topomap触发: send_counter=2560, mod=0, topomap_module=<module 'processors.topomap' from '/Users/sss/projects/neuroviz/backend/processors/topomap.py'>
[NeuroViz] 进入40帧触发块: send_counter=2560
[NeuroViz] values={'Fp1': 70.74, 'Fp2': 21.96}
[NeuroViz] TimeFreq已生成: 12400 chars
[NeuroViz] Topomap已生成: 56444 chars
[NeuroViz] Topomap触发: send_counter=2600, mod=0, topomap_module=<module 'processors.topomap' from '/Users/sss/projects/neuroviz/backend/processors/topomap.py'>
[NeuroViz] 进入40帧触发块: send_counter=2600
[NeuroViz] values={'Fp1': 106.42, 'Fp2': 109.13}
[NeuroViz] TimeFreq已生成: 12620 chars
[NeuroViz] Topomap已生成: 59384 chars
[NeuroViz] Topomap触发: send_counter=2640, mod=0, topomap_module=<module 'processors.topomap' from '/Users/sss/projects/neuroviz/backend/processors/topomap.py'>
[NeuroViz] 进入40帧触发块: send_counter=2640
[NeuroViz] values={'Fp1': 51.03, 'Fp2': 26.1}
[NeuroViz] TimeFreq已生成: 12464 chars
[NeuroViz] Topomap已生成: 56048 chars
[NeuroViz] Topomap触发: send_counter=2680, mod=0, topomap_module=<module 'processors.topomap' from '/Users/sss/projects/neuroviz/backend/processors/topomap.py'>
[NeuroViz] 进入40帧触发块: send_counter=2680
[NeuroViz] values={'Fp1': 1.22, 'Fp2': 47.68}
[NeuroViz] TimeFreq已生成: 12468 chars
[NeuroViz] Topomap已生成: 55844 chars
[NeuroViz] Topomap触发: send_counter=2720, mod=0, topomap_module=<module 'processors.topomap' from '/Users/sss/projects/neuroviz/backend/processors/topomap.py'>
[NeuroViz] 进入40帧触发块: send_counter=2720
[NeuroViz] values={'Fp1': 49.09, 'Fp2': 103.77}
[NeuroViz] TimeFreq已生成: 12836 chars
[NeuroViz] Topomap已生成: 57332 chars
[NeuroViz] Topomap触发: send_counter=2760, mod=0, topomap_module=<module 'processors.topomap' from '/Users/sss/projects/neuroviz/backend/processors/topomap.py'>
[NeuroViz] 进入40帧触发块: send_counter=2760
[NeuroViz] values={'Fp1': 111.92, 'Fp2': 5.42}
[NeuroViz] TimeFreq已生成: 12320 chars
[NeuroViz] Topomap已生成: 56360 chars
[NeuroViz] Topomap触发: send_counter=2800, mod=0, topomap_module=<module 'processors.topomap' from '/Users/sss/projects/neuroviz/backend/processors/topomap.py'>
[NeuroViz] 进入40帧触发块: send_counter=2800
[NeuroViz] values={'Fp1': 59.77, 'Fp2': 84.48}
[NeuroViz] TimeFreq已生成: 12548 chars
[NeuroViz] Topomap已生成: 56756 chars
[NeuroViz] Topomap触发: send_counter=2840, mod=0, topomap_module=<module 'processors.topomap' from '/Users/sss/projects/neuroviz/backend/processors/topomap.py'>
[NeuroViz] 进入40帧触发块: send_counter=2840
[NeuroViz] values={'Fp1': 1.87, 'Fp2': 88.07}
[NeuroViz] TimeFreq已生成: 12512 chars
[NeuroViz] Topomap已生成: 58088 chars
[NeuroViz] Topomap触发: send_counter=2880, mod=0, topomap_module=<module 'processors.topomap' from '/Users/sss/projects/neuroviz/backend/processors/topomap.py'>
[NeuroViz] 进入40帧触发块: send_counter=2880
[NeuroViz] values={'Fp1': 42.16, 'Fp2': 2.74}
[NeuroViz] TimeFreq已生成: 12488 chars
[NeuroViz] Topomap已生成: 57192 chars
[NeuroViz] Topomap触发: send_counter=2920, mod=0, topomap_module=<module 'processors.topomap' from '/Users/sss/projects/neuroviz/backend/processors/topomap.py'>
[NeuroViz] 进入40帧触发块: send_counter=2920
[NeuroViz] values={'Fp1': 105.62, 'Fp2': 97.46}
[NeuroViz] TimeFreq已生成: 12644 chars
[NeuroViz] Topomap已生成: 58428 chars
[NeuroViz] Topomap触发: send_counter=2960, mod=0, topomap_module=<module 'processors.topomap' from '/Users/sss/projects/neuroviz/backend/processors/topomap.py'>
[NeuroViz] 进入40帧触发块: send_counter=2960
[NeuroViz] values={'Fp1': 68.1, 'Fp2': 50.16}
[NeuroViz] TimeFreq已生成: 12492 chars
[NeuroViz] Topomap已生成: 58628 chars
[NeuroViz] Topomap触发: send_counter=3000, mod=0, topomap_module=<module 'processors.topomap' from '/Users/sss/projects/neuroviz/backend/processors/topomap.py'>
[NeuroViz] 进入40帧触发块: send_counter=3000
[NeuroViz] values={'Fp1': 3.59, 'Fp2': 16.79}
[NeuroViz] TimeFreq已生成: 12716 chars
[NeuroViz] Topomap已生成: 56760 chars
[NeuroViz] Topomap触发: send_counter=3040, mod=0, topomap_module=<module 'processors.topomap' from '/Users/sss/projects/neuroviz/backend/processors/topomap.py'>
[NeuroViz] 进入40帧触发块: send_counter=3040
[NeuroViz] values={'Fp1': 37.68, 'Fp2': 108.86}
[NeuroViz] TimeFreq已生成: 12752 chars
[NeuroViz] Topomap已生成: 58048 chars
[NeuroViz] Topomap触发: send_counter=3080, mod=0, topomap_module=<module 'processors.topomap' from '/Users/sss/projects/neuroviz/backend/processors/topomap.py'>
[NeuroViz] 进入40帧触发块: send_counter=3080
[NeuroViz] values={'Fp1': 104.5, 'Fp2': 26.56}
[NeuroViz] TimeFreq已生成: 12396 chars
[NeuroViz] Topomap已生成: 58100 chars
[NeuroViz] Topomap触发: send_counter=3120, mod=0, topomap_module=<module 'processors.topomap' from '/Users/sss/projects/neuroviz/backend/processors/topomap.py'>
[NeuroViz] 进入40帧触发块: send_counter=3120
[NeuroViz] values={'Fp1': 77.61, 'Fp2': 41.64}
[NeuroViz] TimeFreq已生成: 12560 chars
[NeuroViz] Topomap已生成: 57004 chars
[NeuroViz] Topomap触发: send_counter=3160, mod=0, topomap_module=<module 'processors.topomap' from '/Users/sss/projects/neuroviz/backend/processors/topomap.py'>
[NeuroViz] 进入40帧触发块: send_counter=3160
[NeuroViz] values={'Fp1': 12.26, 'Fp2': 106.15}
[NeuroViz] TimeFreq已生成: 12476 chars
[NeuroViz] Topomap已生成: 56852 chars
[NeuroViz] Topomap触发: send_counter=3200, mod=0, topomap_module=<module 'processors.topomap' from '/Users/sss/projects/neuroviz/backend/processors/topomap.py'>
[NeuroViz] 进入40帧触发块: send_counter=3200
[NeuroViz] values={'Fp1': 19.85, 'Fp2': 7.69}
[NeuroViz] TimeFreq已生成: 12392 chars
[NeuroViz] Topomap已生成: 56272 chars
[NeuroViz] Topomap触发: send_counter=3240, mod=0, topomap_module=<module 'processors.topomap' from '/Users/sss/projects/neuroviz/backend/processors/topomap.py'>
[NeuroViz] 进入40帧触发块: send_counter=3240
[NeuroViz] values={'Fp1': 100.84, 'Fp2': 73.26}
[NeuroViz] TimeFreq已生成: 12580 chars
[NeuroViz] Topomap已生成: 56856 chars
[NeuroViz] Topomap触发: send_counter=3280, mod=0, topomap_module=<module 'processors.topomap' from '/Users/sss/projects/neuroviz/backend/processors/topomap.py'>
[NeuroViz] 进入40帧触发块: send_counter=3280
[NeuroViz] values={'Fp1': 96.8, 'Fp2': 81.04}
[NeuroViz] TimeFreq已生成: 12564 chars
[NeuroViz] Topomap已生成: 58372 chars
[NeuroViz] Topomap触发: send_counter=3320, mod=0, topomap_module=<module 'processors.topomap' from '/Users/sss/projects/neuroviz/backend/processors/topomap.py'>
[NeuroViz] 进入40帧触发块: send_counter=3320
[NeuroViz] values={'Fp1': 19.37, 'Fp2': 12.73}
[NeuroViz] TimeFreq已生成: 12740 chars
[NeuroViz] Topomap已生成: 56604 chars
[NeuroViz] Topomap触发: send_counter=3360, mod=0, topomap_module=<module 'processors.topomap' from '/Users/sss/projects/neuroviz/backend/processors/topomap.py'>
[NeuroViz] 进入40帧触发块: send_counter=3360
[NeuroViz] values={'Fp1': 16.51, 'Fp2': 109.84}
[NeuroViz] TimeFreq已生成: 12884 chars
[NeuroViz] Topomap已生成: 56884 chars
[NeuroViz] Topomap触发: send_counter=3400, mod=0, topomap_module=<module 'processors.topomap' from '/Users/sss/projects/neuroviz/backend/processors/topomap.py'>
[NeuroViz] 进入40帧触发块: send_counter=3400
[NeuroViz] values={'Fp1': 82.16, 'Fp2': 7.48}
[NeuroViz] TimeFreq已生成: 11916 chars
[NeuroViz] Topomap已生成: 57840 chars
[NeuroViz] Topomap触发: send_counter=3440, mod=0, topomap_module=<module 'processors.topomap' from '/Users/sss/projects/neuroviz/backend/processors/topomap.py'>
[NeuroViz] 进入40帧触发块: send_counter=3440
[NeuroViz] values={'Fp1': 110.78, 'Fp2': 93.95}
[NeuroViz] TimeFreq已生成: 12380 chars
[NeuroViz] Topomap已生成: 58928 chars
[NeuroViz] Topomap触发: send_counter=3480, mod=0, topomap_module=<module 'processors.topomap' from '/Users/sss/projects/neuroviz/backend/processors/topomap.py'>
[NeuroViz] 进入40帧触发块: send_counter=3480
[NeuroViz] values={'Fp1': 55.85, 'Fp2': 44.46}
[NeuroViz] TimeFreq已生成: 12496 chars
[NeuroViz] Topomap已生成: 56404 chars
[NeuroViz] Topomap触发: send_counter=3520, mod=0, topomap_module=<module 'processors.topomap' from '/Users/sss/projects/neuroviz/backend/processors/topomap.py'>
[NeuroViz] 进入40帧触发块: send_counter=3520
[NeuroViz] values={'Fp1': 8.57, 'Fp2': 29.88}
[NeuroViz] TimeFreq已生成: 12704 chars
[NeuroViz] Topomap已生成: 59748 chars
[NeuroViz] Topomap触发: send_counter=3560, mod=0, topomap_module=<module 'processors.topomap' from '/Users/sss/projects/neuroviz/backend/processors/topomap.py'>
[NeuroViz] 进入40帧触发块: send_counter=3560
[NeuroViz] values={'Fp1': 14.26, 'Fp2': 103.27}
[NeuroViz] TimeFreq已生成: 12500 chars
[NeuroViz] Topomap已生成: 58556 chars
[NeuroViz] Topomap触发: send_counter=3600, mod=0, topomap_module=<module 'processors.topomap' from '/Users/sss/projects/neuroviz/backend/processors/topomap.py'>
[NeuroViz] 进入40帧触发块: send_counter=3600
[NeuroViz] values={'Fp1': 68.91, 'Fp2': 1.78}
[NeuroViz] TimeFreq已生成: 12104 chars
[NeuroViz] Topomap已生成: 56680 chars
[NeuroViz] Topomap触发: send_counter=3640, mod=0, topomap_module=<module 'processors.topomap' from '/Users/sss/projects/neuroviz/backend/processors/topomap.py'>
[NeuroViz] 进入40帧触发块: send_counter=3640
[NeuroViz] values={'Fp1': 110.77, 'Fp2': 104.32}
[NeuroViz] TimeFreq已生成: 12548 chars
[NeuroViz] Topomap已生成: 57448 chars
[NeuroViz] Topomap触发: send_counter=3680, mod=0, topomap_module=<module 'processors.topomap' from '/Users/sss/projects/neuroviz/backend/processors/topomap.py'>
[NeuroViz] 进入40帧触发块: send_counter=3680
[NeuroViz] values={'Fp1': 75.96, 'Fp2': 28.2}
[NeuroViz] TimeFreq已生成: 12284 chars
[NeuroViz] Topomap已生成: 56428 chars
[NeuroViz] Topomap触发: send_counter=3720, mod=0, topomap_module=<module 'processors.topomap' from '/Users/sss/projects/neuroviz/backend/processors/topomap.py'>
[NeuroViz] 进入40帧触发块: send_counter=3720
[NeuroViz] values={'Fp1': 12.33, 'Fp2': 55.73}
[NeuroViz] TimeFreq已生成: 12528 chars
[NeuroViz] Topomap已生成: 58116 chars
[NeuroViz] Topomap触发: send_counter=3760, mod=0, topomap_module=<module 'processors.topomap' from '/Users/sss/projects/neuroviz/backend/processors/topomap.py'>
[NeuroViz] 进入40帧触发块: send_counter=3760
[NeuroViz] values={'Fp1': 3.96, 'Fp2': 82.94}
[NeuroViz] TimeFreq已生成: 12484 chars
[NeuroViz] Topomap已生成: 58264 chars
[NeuroViz] Topomap触发: send_counter=3800, mod=0, topomap_module=<module 'processors.topomap' from '/Users/sss/projects/neuroviz/backend/processors/topomap.py'>
[NeuroViz] 进入40帧触发块: send_counter=3800
[NeuroViz] values={'Fp1': 56.98, 'Fp2': 6.95}
[NeuroViz] TimeFreq已生成: 12532 chars
[NeuroViz] Topomap已生成: 55876 chars
[NeuroViz] Topomap触发: send_counter=3840, mod=0, topomap_module=<module 'processors.topomap' from '/Users/sss/projects/neuroviz/backend/processors/topomap.py'>
[NeuroViz] 进入40帧触发块: send_counter=3840
[NeuroViz] values={'Fp1': 105.15, 'Fp2': 108.08}
[NeuroViz] TimeFreq已生成: 12348 chars
[NeuroViz] Topomap已生成: 59512 chars
[NeuroViz] Topomap触发: send_counter=3880, mod=0, topomap_module=<module 'processors.topomap' from '/Users/sss/projects/neuroviz/backend/processors/topomap.py'>
[NeuroViz] 进入40帧触发块: send_counter=3880
[NeuroViz] values={'Fp1': 95.44, 'Fp2': 19.41}
[NeuroViz] TimeFreq已生成: 12124 chars
[NeuroViz] Topomap已生成: 57936 chars
[NeuroViz] Topomap触发: send_counter=3920, mod=0, topomap_module=<module 'processors.topomap' from '/Users/sss/projects/neuroviz/backend/processors/topomap.py'>
[NeuroViz] 进入40帧触发块: send_counter=3920
[NeuroViz] values={'Fp1': 24.94, 'Fp2': 75.79}
[NeuroViz] TimeFreq已生成: 12044 chars
[NeuroViz] Topomap已生成: 56608 chars
[NeuroViz] Topomap触发: send_counter=3960, mod=0, topomap_module=<module 'processors.topomap' from '/Users/sss/projects/neuroviz/backend/processors/topomap.py'>
[NeuroViz] 进入40帧触发块: send_counter=3960
[NeuroViz] values={'Fp1': 3.59, 'Fp2': 49.82}
[NeuroViz] TimeFreq已生成: 12864 chars
[NeuroViz] Topomap已生成: 56180 chars
[NeuroViz] Topomap触发: send_counter=4000, mod=0, topomap_module=<module 'processors.topomap' from '/Users/sss/projects/neuroviz/backend/processors/topomap.py'>
[NeuroViz] 进入40帧触发块: send_counter=4000
[NeuroViz] values={'Fp1': 37.68, 'Fp2': 16.87}
[NeuroViz] TimeFreq已生成: 12440 chars
[NeuroViz] Topomap已生成: 60148 chars
[NeuroViz] Topomap触发: send_counter=4040, mod=0, topomap_module=<module 'processors.topomap' from '/Users/sss/projects/neuroviz/backend/processors/topomap.py'>
[NeuroViz] 进入40帧触发块: send_counter=4040
[NeuroViz] values={'Fp1': 108.65, 'Fp2': 119.26}
[NeuroViz] TimeFreq已生成: 12408 chars
[NeuroViz] Topomap已生成: 56692 chars
[NeuroViz] Topomap触发: send_counter=4080, mod=0, topomap_module=<module 'processors.topomap' from '/Users/sss/projects/neuroviz/backend/processors/topomap.py'>
[NeuroViz] 进入40帧触发块: send_counter=4080
[NeuroViz] values={'Fp1': 87.02, 'Fp2': 1.45}
[NeuroViz] TimeFreq已生成: 12344 chars
[NeuroViz] Topomap已生成: 57664 chars
[NeuroViz] Topomap触发: send_counter=4120, mod=0, topomap_module=<module 'processors.topomap' from '/Users/sss/projects/neuroviz/backend/processors/topomap.py'>
[NeuroViz] 进入40帧触发块: send_counter=4120
[NeuroViz] values={'Fp1': 44.56, 'Fp2': 96.84}
[NeuroViz] TimeFreq已生成: 12484 chars
[NeuroViz] Topomap已生成: 56960 chars
[NeuroViz] Topomap触发: send_counter=4160, mod=0, topomap_module=<module 'processors.topomap' from '/Users/sss/projects/neuroviz/backend/processors/topomap.py'>
[NeuroViz] 进入40帧触发块: send_counter=4160
[NeuroViz] values={'Fp1': 2.0, 'Fp2': 43.84}
[NeuroViz] TimeFreq已生成: 12536 chars
[NeuroViz] Topomap已生成: 57688 chars
[NeuroViz] Topomap触发: send_counter=4200, mod=0, topomap_module=<module 'processors.topomap' from '/Users/sss/projects/neuroviz/backend/processors/topomap.py'>
[NeuroViz] 进入40帧触发块: send_counter=4200
[NeuroViz] values={'Fp1': 38.51, 'Fp2': 48.81}
[NeuroViz] TimeFreq已生成: 12504 chars
[NeuroViz] Topomap已生成: 56696 chars
[NeuroViz] Topomap触发: send_counter=4240, mod=0, topomap_module=<module 'processors.topomap' from '/Users/sss/projects/neuroviz/backend/processors/topomap.py'>
[NeuroViz] 进入40帧触发块: send_counter=4240
[NeuroViz] values={'Fp1': 88.58, 'Fp2': 94.53}
[NeuroViz] TimeFreq已生成: 12588 chars
[NeuroViz] Topomap已生成: 57568 chars
[NeuroViz] Topomap触发: send_counter=4280, mod=0, topomap_module=<module 'processors.topomap' from '/Users/sss/projects/neuroviz/backend/processors/topomap.py'>
[NeuroViz] 进入40帧触发块: send_counter=4280
[NeuroViz] values={'Fp1': 113.07, 'Fp2': 4.43}
[NeuroViz] TimeFreq已生成: 12208 chars
[NeuroViz] Topomap已生成: 56256 chars
[NeuroViz] Topomap触发: send_counter=4320, mod=0, topomap_module=<module 'processors.topomap' from '/Users/sss/projects/neuroviz/backend/processors/topomap.py'>
[NeuroViz] 进入40帧触发块: send_counter=4320
[NeuroViz] values={'Fp1': 49.39, 'Fp2': 108.41}
[NeuroViz] TimeFreq已生成: 12216 chars
[NeuroViz] Topomap已生成: 57376 chars
[NeuroViz] Topomap触发: send_counter=4360, mod=0, topomap_module=<module 'processors.topomap' from '/Users/sss/projects/neuroviz/backend/processors/topomap.py'>
[NeuroViz] 进入40帧触发块: send_counter=4360
[NeuroViz] values={'Fp1': 5.46, 'Fp2': 27.04}
[NeuroViz] TimeFreq已生成: 12448 chars
[NeuroViz] Topomap已生成: 59432 chars
[NeuroViz] Topomap触发: send_counter=4400, mod=0, topomap_module=<module 'processors.topomap' from '/Users/sss/projects/neuroviz/backend/processors/topomap.py'>
[NeuroViz] 进入40帧触发块: send_counter=4400
[NeuroViz] values={'Fp1': 22.2, 'Fp2': 60.39}
[NeuroViz] TimeFreq已生成: 12460 chars
[NeuroViz] Topomap已生成: 57908 chars
[NeuroViz] Topomap触发: send_counter=4440, mod=0, topomap_module=<module 'processors.topomap' from '/Users/sss/projects/neuroviz/backend/processors/topomap.py'>
[NeuroViz] 进入40帧触发块: send_counter=4440
[NeuroViz] values={'Fp1': 75.96, 'Fp2': 66.0}
[NeuroViz] TimeFreq已生成: 12296 chars
[NeuroViz] Topomap已生成: 56292 chars
[NeuroViz] Topomap触发: send_counter=4480, mod=0, topomap_module=<module 'processors.topomap' from '/Users/sss/projects/neuroviz/backend/processors/topomap.py'>
[NeuroViz] 进入40帧触发块: send_counter=4480
[NeuroViz] values={'Fp1': 112.34, 'Fp2': 8.06}
[NeuroViz] TimeFreq已生成: 12172 chars
[NeuroViz] Topomap已生成: 56328 chars
[NeuroViz] Topomap触发: send_counter=4520, mod=0, topomap_module=<module 'processors.topomap' from '/Users/sss/projects/neuroviz/backend/processors/topomap.py'>
[NeuroViz] 进入40帧触发块: send_counter=4520
[NeuroViz] values={'Fp1': 62.24, 'Fp2': 103.96}
[NeuroViz] TimeFreq已生成: 12316 chars
[NeuroViz] Topomap已生成: 58696 chars
[NeuroViz] Topomap触发: send_counter=4560, mod=0, topomap_module=<module 'processors.topomap' from '/Users/sss/projects/neuroviz/backend/processors/topomap.py'>
[NeuroViz] 进入40帧触发块: send_counter=4560
[NeuroViz] values={'Fp1': 8.95, 'Fp2': 7.47}
[NeuroViz] TimeFreq已生成: 12692 chars
[NeuroViz] Topomap已生成: 57744 chars
[NeuroViz] Topomap触发: send_counter=4600, mod=0, topomap_module=<module 'processors.topomap' from '/Users/sss/projects/neuroviz/backend/processors/topomap.py'>
[NeuroViz] 进入40帧触发块: send_counter=4600
[NeuroViz] values={'Fp1': 6.22, 'Fp2': 77.78}
[NeuroViz] TimeFreq已生成: 12400 chars
[NeuroViz] Topomap已生成: 57560 chars
[NeuroViz] Topomap触发: send_counter=4640, mod=0, topomap_module=<module 'processors.topomap' from '/Users/sss/projects/neuroviz/backend/processors/topomap.py'>
[NeuroViz] 进入40帧触发块: send_counter=4640
[NeuroViz] values={'Fp1': 69.21, 'Fp2': 50.69}
[NeuroViz] TimeFreq已生成: 12400 chars
[NeuroViz] Topomap已生成: 58840 chars
[NeuroViz] Topomap触发: send_counter=4680, mod=0, topomap_module=<module 'processors.topomap' from '/Users/sss/projects/neuroviz/backend/processors/topomap.py'>
[NeuroViz] 进入40帧触发块: send_counter=4680
[NeuroViz] values={'Fp1': 108.93, 'Fp2': 31.08}
[NeuroViz] TimeFreq已生成: 12572 chars
[NeuroViz] Topomap已生成: 57564 chars
[NeuroViz] Topomap触发: send_counter=4720, mod=0, topomap_module=<module 'processors.topomap' from '/Users/sss/projects/neuroviz/backend/processors/topomap.py'>
[NeuroViz] 进入40帧触发块: send_counter=4720
[NeuroViz] values={'Fp1': 77.67, 'Fp2': 101.47}
[NeuroViz] TimeFreq已生成: 11940 chars
[NeuroViz] Topomap已生成: 56732 chars
[NeuroViz] Topomap触发: send_counter=4760, mod=0, topomap_module=<module 'processors.topomap' from '/Users/sss/projects/neuroviz/backend/processors/topomap.py'>
[NeuroViz] 进入40帧触发块: send_counter=4760
[NeuroViz] values={'Fp1': 18.07, 'Fp2': 1.43}
[NeuroViz] TimeFreq已生成: 12484 chars
[NeuroViz] Topomap已生成: 57004 chars
[NeuroViz] Topomap触发: send_counter=4800, mod=0, topomap_module=<module 'processors.topomap' from '/Users/sss/projects/neuroviz/backend/processors/topomap.py'>
[NeuroViz] 进入40帧触发块: send_counter=4800
[NeuroViz] values={'Fp1': 1.93, 'Fp2': 94.0}
[NeuroViz] TimeFreq已生成: 13076 chars
[NeuroViz] Topomap已生成: 56240 chars
[NeuroViz] Topomap触发: send_counter=4840, mod=0, topomap_module=<module 'processors.topomap' from '/Users/sss/projects/neuroviz/backend/processors/topomap.py'>
[NeuroViz] 进入40帧触发块: send_counter=4840
[NeuroViz] values={'Fp1': 48.93, 'Fp2': 34.81}
[NeuroViz] TimeFreq已生成: 12408 chars
[NeuroViz] Topomap已生成: 57424 chars
[NeuroViz] Topomap触发: send_counter=4880, mod=0, topomap_module=<module 'processors.topomap' from '/Users/sss/projects/neuroviz/backend/processors/topomap.py'>
[NeuroViz] 进入40帧触发块: send_counter=4880
[NeuroViz] values={'Fp1': 95.01, 'Fp2': 45.01}
[NeuroViz] TimeFreq已生成: 12524 chars
[NeuroViz] Topomap已生成: 56368 chars
[NeuroViz] Topomap触发: send_counter=4920, mod=0, topomap_module=<module 'processors.topomap' from '/Users/sss/projects/neuroviz/backend/processors/topomap.py'>
[NeuroViz] 进入40帧触发块: send_counter=4920
[NeuroViz] values={'Fp1': 101.63, 'Fp2': 96.21}
[NeuroViz] TimeFreq已生成: 12528 chars
[NeuroViz] Topomap已生成: 56624 chars
[NeuroViz] Topomap触发: send_counter=4960, mod=0, topomap_module=<module 'processors.topomap' from '/Users/sss/projects/neuroviz/backend/processors/topomap.py'>
[NeuroViz] 进入40帧触发块: send_counter=4960
[NeuroViz] values={'Fp1': 36.24, 'Fp2': 2.92}
[NeuroViz] TimeFreq已生成: 12540 chars
[NeuroViz] Topomap已生成: 56964 chars
[NeuroViz] Topomap触发: send_counter=5000, mod=0, topomap_module=<module 'processors.topomap' from '/Users/sss/projects/neuroviz/backend/processors/topomap.py'>
[NeuroViz] 进入40帧触发块: send_counter=5000
[NeuroViz] values={'Fp1': 0.66, 'Fp2': 106.13}
[NeuroViz] TimeFreq已生成: 12524 chars
[NeuroViz] Topomap已生成: 56724 chars
[NeuroViz] Topomap触发: send_counter=5040, mod=0, topomap_module=<module 'processors.topomap' from '/Users/sss/projects/neuroviz/backend/processors/topomap.py'>
[NeuroViz] 进入40帧触发块: send_counter=5040
[NeuroViz] values={'Fp1': 26.85, 'Fp2': 24.78}
[NeuroViz] TimeFreq已生成: 12432 chars
[NeuroViz] Topomap已生成: 61108 chars
[NeuroViz] Topomap触发: send_counter=5080, mod=0, topomap_module=<module 'processors.topomap' from '/Users/sss/projects/neuroviz/backend/processors/topomap.py'>
[NeuroViz] 进入40帧触发块: send_counter=5080
[NeuroViz] values={'Fp1': 88.51, 'Fp2': 62.82}
[NeuroViz] TimeFreq已生成: 12556 chars
[NeuroViz] Topomap已生成: 56404 chars
[NeuroViz] Topomap触发: send_counter=5120, mod=0, topomap_module=<module 'processors.topomap' from '/Users/sss/projects/neuroviz/backend/processors/topomap.py'>
[NeuroViz] 进入40帧触发块: send_counter=5120
[NeuroViz] values={'Fp1': 97.88, 'Fp2': 75.79}
[NeuroViz] TimeFreq已生成: 12144 chars
[NeuroViz] Topomap已生成: 60488 chars
[NeuroViz] Topomap触发: send_counter=5160, mod=0, topomap_module=<module 'processors.topomap' from '/Users/sss/projects/neuroviz/backend/processors/topomap.py'>
[NeuroViz] 进入40帧触发块: send_counter=5160
[NeuroViz] values={'Fp1': 49.13, 'Fp2': 10.93}
[NeuroViz] TimeFreq已生成: 12500 chars
[NeuroViz] Topomap已生成: 57272 chars
[NeuroViz] Topomap触发: send_counter=5200, mod=0, topomap_module=<module 'processors.topomap' from '/Users/sss/projects/neuroviz/backend/processors/topomap.py'>
[NeuroViz] 进入40帧触发块: send_counter=5200
[NeuroViz] values={'Fp1': 1.24, 'Fp2': 107.98}
[NeuroViz] TimeFreq已生成: 12384 chars
[NeuroViz] Topomap已生成: 56672 chars
[NeuroViz] Topomap触发: send_counter=5240, mod=0, topomap_module=<module 'processors.topomap' from '/Users/sss/projects/neuroviz/backend/processors/topomap.py'>
[NeuroViz] 进入40帧触发块: send_counter=5240
[NeuroViz] values={'Fp1': 30.01, 'Fp2': 4.69}
[NeuroViz] TimeFreq已生成: 12632 chars
[NeuroViz] Topomap已生成: 56256 chars
[NeuroViz] Topomap触发: send_counter=5280, mod=0, topomap_module=<module 'processors.topomap' from '/Users/sss/projects/neuroviz/backend/processors/topomap.py'>
[NeuroViz] 进入40帧触发块: send_counter=5280
[NeuroViz] values={'Fp1': 83.48, 'Fp2': 87.68}
[NeuroViz] TimeFreq已生成: 12164 chars
[NeuroViz] Topomap已生成: 60860 chars
[NeuroViz] Topomap触发: send_counter=5320, mod=0, topomap_module=<module 'processors.topomap' from '/Users/sss/projects/neuroviz/backend/processors/topomap.py'>
[NeuroViz] 进入40帧触发块: send_counter=5320
[NeuroViz] values={'Fp1': 108.86, 'Fp2': 54.75}
[NeuroViz] TimeFreq已生成: 11984 chars
[NeuroViz] Topomap已生成: 56556 chars
[NeuroViz] Topomap触发: send_counter=5360, mod=0, topomap_module=<module 'processors.topomap' from '/Users/sss/projects/neuroviz/backend/processors/topomap.py'>
[NeuroViz] 进入40帧触发块: send_counter=5360
[NeuroViz] values={'Fp1': 57.94, 'Fp2': 34.33}
[NeuroViz] TimeFreq已生成: 12464 chars
[NeuroViz] Topomap已生成: 55936 chars
[NeuroViz] Topomap触发: send_counter=5400, mod=0, topomap_module=<module 'processors.topomap' from '/Users/sss/projects/neuroviz/backend/processors/topomap.py'>
[NeuroViz] 进入40帧触发块: send_counter=5400
[NeuroViz] values={'Fp1': 11.53, 'Fp2': 107.03}
[NeuroViz] TimeFreq已生成: 12400 chars
[NeuroViz] Topomap已生成: 56572 chars
[NeuroViz] Topomap触发: send_counter=5440, mod=0, topomap_module=<module 'processors.topomap' from '/Users/sss/projects/neuroviz/backend/processors/topomap.py'>
[NeuroViz] 进入40帧触发块: send_counter=5440
[NeuroViz] values={'Fp1': 12.79, 'Fp2': 1.15}
[NeuroViz] TimeFreq已生成: 12408 chars
[NeuroViz] Topomap已生成: 55548 chars
[NeuroViz] Topomap触发: send_counter=5480, mod=0, topomap_module=<module 'processors.topomap' from '/Users/sss/projects/neuroviz/backend/processors/topomap.py'>
[NeuroViz] 进入40帧触发块: send_counter=5480
[NeuroViz] values={'Fp1': 70.66, 'Fp2': 99.53}
[NeuroViz] TimeFreq已生成: 12592 chars
[NeuroViz] Topomap已生成: 56840 chars
[NeuroViz] Topomap触发: send_counter=5520, mod=0, topomap_module=<module 'processors.topomap' from '/Users/sss/projects/neuroviz/backend/processors/topomap.py'>
[NeuroViz] 进入40帧触发块: send_counter=5520
[NeuroViz] values={'Fp1': 108.1, 'Fp2': 37.22}
[NeuroViz] TimeFreq已生成: 11900 chars
[NeuroViz] Topomap已生成: 57920 chars
[NeuroViz] Topomap触发: send_counter=5560, mod=0, topomap_module=<module 'processors.topomap' from '/Users/sss/projects/neuroviz/backend/processors/topomap.py'>
[NeuroViz] 进入40帧触发块: send_counter=5560
[NeuroViz] values={'Fp1': 71.55, 'Fp2': 44.65}
[NeuroViz] TimeFreq已生成: 12324 chars
[NeuroViz] Topomap已生成: 56344 chars
[NeuroViz] Topomap触发: send_counter=5600, mod=0, topomap_module=<module 'processors.topomap' from '/Users/sss/projects/neuroviz/backend/processors/topomap.py'>
[NeuroViz] 进入40帧触发块: send_counter=5600
[NeuroViz] values={'Fp1': 13.37, 'Fp2': 84.98}
[NeuroViz] TimeFreq已生成: 12512 chars
[NeuroViz] Topomap已生成: 57660 chars
[NeuroViz] Topomap触发: send_counter=5640, mod=0, topomap_module=<module 'processors.topomap' from '/Users/sss/projects/neuroviz/backend/processors/topomap.py'>
[NeuroViz] 进入40帧触发块: send_counter=5640
[NeuroViz] values={'Fp1': 4.46, 'Fp2': 3.62}
[NeuroViz] TimeFreq已生成: 12504 chars
[NeuroViz] Topomap已生成: 57628 chars
[NeuroViz] Topomap触发: send_counter=5680, mod=0, topomap_module=<module 'processors.topomap' from '/Users/sss/projects/neuroviz/backend/processors/topomap.py'>
[NeuroViz] 进入40帧触发块: send_counter=5680
[NeuroViz] values={'Fp1': 57.64, 'Fp2': 105.72}
[NeuroViz] TimeFreq已生成: 12592 chars
[NeuroViz] Topomap已生成: 56928 chars
[NeuroViz] Topomap触发: send_counter=5720, mod=0, topomap_module=<module 'processors.topomap' from '/Users/sss/projects/neuroviz/backend/processors/topomap.py'>
[NeuroViz] 进入40帧触发块: send_counter=5720
[NeuroViz] values={'Fp1': 112.67, 'Fp2': 11.36}
[NeuroViz] TimeFreq已生成: 12500 chars
[NeuroViz] Topomap已生成: 56320 chars
[NeuroViz] Topomap触发: send_counter=5760, mod=0, topomap_module=<module 'processors.topomap' from '/Users/sss/projects/neuroviz/backend/processors/topomap.py'>
[NeuroViz] 进入40帧触发块: send_counter=5760
[NeuroViz] values={'Fp1': 81.32, 'Fp2': 62.52}
[NeuroViz] TimeFreq已生成: 12256 chars
[NeuroViz] Topomap已生成: 58784 chars
[NeuroViz] Topomap触发: send_counter=5800, mod=0, topomap_module=<module 'processors.topomap' from '/Users/sss/projects/neuroviz/backend/processors/topomap.py'>
[NeuroViz] 进入40帧触发块: send_counter=5800
[NeuroViz] values={'Fp1': 30.3, 'Fp2': 75.68}
[NeuroViz] TimeFreq已生成: 12380 chars
[NeuroViz] Topomap已生成: 56124 chars
[NeuroViz] Topomap触发: send_counter=5840, mod=0, topomap_module=<module 'processors.topomap' from '/Users/sss/projects/neuroviz/backend/processors/topomap.py'>
[NeuroViz] 进入40帧触发块: send_counter=5840
[NeuroViz] values={'Fp1': 2.88, 'Fp2': 19.81}
[NeuroViz] TimeFreq已生成: 12764 chars
[NeuroViz] Topomap已生成: 57380 chars
[NeuroViz] Topomap触发: send_counter=5880, mod=0, topomap_module=<module 'processors.topomap' from '/Users/sss/projects/neuroviz/backend/processors/topomap.py'>
[NeuroViz] 进入40帧触发块: send_counter=5880
[NeuroViz] values={'Fp1': 36.93, 'Fp2': 102.29}
[NeuroViz] TimeFreq已生成: 12520 chars
[NeuroViz] Topomap已生成: 57892 chars
[NeuroViz] Topomap触发: send_counter=5920, mod=0, topomap_module=<module 'processors.topomap' from '/Users/sss/projects/neuroviz/backend/processors/topomap.py'>
[NeuroViz] 进入40帧触发块: send_counter=5920
[NeuroViz] values={'Fp1': 96.09, 'Fp2': 4.63}
[NeuroViz] TimeFreq已生成: 12300 chars
[NeuroViz] Topomap已生成: 55840 chars
[NeuroViz] Topomap触发: send_counter=5960, mod=0, topomap_module=<module 'processors.topomap' from '/Users/sss/projects/neuroviz/backend/processors/topomap.py'>
[NeuroViz] 进入40帧触发块: send_counter=5960
[NeuroViz] values={'Fp1': 104.22, 'Fp2': 99.29}
[NeuroViz] TimeFreq已生成: 12528 chars
[NeuroViz] Topomap已生成: 56724 chars
[NeuroViz] Topomap触发: send_counter=6000, mod=0, topomap_module=<module 'processors.topomap' from '/Users/sss/projects/neuroviz/backend/processors/topomap.py'>
[NeuroViz] 进入40帧触发块: send_counter=6000
[NeuroViz] values={'Fp1': 38.96, 'Fp2': 49.3}
[NeuroViz] TimeFreq已生成: 12404 chars
[NeuroViz] Topomap已生成: 56688 chars
[NeuroViz] Topomap触发: send_counter=6040, mod=0, topomap_module=<module 'processors.topomap' from '/Users/sss/projects/neuroviz/backend/processors/topomap.py'>
[NeuroViz] 进入40帧触发块: send_counter=6040
[NeuroViz] values={'Fp1': 0.66, 'Fp2': 31.49}
[NeuroViz] TimeFreq已生成: 12644 chars
[NeuroViz] Topomap已生成: 56724 chars
[NeuroViz] Topomap触发: send_counter=6080, mod=0, topomap_module=<module 'processors.topomap' from '/Users/sss/projects/neuroviz/backend/processors/topomap.py'>
[NeuroViz] 进入40帧触发块: send_counter=6080
[NeuroViz] values={'Fp1': 31.72, 'Fp2': 90.73}
[NeuroViz] TimeFreq已生成: 12460 chars
[NeuroViz] Topomap已生成: 57120 chars
[NeuroViz] Topomap触发: send_counter=6120, mod=0, topomap_module=<module 'processors.topomap' from '/Users/sss/projects/neuroviz/backend/processors/topomap.py'>
[NeuroViz] 进入40帧触发块: send_counter=6120
[NeuroViz] values={'Fp1': 83.44, 'Fp2': 1.11}
[NeuroViz] TimeFreq已生成: 12344 chars
[NeuroViz] Topomap已生成: 57808 chars
[NeuroViz] Topomap触发: send_counter=6160, mod=0, topomap_module=<module 'processors.topomap' from '/Users/sss/projects/neuroviz/backend/processors/topomap.py'>
[NeuroViz] 进入40帧触发块: send_counter=6160
[NeuroViz] values={'Fp1': 107.88, 'Fp2': 104.63}
[NeuroViz] TimeFreq已生成: 12504 chars
[NeuroViz] Topomap已生成: 58996 chars
[NeuroViz] Topomap触发: send_counter=6200, mod=0, topomap_module=<module 'processors.topomap' from '/Users/sss/projects/neuroviz/backend/processors/topomap.py'>
[NeuroViz] 进入40帧触发块: send_counter=6200
[NeuroViz] values={'Fp1': 48.06, 'Fp2': 22.19}
[NeuroViz] TimeFreq已生成: 11956 chars
[NeuroViz] Topomap已生成: 56284 chars
[NeuroViz] Topomap触发: send_counter=6240, mod=0, topomap_module=<module 'processors.topomap' from '/Users/sss/projects/neuroviz/backend/processors/topomap.py'>
[NeuroViz] 进入40帧触发块: send_counter=6240
[NeuroViz] values={'Fp1': 5.43, 'Fp2': 52.35}
[NeuroViz] TimeFreq已生成: 12460 chars
[NeuroViz] Topomap已生成: 56452 chars
[NeuroViz] Topomap触发: send_counter=6280, mod=0, topomap_module=<module 'processors.topomap' from '/Users/sss/projects/neuroviz/backend/processors/topomap.py'>
[NeuroViz] 进入40帧触发块: send_counter=6280
[NeuroViz] values={'Fp1': 19.3, 'Fp2': 84.85}
[NeuroViz] TimeFreq已生成: 12568 chars
[NeuroViz] Topomap已生成: 57784 chars
[NeuroViz] Topomap触发: send_counter=6320, mod=0, topomap_module=<module 'processors.topomap' from '/Users/sss/projects/neuroviz/backend/processors/topomap.py'>
[NeuroViz] 进入40帧触发块: send_counter=6320
[NeuroViz] values={'Fp1': 73.09, 'Fp2': 4.59}
[NeuroViz] TimeFreq已生成: 12552 chars
[NeuroViz] Topomap已生成: 57224 chars
[NeuroViz] Topomap触发: send_counter=6360, mod=0, topomap_module=<module 'processors.topomap' from '/Users/sss/projects/neuroviz/backend/processors/topomap.py'>
[NeuroViz] 进入40帧触发块: send_counter=6360
[NeuroViz] values={'Fp1': 106.15, 'Fp2': 107.13}
[NeuroViz] TimeFreq已生成: 12572 chars
[NeuroViz] Topomap已生成: 58732 chars
[NeuroViz] Topomap触发: send_counter=6400, mod=0, topomap_module=<module 'processors.topomap' from '/Users/sss/projects/neuroviz/backend/processors/topomap.py'>
[NeuroViz] 进入40帧触发块: send_counter=6400
[NeuroViz] values={'Fp1': 69.88, 'Fp2': 13.12}
[NeuroViz] TimeFreq已生成: 12568 chars
[NeuroViz] Topomap已生成: 56472 chars
[NeuroViz] Topomap触发: send_counter=6440, mod=0, topomap_module=<module 'processors.topomap' from '/Users/sss/projects/neuroviz/backend/processors/topomap.py'>
[NeuroViz] 进入40帧触发块: send_counter=6440
[NeuroViz] values={'Fp1': 16.28, 'Fp2': 64.02}
[NeuroViz] TimeFreq已生成: 12408 chars
[NeuroViz] Topomap已生成: 56728 chars
[NeuroViz] Topomap触发: send_counter=6480, mod=0, topomap_module=<module 'processors.topomap' from '/Users/sss/projects/neuroviz/backend/processors/topomap.py'>
[NeuroViz] 进入40帧触发块: send_counter=6480
[NeuroViz] values={'Fp1': 5.18, 'Fp2': 76.65}
[NeuroViz] TimeFreq已生成: 12464 chars
[NeuroViz] Topomap已生成: 57504 chars
[NeuroViz] Topomap触发: send_counter=6520, mod=0, topomap_module=<module 'processors.topomap' from '/Users/sss/projects/neuroviz/backend/processors/topomap.py'>
[NeuroViz] 进入40帧触发块: send_counter=6520
[NeuroViz] values={'Fp1': 75.81, 'Fp2': 5.63}
[NeuroViz] TimeFreq已生成: 12392 chars
[NeuroViz] Topomap已生成: 57268 chars
[NeuroViz] Topomap触发: send_counter=6560, mod=0, topomap_module=<module 'processors.topomap' from '/Users/sss/projects/neuroviz/backend/processors/topomap.py'>
[NeuroViz] 进入40帧触发块: send_counter=6560
[NeuroViz] values={'Fp1': 112.94, 'Fp2': 91.12}
[NeuroViz] TimeFreq已生成: 12520 chars
[NeuroViz] Topomap已生成: 60640 chars
[NeuroViz] Topomap触发: send_counter=6600, mod=0, topomap_module=<module 'processors.topomap' from '/Users/sss/projects/neuroviz/backend/processors/topomap.py'>
[NeuroViz] 进入40帧触发块: send_counter=6600
[NeuroViz] values={'Fp1': 87.95, 'Fp2': 87.64}
[NeuroViz] TimeFreq已生成: 11940 chars
[NeuroViz] Topomap已生成: 60588 chars
[NeuroViz] Topomap触发: send_counter=6640, mod=0, topomap_module=<module 'processors.topomap' from '/Users/sss/projects/neuroviz/backend/processors/topomap.py'>
[NeuroViz] 进入40帧触发块: send_counter=6640
[NeuroViz] values={'Fp1': 20.52, 'Fp2': 1.44}
[NeuroViz] TimeFreq已生成: 12376 chars
[NeuroViz] Topomap已生成: 58436 chars
[NeuroViz] Topomap触发: send_counter=6680, mod=0, topomap_module=<module 'processors.topomap' from '/Users/sss/projects/neuroviz/backend/processors/topomap.py'>
[NeuroViz] 进入40帧触发块: send_counter=6680
[NeuroViz] values={'Fp1': 2.05, 'Fp2': 67.63}
[NeuroViz] TimeFreq已生成: 12464 chars
[NeuroViz] Topomap已生成: 57188 chars
[NeuroViz] Topomap触发: send_counter=6720, mod=0, topomap_module=<module 'processors.topomap' from '/Users/sss/projects/neuroviz/backend/processors/topomap.py'>
[NeuroViz] 进入40帧触发块: send_counter=6720
[NeuroViz] values={'Fp1': 45.58, 'Fp2': 98.82}
[NeuroViz] TimeFreq已生成: 12476 chars
[NeuroViz] Topomap已生成: 56996 chars
[NeuroViz] Topomap触发: send_counter=6760, mod=0, topomap_module=<module 'processors.topomap' from '/Users/sss/projects/neuroviz/backend/processors/topomap.py'>
[NeuroViz] 进入40帧触发块: send_counter=6760
[NeuroViz] values={'Fp1': 100.46, 'Fp2': 6.92}
[NeuroViz] TimeFreq已生成: 12592 chars
[NeuroViz] Topomap已生成: 56492 chars
[NeuroViz] Topomap触发: send_counter=6800, mod=0, topomap_module=<module 'processors.topomap' from '/Users/sss/projects/neuroviz/backend/processors/topomap.py'>
[NeuroViz] 进入40帧触发块: send_counter=6800
[NeuroViz] values={'Fp1': 94.78, 'Fp2': 43.4}
[NeuroViz] TimeFreq已生成: 11908 chars
[NeuroViz] Topomap已生成: 56488 chars
[NeuroViz] Topomap触发: send_counter=6840, mod=0, topomap_module=<module 'processors.topomap' from '/Users/sss/projects/neuroviz/backend/processors/topomap.py'>
[NeuroViz] 进入40帧触发块: send_counter=6840
[NeuroViz] values={'Fp1': 5.96, 'Fp2': 106.15}
[NeuroViz] TimeFreq已生成: 12500 chars
[NeuroViz] Topomap已生成: 56620 chars
[NeuroViz] Topomap触发: send_counter=6880, mod=0, topomap_module=<module 'processors.topomap' from '/Users/sss/projects/neuroviz/backend/processors/topomap.py'>
[NeuroViz] 进入40帧触发块: send_counter=6880
[NeuroViz] values={'Fp1': 48.59, 'Fp2': 16.4}
[NeuroViz] TimeFreq已生成: 12460 chars
[NeuroViz] Topomap已生成: 56552 chars
[NeuroViz] Topomap触发: send_counter=6920, mod=0, topomap_module=<module 'processors.topomap' from '/Users/sss/projects/neuroviz/backend/processors/topomap.py'>
[NeuroViz] 进入40帧触发块: send_counter=6920
[NeuroViz] values={'Fp1': 108.28, 'Fp2': 31.85}
[NeuroViz] TimeFreq已生成: 12480 chars
[NeuroViz] Topomap已生成: 57760 chars
[NeuroViz] Topomap触发: send_counter=6960, mod=0, topomap_module=<module 'processors.topomap' from '/Users/sss/projects/neuroviz/backend/processors/topomap.py'>
[NeuroViz] 进入40帧触发块: send_counter=6960
[NeuroViz] values={'Fp1': 39.45, 'Fp2': 107.72}
[NeuroViz] TimeFreq已生成: 12652 chars
[NeuroViz] Topomap已生成: 58068 chars
[NeuroViz] Topomap触发: send_counter=7000, mod=0, topomap_module=<module 'processors.topomap' from '/Users/sss/projects/neuroviz/backend/processors/topomap.py'>
[NeuroViz] 进入40帧触发块: send_counter=7000
[NeuroViz] values={'Fp1': 11.24, 'Fp2': 33.46}
[NeuroViz] TimeFreq已生成: 12540 chars
[NeuroViz] Topomap已生成: 60108 chars
[NeuroViz] Topomap触发: send_counter=7040, mod=0, topomap_module=<module 'processors.topomap' from '/Users/sss/projects/neuroviz/backend/processors/topomap.py'>
[NeuroViz] 进入40帧触发块: send_counter=7040
[NeuroViz] values={'Fp1': 90.81, 'Fp2': 12.62}
[NeuroViz] TimeFreq已生成: 12348 chars
[NeuroViz] Topomap已生成: 57912 chars
[NeuroViz] Topomap触发: send_counter=7080, mod=0, topomap_module=<module 'processors.topomap' from '/Users/sss/projects/neuroviz/backend/processors/topomap.py'>
[NeuroViz] 进入40帧触发块: send_counter=7080
[NeuroViz] values={'Fp1': 81.15, 'Fp2': 110.76}
[NeuroViz] TimeFreq已生成: 12416 chars
[NeuroViz] Topomap已生成: 57188 chars
[NeuroViz] Topomap触发: send_counter=7120, mod=0, topomap_module=<module 'processors.topomap' from '/Users/sss/projects/neuroviz/backend/processors/topomap.py'>
[NeuroViz] 进入40帧触发块: send_counter=7120
[NeuroViz] values={'Fp1': 1.26, 'Fp2': 49.15}
[NeuroViz] TimeFreq已生成: 12384 chars
[NeuroViz] Topomap已生成: 55936 chars
[NeuroViz] Topomap触发: send_counter=7160, mod=0, topomap_module=<module 'processors.topomap' from '/Users/sss/projects/neuroviz/backend/processors/topomap.py'>
[NeuroViz] 进入40帧触发块: send_counter=7160
[NeuroViz] values={'Fp1': 54.2, 'Fp2': 3.21}
[NeuroViz] TimeFreq已生成: 12608 chars
[NeuroViz] Topomap已生成: 56124 chars
[NeuroViz] Topomap触发: send_counter=7200, mod=0, topomap_module=<module 'processors.topomap' from '/Users/sss/projects/neuroviz/backend/processors/topomap.py'>
[NeuroViz] 进入40帧触发块: send_counter=7200
[NeuroViz] values={'Fp1': 106.46, 'Fp2': 95.08}
[NeuroViz] TimeFreq已生成: 12416 chars
[NeuroViz] Topomap已生成: 57212 chars
[NeuroViz] Topomap触发: send_counter=7240, mod=0, topomap_module=<module 'processors.topomap' from '/Users/sss/projects/neuroviz/backend/processors/topomap.py'>
[NeuroViz] 进入40帧触发块: send_counter=7240
[NeuroViz] values={'Fp1': 22.85, 'Fp2': 78.1}
[NeuroViz] TimeFreq已生成: 12400 chars
[NeuroViz] Topomap已生成: 56648 chars
[NeuroViz] Topomap触发: send_counter=7280, mod=0, topomap_module=<module 'processors.topomap' from '/Users/sss/projects/neuroviz/backend/processors/topomap.py'>
[NeuroViz] 进入40帧触发块: send_counter=7280
[NeuroViz] values={'Fp1': 12.62, 'Fp2': 1.67}
[NeuroViz] TimeFreq已生成: 12576 chars
[NeuroViz] Topomap已生成: 55552 chars
[NeuroViz] Topomap触发: send_counter=7320, mod=0, topomap_module=<module 'processors.topomap' from '/Users/sss/projects/neuroviz/backend/processors/topomap.py'>
[NeuroViz] 进入40帧触发块: send_counter=7320
[NeuroViz] values={'Fp1': 109.65, 'Fp2': 79.01}
[NeuroViz] TimeFreq已生成: 12184 chars
[NeuroViz] Topomap已生成: 57280 chars
[NeuroViz] Topomap触发: send_counter=7360, mod=0, topomap_module=<module 'processors.topomap' from '/Users/sss/projects/neuroviz/backend/processors/topomap.py'>
[NeuroViz] 进入40帧触发块: send_counter=7360
[NeuroViz] values={'Fp1': 60.67, 'Fp2': 91.54}
[NeuroViz] TimeFreq已生成: 12500 chars
[NeuroViz] Topomap已生成: 57372 chars
[NeuroViz] Topomap触发: send_counter=7400, mod=0, topomap_module=<module 'processors.topomap' from '/Users/sss/projects/neuroviz/backend/processors/topomap.py'>
[NeuroViz] 进入40帧触发块: send_counter=7400
[NeuroViz] values={'Fp1': 0.5, 'Fp2': 4.74}
[NeuroViz] TimeFreq已生成: 12436 chars
[NeuroViz] Topomap已生成: 58340 chars
[NeuroViz] Topomap触发: send_counter=7440, mod=0, topomap_module=<module 'processors.topomap' from '/Users/sss/projects/neuroviz/backend/processors/topomap.py'>
[NeuroViz] 进入40帧触发块: send_counter=7440
[NeuroViz] values={'Fp1': 65.79, 'Fp2': 55.29}
[NeuroViz] TimeFreq已生成: 12448 chars
[NeuroViz] Topomap已生成: 56512 chars
[NeuroViz] Topomap触发: send_counter=7480, mod=0, topomap_module=<module 'processors.topomap' from '/Users/sss/projects/neuroviz/backend/processors/topomap.py'>
[NeuroViz] 进入40帧触发块: send_counter=7480
[NeuroViz] values={'Fp1': 100.44, 'Fp2': 104.77}
[NeuroViz] TimeFreq已生成: 12544 chars
[NeuroViz] Topomap已生成: 61400 chars
[NeuroViz] Topomap触发: send_counter=7520, mod=0, topomap_module=<module 'processors.topomap' from '/Users/sss/projects/neuroviz/backend/processors/topomap.py'>
[NeuroViz] 进入40帧触发块: send_counter=7520
[NeuroViz] values={'Fp1': 18.31, 'Fp2': 20.55}
[NeuroViz] TimeFreq已生成: 12864 chars
[NeuroViz] Topomap已生成: 61932 chars
[NeuroViz] Topomap触发: send_counter=7560, mod=0, topomap_module=<module 'processors.topomap' from '/Users/sss/projects/neuroviz/backend/processors/topomap.py'>
[NeuroViz] 进入40帧触发块: send_counter=7560
[NeuroViz] values={'Fp1': 26.22, 'Fp2': 36.95}
[NeuroViz] TimeFreq已生成: 12460 chars
[NeuroViz] Topomap已生成: 56956 chars
[NeuroViz] Topomap触发: send_counter=7600, mod=0, topomap_module=<module 'processors.topomap' from '/Users/sss/projects/neuroviz/backend/processors/topomap.py'>
[NeuroViz] 进入40帧触发块: send_counter=7600
[NeuroViz] values={'Fp1': 104.93, 'Fp2': 103.34}
[NeuroViz] TimeFreq已生成: 12556 chars
[NeuroViz] Topomap已生成: 60868 chars
[NeuroViz] Topomap触发: send_counter=7640, mod=0, topomap_module=<module 'processors.topomap' from '/Users/sss/projects/neuroviz/backend/processors/topomap.py'>
[NeuroViz] 进入40帧触发块: send_counter=7640
[NeuroViz] values={'Fp1': 59.64, 'Fp2': 34.33}
[NeuroViz] TimeFreq已生成: 12528 chars
[NeuroViz] Topomap已生成: 55764 chars
[NeuroViz] Topomap触发: send_counter=7680, mod=0, topomap_module=<module 'processors.topomap' from '/Users/sss/projects/neuroviz/backend/processors/topomap.py'>
[NeuroViz] 进入40帧触发块: send_counter=7680
[NeuroViz] values={'Fp1': 1.9, 'Fp2': 15.21}
[NeuroViz] TimeFreq已生成: 12464 chars
[NeuroViz] Topomap已生成: 56472 chars
[NeuroViz] Topomap触发: send_counter=7720, mod=0, topomap_module=<module 'processors.topomap' from '/Users/sss/projects/neuroviz/backend/processors/topomap.py'>
[NeuroViz] 进入40帧触发块: send_counter=7720
[NeuroViz] values={'Fp1': 87.61, 'Fp2': 112.24}
[NeuroViz] TimeFreq已生成: 12012 chars
[NeuroViz] Topomap已生成: 56852 chars
[NeuroViz] Topomap触发: send_counter=7760, mod=0, topomap_module=<module 'processors.topomap' from '/Users/sss/projects/neuroviz/backend/processors/topomap.py'>
[NeuroViz] 进入40帧触发块: send_counter=7760
[NeuroViz] values={'Fp1': 94.82, 'Fp2': 56.14}
[NeuroViz] TimeFreq已生成: 12348 chars
[NeuroViz] Topomap已生成: 57492 chars
[NeuroViz] Topomap触发: send_counter=7800, mod=0, topomap_module=<module 'processors.topomap' from '/Users/sss/projects/neuroviz/backend/processors/topomap.py'>
[NeuroViz] 进入40帧触发块: send_counter=7800
[NeuroViz] values={'Fp1': 7.59, 'Fp2': 5.7}
[NeuroViz] TimeFreq已生成: 12476 chars
[NeuroViz] Topomap已生成: 58744 chars
[NeuroViz] Topomap触发: send_counter=7840, mod=0, topomap_module=<module 'processors.topomap' from '/Users/sss/projects/neuroviz/backend/processors/topomap.py'>
[NeuroViz] 进入40帧触发块: send_counter=7840
[NeuroViz] values={'Fp1': 28.12, 'Fp2': 86.21}
[NeuroViz] TimeFreq已生成: 12412 chars
[NeuroViz] Topomap已生成: 57420 chars
[NeuroViz] Topomap触发: send_counter=7880, mod=0, topomap_module=<module 'processors.topomap' from '/Users/sss/projects/neuroviz/backend/processors/topomap.py'>
[NeuroViz] 进入40帧触发块: send_counter=7880
[NeuroViz] values={'Fp1': 108.73, 'Fp2': 77.94}
[NeuroViz] TimeFreq已生成: 12564 chars
[NeuroViz] Topomap已生成: 57276 chars
[NeuroViz] Topomap触发: send_counter=7920, mod=0, topomap_module=<module 'processors.topomap' from '/Users/sss/projects/neuroviz/backend/processors/topomap.py'>
[NeuroViz] 进入40帧触发块: send_counter=7920
[NeuroViz] values={'Fp1': 41.52, 'Fp2': 2.17}
[NeuroViz] TimeFreq已生成: 12480 chars
[NeuroViz] Topomap已生成: 57256 chars
[NeuroViz] Topomap触发: send_counter=7960, mod=0, topomap_module=<module 'processors.topomap' from '/Users/sss/projects/neuroviz/backend/processors/topomap.py'>
[NeuroViz] 进入40帧触发块: send_counter=7960
[NeuroViz] values={'Fp1': 4.48, 'Fp2': 74.49}
[NeuroViz] TimeFreq已生成: 12452 chars
[NeuroViz] Topomap已生成: 57628 chars
[NeuroViz] Topomap触发: send_counter=8000, mod=0, topomap_module=<module 'processors.topomap' from '/Users/sss/projects/neuroviz/backend/processors/topomap.py'>
[NeuroViz] 进入40帧触发块: send_counter=8000
[NeuroViz] values={'Fp1': 99.39, 'Fp2': 101.02}
[NeuroViz] TimeFreq已生成: 11908 chars
[NeuroViz] Topomap已生成: 60780 chars
[NeuroViz] Topomap触发: send_counter=8040, mod=0, topomap_module=<module 'processors.topomap' from '/Users/sss/projects/neuroviz/backend/processors/topomap.py'>
[NeuroViz] 进入40帧触发块: send_counter=8040
[NeuroViz] values={'Fp1': 80.79, 'Fp2': 3.51}
[NeuroViz] TimeFreq已生成: 12296 chars
[NeuroViz] Topomap已生成: 57880 chars
[NeuroViz] Topomap触发: send_counter=8080, mod=0, topomap_module=<module 'processors.topomap' from '/Users/sss/projects/neuroviz/backend/processors/topomap.py'>
[NeuroViz] 进入40帧触发块: send_counter=8080
[NeuroViz] values={'Fp1': 8.6, 'Fp2': 51.21}
[NeuroViz] TimeFreq已生成: 12404 chars
[NeuroViz] Topomap已生成: 58304 chars
[NeuroViz] Topomap触发: send_counter=8120, mod=0, topomap_module=<module 'processors.topomap' from '/Users/sss/projects/neuroviz/backend/processors/topomap.py'>
[NeuroViz] 进入40帧触发块: send_counter=8120
[NeuroViz] values={'Fp1': 44.83, 'Fp2': 101.02}
[NeuroViz] TimeFreq已生成: 12252 chars
[NeuroViz] Topomap已生成: 57120 chars
[NeuroViz] Topomap触发: send_counter=8160, mod=0, topomap_module=<module 'processors.topomap' from '/Users/sss/projects/neuroviz/backend/processors/topomap.py'>
[NeuroViz] 进入40帧触发块: send_counter=8160
[NeuroViz] values={'Fp1': 102.43, 'Fp2': 12.01}
[NeuroViz] TimeFreq已生成: 12316 chars
[NeuroViz] Topomap已生成: 56232 chars
[NeuroViz] Topomap触发: send_counter=8200, mod=0, topomap_module=<module 'processors.topomap' from '/Users/sss/projects/neuroviz/backend/processors/topomap.py'>
[NeuroViz] 进入40帧触发块: send_counter=8200
[NeuroViz] values={'Fp1': 39.31, 'Fp2': 34.1}
[NeuroViz] TimeFreq已生成: 12400 chars
[NeuroViz] Topomap已生成: 56432 chars
[NeuroViz] Topomap触发: send_counter=8240, mod=0, topomap_module=<module 'processors.topomap' from '/Users/sss/projects/neuroviz/backend/processors/topomap.py'>
[NeuroViz] 进入40帧触发块: send_counter=8240
[NeuroViz] values={'Fp1': 15.57, 'Fp2': 111.45}
[NeuroViz] TimeFreq已生成: 12452 chars
[NeuroViz] Topomap已生成: 56668 chars
[NeuroViz] Topomap触发: send_counter=8280, mod=0, topomap_module=<module 'processors.topomap' from '/Users/sss/projects/neuroviz/backend/processors/topomap.py'>
[NeuroViz] 进入40帧触发块: send_counter=8280
[NeuroViz] values={'Fp1': 96.89, 'Fp2': 27.76}
[NeuroViz] TimeFreq已生成: 12276 chars
[NeuroViz] Topomap已生成: 57712 chars
[NeuroViz] Topomap触发: send_counter=8320, mod=0, topomap_module=<module 'processors.topomap' from '/Users/sss/projects/neuroviz/backend/processors/topomap.py'>
[NeuroViz] 进入40帧触发块: send_counter=8320
[NeuroViz] values={'Fp1': 73.45, 'Fp2': 19.12}
[NeuroViz] TimeFreq已生成: 12416 chars
[NeuroViz] Topomap已生成: 56620 chars
[NeuroViz] Topomap触发: send_counter=8360, mod=0, topomap_module=<module 'processors.topomap' from '/Users/sss/projects/neuroviz/backend/processors/topomap.py'>
[NeuroViz] 进入40帧触发块: send_counter=8360
[NeuroViz] values={'Fp1': 0.91, 'Fp2': 101.62}
[NeuroViz] TimeFreq已生成: 12504 chars
[NeuroViz] Topomap已生成: 56700 chars
[NeuroViz] Topomap触发: send_counter=8400, mod=0, topomap_module=<module 'processors.topomap' from '/Users/sss/projects/neuroviz/backend/processors/topomap.py'>
[NeuroViz] 进入40帧触发块: send_counter=8400
[NeuroViz] values={'Fp1': 67.12, 'Fp2': 43.65}
[NeuroViz] TimeFreq已生成: 12424 chars
[NeuroViz] Topomap已生成: 55908 chars
[NeuroViz] Topomap触发: send_counter=8440, mod=0, topomap_module=<module 'processors.topomap' from '/Users/sss/projects/neuroviz/backend/processors/topomap.py'>
[NeuroViz] 进入40帧触发块: send_counter=8440
[NeuroViz] values={'Fp1': 110.24, 'Fp2': 8.0}
[NeuroViz] TimeFreq已生成: 12512 chars
[NeuroViz] Topomap已生成: 56124 chars
[NeuroViz] Topomap触发: send_counter=8480, mod=0, topomap_module=<module 'processors.topomap' from '/Users/sss/projects/neuroviz/backend/processors/topomap.py'>
[NeuroViz] 进入40帧触发块: send_counter=8480
[NeuroViz] values={'Fp1': 17.82, 'Fp2': 103.02}
[NeuroViz] TimeFreq已生成: 12488 chars
[NeuroViz] Topomap已生成: 58816 chars
[NeuroViz] Topomap触发: send_counter=8520, mod=0, topomap_module=<module 'processors.topomap' from '/Users/sss/projects/neuroviz/backend/processors/topomap.py'>
[NeuroViz] 进入40帧触发块: send_counter=8520
[NeuroViz] values={'Fp1': 26.08, 'Fp2': 67.96}
[NeuroViz] TimeFreq已生成: 12456 chars
[NeuroViz] Topomap已生成: 58044 chars
[NeuroViz] Topomap触发: send_counter=8560, mod=0, topomap_module=<module 'processors.topomap' from '/Users/sss/projects/neuroviz/backend/processors/topomap.py'>
[NeuroViz] 进入40帧触发块: send_counter=8560
[NeuroViz] values={'Fp1': 110.14, 'Fp2': 1.99}
[NeuroViz] TimeFreq已生成: 12448 chars
[NeuroViz] Topomap已生成: 56372 chars
[NeuroViz] Topomap触发: send_counter=8600, mod=0, topomap_module=<module 'processors.topomap' from '/Users/sss/projects/neuroviz/backend/processors/topomap.py'>
[NeuroViz] 进入40帧触发块: send_counter=8600
[NeuroViz] values={'Fp1': 62.13, 'Fp2': 84.07}
[NeuroViz] TimeFreq已生成: 12392 chars
[NeuroViz] Topomap已生成: 60476 chars
[NeuroViz] Topomap触发: send_counter=8640, mod=0, topomap_module=<module 'processors.topomap' from '/Users/sss/projects/neuroviz/backend/processors/topomap.py'>
[NeuroViz] 进入40帧触发块: send_counter=8640
[NeuroViz] values={'Fp1': 2.84, 'Fp2': 88.04}
[NeuroViz] TimeFreq已生成: 12088 chars
[NeuroViz] Topomap已生成: 58388 chars
[NeuroViz] Topomap触发: send_counter=8680, mod=0, topomap_module=<module 'processors.topomap' from '/Users/sss/projects/neuroviz/backend/processors/topomap.py'>
[NeuroViz] 进入40帧触发块: send_counter=8680
[NeuroViz] values={'Fp1': 71.04, 'Fp2': 4.65}
[NeuroViz] TimeFreq已生成: 12592 chars
[NeuroViz] Topomap已生成: 57072 chars
[NeuroViz] Topomap触发: send_counter=8720, mod=0, topomap_module=<module 'processors.topomap' from '/Users/sss/projects/neuroviz/backend/processors/topomap.py'>
[NeuroViz] 进入40帧触发块: send_counter=8720
[NeuroViz] values={'Fp1': 96.65, 'Fp2': 63.73}
[NeuroViz] TimeFreq已生成: 12260 chars
[NeuroViz] Topomap已生成: 57368 chars
[NeuroViz] Topomap触发: send_counter=8760, mod=0, topomap_module=<module 'processors.topomap' from '/Users/sss/projects/neuroviz/backend/processors/topomap.py'>
[NeuroViz] 进入40帧触发块: send_counter=8760
[NeuroViz] values={'Fp1': 8.59, 'Fp2': 97.15}
[NeuroViz] TimeFreq已生成: 12488 chars
[NeuroViz] Topomap已生成: 58772 chars
[NeuroViz] Topomap触发: send_counter=8800, mod=0, topomap_module=<module 'processors.topomap' from '/Users/sss/projects/neuroviz/backend/processors/topomap.py'>
[NeuroViz] 进入40帧触发块: send_counter=8800
[NeuroViz] values={'Fp1': 31.19, 'Fp2': 11.99}
[NeuroViz] TimeFreq已生成: 12516 chars
[NeuroViz] Topomap已生成: 59000 chars
[NeuroViz] Topomap触发: send_counter=8840, mod=0, topomap_module=<module 'processors.topomap' from '/Users/sss/projects/neuroviz/backend/processors/topomap.py'>
[NeuroViz] 进入40帧触发块: send_counter=8840
[NeuroViz] values={'Fp1': 113.24, 'Fp2': 49.56}
[NeuroViz] TimeFreq已生成: 12240 chars
[NeuroViz] Topomap已生成: 57664 chars
[NeuroViz] Topomap触发: send_counter=8880, mod=0, topomap_module=<module 'processors.topomap' from '/Users/sss/projects/neuroviz/backend/processors/topomap.py'>
[NeuroViz] 进入40帧触发块: send_counter=8880
[NeuroViz] values={'Fp1': 48.33, 'Fp2': 116.67}
[NeuroViz] TimeFreq已生成: 12356 chars
[NeuroViz] Topomap已生成: 57860 chars
[NeuroViz] Topomap触发: send_counter=8920, mod=0, topomap_module=<module 'processors.topomap' from '/Users/sss/projects/neuroviz/backend/processors/topomap.py'>
[NeuroViz] 进入40帧触发块: send_counter=8920
[NeuroViz] values={'Fp1': 2.86, 'Fp2': 32.1}
[NeuroViz] TimeFreq已生成: 12400 chars
[NeuroViz] Topomap已生成: 56556 chars
[NeuroViz] Topomap触发: send_counter=8960, mod=0, topomap_module=<module 'processors.topomap' from '/Users/sss/projects/neuroviz/backend/processors/topomap.py'>
[NeuroViz] 进入40帧触发块: send_counter=8960
[NeuroViz] values={'Fp1': 86.3, 'Fp2': 23.66}
[NeuroViz] TimeFreq已生成: 12108 chars
[NeuroViz] Topomap已生成: 56856 chars
[NeuroViz] Topomap触发: send_counter=9000, mod=0, topomap_module=<module 'processors.topomap' from '/Users/sss/projects/neuroviz/backend/processors/topomap.py'>
[NeuroViz] 进入40帧触发块: send_counter=9000
[NeuroViz] values={'Fp1': 79.45, 'Fp2': 111.17}
[NeuroViz] TimeFreq已生成: 12504 chars
[NeuroViz] Topomap已生成: 57692 chars
[NeuroViz] Topomap触发: send_counter=9040, mod=0, topomap_module=<module 'processors.topomap' from '/Users/sss/projects/neuroviz/backend/processors/topomap.py'>
[NeuroViz] 进入40帧触发块: send_counter=9040
[NeuroViz] values={'Fp1': 8.31, 'Fp2': 49.74}
[NeuroViz] TimeFreq已生成: 12764 chars
[NeuroViz] Topomap已生成: 57952 chars
[NeuroViz] Topomap触发: send_counter=9080, mod=0, topomap_module=<module 'processors.topomap' from '/Users/sss/projects/neuroviz/backend/processors/topomap.py'>
[NeuroViz] 进入40帧触发块: send_counter=9080
[NeuroViz] values={'Fp1': 46.06, 'Fp2': 10.88}
[NeuroViz] TimeFreq已生成: 12476 chars
[NeuroViz] Topomap已生成: 56948 chars
[NeuroViz] Topomap触发: send_counter=9120, mod=0, topomap_module=<module 'processors.topomap' from '/Users/sss/projects/neuroviz/backend/processors/topomap.py'>
[NeuroViz] 进入40帧触发块: send_counter=9120
[NeuroViz] values={'Fp1': 96.45, 'Fp2': 101.07}
[NeuroViz] TimeFreq已生成: 12520 chars
[NeuroViz] Topomap已生成: 56712 chars
[NeuroViz] Topomap触发: send_counter=9160, mod=0, topomap_module=<module 'processors.topomap' from '/Users/sss/projects/neuroviz/backend/processors/topomap.py'>
[NeuroViz] 进入40帧触发块: send_counter=9160
[NeuroViz] values={'Fp1': 40.45, 'Fp2': 68.57}
[NeuroViz] TimeFreq已生成: 12716 chars
[NeuroViz] Topomap已生成: 56632 chars
[NeuroViz] Topomap触发: send_counter=9200, mod=0, topomap_module=<module 'processors.topomap' from '/Users/sss/projects/neuroviz/backend/processors/topomap.py'>
[NeuroViz] 进入40帧触发块: send_counter=9200
[NeuroViz] values={'Fp1': 12.04, 'Fp2': 4.29}
[NeuroViz] TimeFreq已生成: 12560 chars
[NeuroViz] Topomap已生成: 56612 chars
[NeuroViz] Topomap触发: send_counter=9240, mod=0, topomap_module=<module 'processors.topomap' from '/Users/sss/projects/neuroviz/backend/processors/topomap.py'>
[NeuroViz] 进入40帧触发块: send_counter=9240
[NeuroViz] values={'Fp1': 93.87, 'Fp2': 81.2}
[NeuroViz] TimeFreq已生成: 11928 chars
[NeuroViz] Topomap已生成: 57368 chars
[NeuroViz] Topomap触发: send_counter=9280, mod=0, topomap_module=<module 'processors.topomap' from '/Users/sss/projects/neuroviz/backend/processors/topomap.py'>
[NeuroViz] 进入40帧触发块: send_counter=9280
[NeuroViz] values={'Fp1': 78.04, 'Fp2': 82.58}
[NeuroViz] TimeFreq已生成: 12372 chars
[NeuroViz] Topomap已生成: 56448 chars
[NeuroViz] Topomap触发: send_counter=9320, mod=0, topomap_module=<module 'processors.topomap' from '/Users/sss/projects/neuroviz/backend/processors/topomap.py'>
[NeuroViz] 进入40帧触发块: send_counter=9320
[NeuroViz] values={'Fp1': 1.79, 'Fp2': 2.42}
[NeuroViz] TimeFreq已生成: 12068 chars
[NeuroViz] Topomap已生成: 57324 chars
[NeuroViz] Topomap触发: send_counter=9360, mod=0, topomap_module=<module 'processors.topomap' from '/Users/sss/projects/neuroviz/backend/processors/topomap.py'>
[NeuroViz] 进入40帧触发块: send_counter=9360
[NeuroViz] values={'Fp1': 65.31, 'Fp2': 75.24}
[NeuroViz] TimeFreq已生成: 12120 chars
[NeuroViz] Topomap已生成: 56552 chars
[NeuroViz] Topomap触发: send_counter=9400, mod=0, topomap_module=<module 'processors.topomap' from '/Users/sss/projects/neuroviz/backend/processors/topomap.py'>
[NeuroViz] 进入40帧触发块: send_counter=9400
[NeuroViz] values={'Fp1': 111.85, 'Fp2': 107.28}
[NeuroViz] TimeFreq已生成: 12548 chars
[NeuroViz] Topomap已生成: 55928 chars
[NeuroViz] Topomap触发: send_counter=9440, mod=0, topomap_module=<module 'processors.topomap' from '/Users/sss/projects/neuroviz/backend/processors/topomap.py'>
[NeuroViz] 进入40帧触发块: send_counter=9440
[NeuroViz] values={'Fp1': 24.35, 'Fp2': 9.05}
[NeuroViz] TimeFreq已生成: 12516 chars
[NeuroViz] Topomap已生成: 57256 chars
[NeuroViz] Topomap触发: send_counter=9480, mod=0, topomap_module=<module 'processors.topomap' from '/Users/sss/projects/neuroviz/backend/processors/topomap.py'>
[NeuroViz] 进入40帧触发块: send_counter=9480
[NeuroViz] values={'Fp1': 13.34, 'Fp2': 42.43}
[NeuroViz] TimeFreq已生成: 12376 chars
[NeuroViz] Topomap已生成: 56828 chars
[NeuroViz] Topomap触发: send_counter=9520, mod=0, topomap_module=<module 'processors.topomap' from '/Users/sss/projects/neuroviz/backend/processors/topomap.py'>
[NeuroViz] 进入40帧触发块: send_counter=9520
[NeuroViz] values={'Fp1': 94.75, 'Fp2': 103.05}
[NeuroViz] TimeFreq已生成: 12456 chars
[NeuroViz] Topomap已生成: 59676 chars
[NeuroViz] Topomap触发: send_counter=9560, mod=0, topomap_module=<module 'processors.topomap' from '/Users/sss/projects/neuroviz/backend/processors/topomap.py'>
[NeuroViz] 进入40帧触发块: send_counter=9560
[NeuroViz] values={'Fp1': 59.17, 'Fp2': 20.79}
[NeuroViz] TimeFreq已生成: 12368 chars
[NeuroViz] Topomap已生成: 57212 chars
[NeuroViz] Topomap触发: send_counter=9600, mod=0, topomap_module=<module 'processors.topomap' from '/Users/sss/projects/neuroviz/backend/processors/topomap.py'>
[NeuroViz] 进入40帧触发块: send_counter=9600
[NeuroViz] values={'Fp1': 1.71, 'Fp2': 24.34}
[NeuroViz] TimeFreq已生成: 12412 chars
[NeuroViz] Topomap已生成: 55532 chars
[NeuroViz] Topomap触发: send_counter=9640, mod=0, topomap_module=<module 'processors.topomap' from '/Users/sss/projects/neuroviz/backend/processors/topomap.py'>
[NeuroViz] 进入40帧触发块: send_counter=9640
[NeuroViz] values={'Fp1': 67.32, 'Fp2': 113.3}
[NeuroViz] TimeFreq已生成: 11912 chars
[NeuroViz] Topomap已生成: 56692 chars
[NeuroViz] Topomap触发: send_counter=9680, mod=0, topomap_module=<module 'processors.topomap' from '/Users/sss/projects/neuroviz/backend/processors/topomap.py'>
[NeuroViz] 进入40帧触发块: send_counter=9680
[NeuroViz] values={'Fp1': 107.54, 'Fp2': 40.74}
[NeuroViz] TimeFreq已生成: 12472 chars
[NeuroViz] Topomap已生成: 57124 chars
[NeuroViz] Topomap触发: send_counter=9720, mod=0, topomap_module=<module 'processors.topomap' from '/Users/sss/projects/neuroviz/backend/processors/topomap.py'>
[NeuroViz] 进入40帧触发块: send_counter=9720
[NeuroViz] values={'Fp1': 19.08, 'Fp2': 11.92}
[NeuroViz] TimeFreq已生成: 12368 chars
[NeuroViz] Topomap已生成: 56964 chars
[NeuroViz] Topomap触发: send_counter=9760, mod=0, topomap_module=<module 'processors.topomap' from '/Users/sss/projects/neuroviz/backend/processors/topomap.py'>
[NeuroViz] 进入40帧触发块: send_counter=9760
[NeuroViz] values={'Fp1': 28.93, 'Fp2': 110.71}
[NeuroViz] TimeFreq已生成: 12484 chars
[NeuroViz] Topomap已生成: 58844 chars
[NeuroViz] Topomap触发: send_counter=9800, mod=0, topomap_module=<module 'processors.topomap' from '/Users/sss/projects/neuroviz/backend/processors/topomap.py'>
[NeuroViz] 进入40帧触发块: send_counter=9800
[NeuroViz] values={'Fp1': 107.77, 'Fp2': 61.14}
[NeuroViz] TimeFreq已生成: 12212 chars
[NeuroViz] Topomap已生成: 55880 chars
[NeuroViz] Topomap触发: send_counter=9840, mod=0, topomap_module=<module 'processors.topomap' from '/Users/sss/projects/neuroviz/backend/processors/topomap.py'>
[NeuroViz] 进入40帧触发块: send_counter=9840
[NeuroViz] values={'Fp1': 63.86, 'Fp2': 2.53}
[NeuroViz] TimeFreq已生成: 12052 chars
[NeuroViz] Topomap已生成: 56904 chars
[NeuroViz] Topomap触发: send_counter=9880, mod=0, topomap_module=<module 'processors.topomap' from '/Users/sss/projects/neuroviz/backend/processors/topomap.py'>
[NeuroViz] 进入40帧触发块: send_counter=9880
[NeuroViz] values={'Fp1': 1.15, 'Fp2': 84.56}
[NeuroViz] TimeFreq已生成: 12476 chars
[NeuroViz] Topomap已生成: 57832 chars
[NeuroViz] Topomap触发: send_counter=9920, mod=0, topomap_module=<module 'processors.topomap' from '/Users/sss/projects/neuroviz/backend/processors/topomap.py'>
[NeuroViz] 进入40帧触发块: send_counter=9920
[NeuroViz] values={'Fp1': 80.49, 'Fp2': 85.52}
[NeuroViz] TimeFreq已生成: 12428 chars
[NeuroViz] Topomap已生成: 56808 chars
[NeuroViz] Topomap触发: send_counter=9960, mod=0, topomap_module=<module 'processors.topomap' from '/Users/sss/projects/neuroviz/backend/processors/topomap.py'>
[NeuroViz] 进入40帧触发块: send_counter=9960
[NeuroViz] values={'Fp1': 103.07, 'Fp2': 2.73}
[NeuroViz] TimeFreq已生成: 12496 chars
[NeuroViz] Topomap已生成: 56184 chars
[NeuroViz] Topomap触发: send_counter=10000, mod=0, topomap_module=<module 'processors.topomap' from '/Users/sss/projects/neuroviz/backend/processors/topomap.py'>
[NeuroViz] 进入40帧触发块: send_counter=10000
[NeuroViz] values={'Fp1': 9.83, 'Fp2': 72.34}
[NeuroViz] TimeFreq已生成: 12804 chars
[NeuroViz] Topomap已生成: 57656 chars
[NeuroViz] Topomap触发: send_counter=10040, mod=0, topomap_module=<module 'processors.topomap' from '/Users/sss/projects/neuroviz/backend/processors/topomap.py'>
[NeuroViz] 进入40帧触发块: send_counter=10040
[NeuroViz] values={'Fp1': 40.49, 'Fp2': 98.83}
[NeuroViz] TimeFreq已生成: 12460 chars
[NeuroViz] Topomap已生成: 56988 chars
[NeuroViz] Topomap触发: send_counter=10080, mod=0, topomap_module=<module 'processors.topomap' from '/Users/sss/projects/neuroviz/backend/processors/topomap.py'>
[NeuroViz] 进入40帧触发块: send_counter=10080
[NeuroViz] values={'Fp1': 104.33, 'Fp2': 10.18}
[NeuroViz] TimeFreq已生成: 12400 chars
[NeuroViz] Topomap已生成: 56352 chars
[NeuroViz] Topomap触发: send_counter=10120, mod=0, topomap_module=<module 'processors.topomap' from '/Users/sss/projects/neuroviz/backend/processors/topomap.py'>
[NeuroViz] 进入40帧触发块: send_counter=10120
[NeuroViz] values={'Fp1': 43.99, 'Fp2': 47.38}
[NeuroViz] TimeFreq已生成: 12448 chars
[NeuroViz] Topomap已生成: 58892 chars
[NeuroViz] Topomap触发: send_counter=10160, mod=0, topomap_module=<module 'processors.topomap' from '/Users/sss/projects/neuroviz/backend/processors/topomap.py'>
[NeuroViz] 进入40帧触发块: send_counter=10160
[NeuroViz] values={'Fp1': 10.5, 'Fp2': 109.13}
[NeuroViz] TimeFreq已生成: 12432 chars
[NeuroViz] Topomap已生成: 56772 chars
[NeuroViz] Topomap触发: send_counter=10200, mod=0, topomap_module=<module 'processors.topomap' from '/Users/sss/projects/neuroviz/backend/processors/topomap.py'>
[NeuroViz] 进入40帧触发块: send_counter=10200
[NeuroViz] values={'Fp1': 79.1, 'Fp2': 26.37}
[NeuroViz] TimeFreq已生成: 12540 chars
[NeuroViz] Topomap已生成: 56252 chars
[NeuroViz] Topomap触发: send_counter=10240, mod=0, topomap_module=<module 'processors.topomap' from '/Users/sss/projects/neuroviz/backend/processors/topomap.py'>
[NeuroViz] 进入40帧触发块: send_counter=10240
[NeuroViz] values={'Fp1': 88.42, 'Fp2': 34.25}
[NeuroViz] TimeFreq已生成: 12412 chars
[NeuroViz] Topomap已生成: 56608 chars
[NeuroViz] Topomap触发: send_counter=10280, mod=0, topomap_module=<module 'processors.topomap' from '/Users/sss/projects/neuroviz/backend/processors/topomap.py'>
[NeuroViz] 进入40帧触发块: send_counter=10280
[NeuroViz] values={'Fp1': 2.7, 'Fp2': 110.68}
[NeuroViz] TimeFreq已生成: 12580 chars
[NeuroViz] Topomap已生成: 56596 chars
[NeuroViz] Topomap触发: send_counter=10320, mod=0, topomap_module=<module 'processors.topomap' from '/Users/sss/projects/neuroviz/backend/processors/topomap.py'>
[NeuroViz] 进入40帧触发块: send_counter=10320
[NeuroViz] values={'Fp1': 48.47, 'Fp2': 44.52}
[NeuroViz] TimeFreq已生成: 12428 chars
[NeuroViz] Topomap已生成: 58880 chars
[NeuroViz] Topomap触发: send_counter=10360, mod=0, topomap_module=<module 'processors.topomap' from '/Users/sss/projects/neuroviz/backend/processors/topomap.py'>
[NeuroViz] 进入40帧触发块: send_counter=10360
[NeuroViz] values={'Fp1': 101.32, 'Fp2': 12.15}
[NeuroViz] TimeFreq已生成: 12588 chars
[NeuroViz] Topomap已生成: 58384 chars
[NeuroViz] Topomap触发: send_counter=10400, mod=0, topomap_module=<module 'processors.topomap' from '/Users/sss/projects/neuroviz/backend/processors/topomap.py'>
[NeuroViz] 进入40帧触发块: send_counter=10400
[NeuroViz] values={'Fp1': 29.91, 'Fp2': 111.6}
[NeuroViz] TimeFreq已生成: 12464 chars
[NeuroViz] Topomap已生成: 58584 chars
[NeuroViz] Topomap触发: send_counter=10440, mod=0, topomap_module=<module 'processors.topomap' from '/Users/sss/projects/neuroviz/backend/processors/topomap.py'>
[NeuroViz] 进入40帧触发块: send_counter=10440
[NeuroViz] values={'Fp1': 6.24, 'Fp2': 62.43}
[NeuroViz] TimeFreq已生成: 12560 chars
[NeuroViz] Topomap已生成: 57068 chars
[NeuroViz] Topomap触发: send_counter=10480, mod=0, topomap_module=<module 'processors.topomap' from '/Users/sss/projects/neuroviz/backend/processors/topomap.py'>
[NeuroViz] 进入40帧触发块: send_counter=10480
[NeuroViz] values={'Fp1': 92.42, 'Fp2': 4.74}
[NeuroViz] TimeFreq已生成: 12444 chars
[NeuroViz] Topomap已生成: 58292 chars
[NeuroViz] Topomap触发: send_counter=10520, mod=0, topomap_module=<module 'processors.topomap' from '/Users/sss/projects/neuroviz/backend/processors/topomap.py'>
[NeuroViz] 进入40帧触发块: send_counter=10520
[NeuroViz] values={'Fp1': 66.52, 'Fp2': 94.16}
[NeuroViz] TimeFreq已生成: 12344 chars
[NeuroViz] Topomap已生成: 57048 chars
[NeuroViz] Topomap触发: send_counter=10560, mod=0, topomap_module=<module 'processors.topomap' from '/Users/sss/projects/neuroviz/backend/processors/topomap.py'>
[NeuroViz] 进入40帧触发块: send_counter=10560
[NeuroViz] values={'Fp1': 1.5, 'Fp2': 78.74}
[NeuroViz] TimeFreq已生成: 12852 chars
[NeuroViz] Topomap已生成: 57512 chars
[NeuroViz] Topomap触发: send_counter=10600, mod=0, topomap_module=<module 'processors.topomap' from '/Users/sss/projects/neuroviz/backend/processors/topomap.py'>
[NeuroViz] 进入40帧触发块: send_counter=10600
[NeuroViz] values={'Fp1': 69.24, 'Fp2': 2.53}
[NeuroViz] TimeFreq已生成: 12544 chars
[NeuroViz] Topomap已生成: 56732 chars
[NeuroViz] Topomap触发: send_counter=10640, mod=0, topomap_module=<module 'processors.topomap' from '/Users/sss/projects/neuroviz/backend/processors/topomap.py'>
[NeuroViz] 进入40帧触发块: send_counter=10640
[NeuroViz] values={'Fp1': 103.4, 'Fp2': 82.08}
[NeuroViz] TimeFreq已生成: 11960 chars
[NeuroViz] Topomap已生成: 60432 chars
[NeuroViz] Topomap触发: send_counter=10680, mod=0, topomap_module=<module 'processors.topomap' from '/Users/sss/projects/neuroviz/backend/processors/topomap.py'>
[NeuroViz] 进入40帧触发块: send_counter=10680
[NeuroViz] values={'Fp1': 26.64, 'Fp2': 98.26}
[NeuroViz] TimeFreq已生成: 12480 chars
[NeuroViz] Topomap已生成: 58016 chars
[NeuroViz] Topomap触发: send_counter=10720, mod=0, topomap_module=<module 'processors.topomap' from '/Users/sss/projects/neuroviz/backend/processors/topomap.py'>
[NeuroViz] 进入40帧触发块: send_counter=10720
[NeuroViz] values={'Fp1': 22.5, 'Fp2': 4.68}
[NeuroViz] TimeFreq已生成: 12384 chars
[NeuroViz] Topomap已生成: 57336 chars
[NeuroViz] Topomap触发: send_counter=10760, mod=0, topomap_module=<module 'processors.topomap' from '/Users/sss/projects/neuroviz/backend/processors/topomap.py'>
[NeuroViz] 进入40帧触发块: send_counter=10760
[NeuroViz] values={'Fp1': 106.02, 'Fp2': 59.65}
[NeuroViz] TimeFreq已生成: 12340 chars
[NeuroViz] Topomap已生成: 56752 chars
[NeuroViz] Topomap触发: send_counter=10800, mod=0, topomap_module=<module 'processors.topomap' from '/Users/sss/projects/neuroviz/backend/processors/topomap.py'>
[NeuroViz] 进入40帧触发块: send_counter=10800
[NeuroViz] values={'Fp1': 56.82, 'Fp2': 103.02}
[NeuroViz] TimeFreq已生成: 12348 chars
[NeuroViz] Topomap已生成: 56804 chars
[NeuroViz] Topomap触发: send_counter=10840, mod=0, topomap_module=<module 'processors.topomap' from '/Users/sss/projects/neuroviz/backend/processors/topomap.py'>
[NeuroViz] 进入40帧触发块: send_counter=10840
[NeuroViz] values={'Fp1': 1.29, 'Fp2': 19.35}
[NeuroViz] TimeFreq已生成: 11996 chars
[NeuroViz] Topomap已生成: 58072 chars
[NeuroViz] Topomap触发: send_counter=10880, mod=0, topomap_module=<module 'processors.topomap' from '/Users/sss/projects/neuroviz/backend/processors/topomap.py'>
[NeuroViz] 进入40帧触发块: send_counter=10880
[NeuroViz] values={'Fp1': 77.97, 'Fp2': 43.56}
[NeuroViz] TimeFreq已生成: 11980 chars
[NeuroViz] Topomap已生成: 57120 chars
[NeuroViz] Topomap触发: send_counter=10920, mod=0, topomap_module=<module 'processors.topomap' from '/Users/sss/projects/neuroviz/backend/processors/topomap.py'>
[NeuroViz] 进入40帧触发块: send_counter=10920
[NeuroViz] values={'Fp1': 96.72, 'Fp2': 118.9}
[NeuroViz] TimeFreq已生成: 12320 chars
[NeuroViz] Topomap已生成: 60612 chars
[NeuroViz] Topomap触发: send_counter=10960, mod=0, topomap_module=<module 'processors.topomap' from '/Users/sss/projects/neuroviz/backend/processors/topomap.py'>
[NeuroViz] 进入40帧触发块: send_counter=10960
[NeuroViz] values={'Fp1': 11.4, 'Fp2': 33.18}
[NeuroViz] TimeFreq已生成: 12624 chars
[NeuroViz] Topomap已生成: 59852 chars
[NeuroViz] Topomap触发: send_counter=11000, mod=0, topomap_module=<module 'processors.topomap' from '/Users/sss/projects/neuroviz/backend/processors/topomap.py'>
[NeuroViz] 进入40帧触发块: send_counter=11000
[NeuroViz] values={'Fp1': 24.24, 'Fp2': 13.02}
[NeuroViz] TimeFreq已生成: 12500 chars
[NeuroViz] Topomap已生成: 56432 chars
[NeuroViz] Topomap触发: send_counter=11040, mod=0, topomap_module=<module 'processors.topomap' from '/Users/sss/projects/neuroviz/backend/processors/topomap.py'>
[NeuroViz] 进入40帧触发块: send_counter=11040
[NeuroViz] values={'Fp1': 97.58, 'Fp2': 102.85}
[NeuroViz] TimeFreq已生成: 12352 chars
[NeuroViz] Topomap已生成: 56868 chars
[NeuroViz] Topomap触发: send_counter=11080, mod=0, topomap_module=<module 'processors.topomap' from '/Users/sss/projects/neuroviz/backend/processors/topomap.py'>
[NeuroViz] 进入40帧触发块: send_counter=11080
[NeuroViz] values={'Fp1': 47.94, 'Fp2': 48.92}
[NeuroViz] TimeFreq已生成: 12368 chars
[NeuroViz] Topomap已生成: 58188 chars
[NeuroViz] Topomap触发: send_counter=11120, mod=0, topomap_module=<module 'processors.topomap' from '/Users/sss/projects/neuroviz/backend/processors/topomap.py'>
[NeuroViz] 进入40帧触发块: send_counter=11120
[NeuroViz] values={'Fp1': 1.47, 'Fp2': 2.85}
[NeuroViz] TimeFreq已生成: 12456 chars
[NeuroViz] Topomap已生成: 57484 chars
[NeuroViz] Topomap触发: send_counter=11160, mod=0, topomap_module=<module 'processors.topomap' from '/Users/sss/projects/neuroviz/backend/processors/topomap.py'>
[NeuroViz] 进入40帧触发块: send_counter=11160
[NeuroViz] values={'Fp1': 90.05, 'Fp2': 100.12}
[NeuroViz] TimeFreq已生成: 12244 chars
[NeuroViz] Topomap已生成: 56896 chars
[NeuroViz] Topomap触发: send_counter=11200, mod=0, topomap_module=<module 'processors.topomap' from '/Users/sss/projects/neuroviz/backend/processors/topomap.py'>
[NeuroViz] 进入40帧触发块: send_counter=11200
[NeuroViz] values={'Fp1': 80.95, 'Fp2': 71.69}
[NeuroViz] TimeFreq已生成: 12560 chars
[NeuroViz] Topomap已生成: 55980 chars
[NeuroViz] Topomap触发: send_counter=11240, mod=0, topomap_module=<module 'processors.topomap' from '/Users/sss/projects/neuroviz/backend/processors/topomap.py'>
[NeuroViz] 进入40帧触发块: send_counter=11240
[NeuroViz] values={'Fp1': 11.06, 'Fp2': 1.88}
[NeuroViz] TimeFreq已生成: 12412 chars
[NeuroViz] Topomap已生成: 55220 chars
[NeuroViz] Topomap触发: send_counter=11280, mod=0, topomap_module=<module 'processors.topomap' from '/Users/sss/projects/neuroviz/backend/processors/topomap.py'>
[NeuroViz] 进入40帧触发块: send_counter=11280
[NeuroViz] values={'Fp1': 45.67, 'Fp2': 76.47}
[NeuroViz] TimeFreq已生成: 12472 chars
[NeuroViz] Topomap已生成: 57076 chars
[NeuroViz] Topomap触发: send_counter=11320, mod=0, topomap_module=<module 'processors.topomap' from '/Users/sss/projects/neuroviz/backend/processors/topomap.py'>
[NeuroViz] 进入40帧触发块: send_counter=11320
[NeuroViz] values={'Fp1': 109.48, 'Fp2': 93.66}
[NeuroViz] TimeFreq已生成: 12496 chars
[NeuroViz] Topomap已生成: 58544 chars
[NeuroViz] Topomap触发: send_counter=11360, mod=0, topomap_module=<module 'processors.topomap' from '/Users/sss/projects/neuroviz/backend/processors/topomap.py'>
[NeuroViz] 进入40帧触发块: send_counter=11360
[NeuroViz] values={'Fp1': 41.35, 'Fp2': 5.73}
[NeuroViz] TimeFreq已生成: 12396 chars
[NeuroViz] Topomap已生成: 56676 chars
[NeuroViz] Topomap触发: send_counter=11400, mod=0, topomap_module=<module 'processors.topomap' from '/Users/sss/projects/neuroviz/backend/processors/topomap.py'>
[NeuroViz] 进入40帧触发块: send_counter=11400
[NeuroViz] values={'Fp1': 6.27, 'Fp2': 49.83}
[NeuroViz] TimeFreq已生成: 12104 chars
[NeuroViz] Topomap已生成: 58008 chars
[NeuroViz] Topomap触发: send_counter=11440, mod=0, topomap_module=<module 'processors.topomap' from '/Users/sss/projects/neuroviz/backend/processors/topomap.py'>
[NeuroViz] 进入40帧触发块: send_counter=11440
[NeuroViz] values={'Fp1': 101.3, 'Fp2': 111.08}
[NeuroViz] TimeFreq已生成: 12360 chars
[NeuroViz] Topomap已生成: 57132 chars
[NeuroViz] Topomap触发: send_counter=11480, mod=0, topomap_module=<module 'processors.topomap' from '/Users/sss/projects/neuroviz/backend/processors/topomap.py'>
[NeuroViz] 进入40帧触发块: send_counter=11480
[NeuroViz] values={'Fp1': 80.74, 'Fp2': 16.97}
[NeuroViz] TimeFreq已生成: 11940 chars
[NeuroViz] Topomap已生成: 57244 chars
[NeuroViz] Topomap触发: send_counter=11520, mod=0, topomap_module=<module 'processors.topomap' from '/Users/sss/projects/neuroviz/backend/processors/topomap.py'>
[NeuroViz] 进入40帧触发块: send_counter=11520
[NeuroViz] values={'Fp1': 3.63, 'Fp2': 36.67}
[NeuroViz] TimeFreq已生成: 12796 chars
[NeuroViz] Topomap已生成: 57064 chars
[NeuroViz] Topomap触发: send_counter=11560, mod=0, topomap_module=<module 'processors.topomap' from '/Users/sss/projects/neuroviz/backend/processors/topomap.py'>
[NeuroViz] 进入40帧触发块: send_counter=11560
[NeuroViz] values={'Fp1': 58.31, 'Fp2': 112.78}
[NeuroViz] TimeFreq已生成: 12360 chars
[NeuroViz] Topomap已生成: 57448 chars
[NeuroViz] Topomap触发: send_counter=11600, mod=0, topomap_module=<module 'processors.topomap' from '/Users/sss/projects/neuroviz/backend/processors/topomap.py'>
[NeuroViz] 进入40帧触发块: send_counter=11600
[NeuroViz] values={'Fp1': 108.88, 'Fp2': 30.97}
[NeuroViz] TimeFreq已生成: 11948 chars
[NeuroViz] Topomap已生成: 57652 chars
[NeuroViz] Topomap触发: send_counter=11640, mod=0, topomap_module=<module 'processors.topomap' from '/Users/sss/projects/neuroviz/backend/processors/topomap.py'>
[NeuroViz] 进入40帧触发块: send_counter=11640
[NeuroViz] values={'Fp1': 25.38, 'Fp2': 21.69}
[NeuroViz] TimeFreq已生成: 12480 chars
[NeuroViz] Topomap已生成: 58776 chars
[NeuroViz] Topomap触发: send_counter=11680, mod=0, topomap_module=<module 'processors.topomap' from '/Users/sss/projects/neuroviz/backend/processors/topomap.py'>
[NeuroViz] 进入40帧触发块: send_counter=11680
[NeuroViz] values={'Fp1': 22.01, 'Fp2': 107.24}
[NeuroViz] TimeFreq已生成: 12396 chars
[NeuroViz] Topomap已生成: 58580 chars
[NeuroViz] Topomap触发: send_counter=11720, mod=0, topomap_module=<module 'processors.topomap' from '/Users/sss/projects/neuroviz/backend/processors/topomap.py'>
[NeuroViz] 进入40帧触发块: send_counter=11720
[NeuroViz] values={'Fp1': 102.06, 'Fp2': 52.03}
[NeuroViz] TimeFreq已生成: 12260 chars
[NeuroViz] Topomap已生成: 56532 chars
[NeuroViz] Topomap触发: send_counter=11760, mod=0, topomap_module=<module 'processors.topomap' from '/Users/sss/projects/neuroviz/backend/processors/topomap.py'>
[NeuroViz] 进入40帧触发块: send_counter=11760
[NeuroViz] values={'Fp1': 69.52, 'Fp2': 7.11}
[NeuroViz] TimeFreq已生成: 12056 chars
[NeuroViz] Topomap已生成: 56784 chars
[NeuroViz] Topomap触发: send_counter=11800, mod=0, topomap_module=<module 'processors.topomap' from '/Users/sss/projects/neuroviz/backend/processors/topomap.py'>
[NeuroViz] 进入40帧触发块: send_counter=11800
[NeuroViz] values={'Fp1': 2.11, 'Fp2': 101.59}
[NeuroViz] TimeFreq已生成: 12360 chars
[NeuroViz] Topomap已生成: 56556 chars
[NeuroViz] Topomap触发: send_counter=11840, mod=0, topomap_module=<module 'processors.topomap' from '/Users/sss/projects/neuroviz/backend/processors/topomap.py'>
[NeuroViz] 进入40帧触发块: send_counter=11840
[NeuroViz] values={'Fp1': 59.56, 'Fp2': 73.92}
[NeuroViz] TimeFreq已生成: 12524 chars
[NeuroViz] Topomap已生成: 57896 chars
[NeuroViz] Topomap触发: send_counter=11880, mod=0, topomap_module=<module 'processors.topomap' from '/Users/sss/projects/neuroviz/backend/processors/topomap.py'>
[NeuroViz] 进入40帧触发块: send_counter=11880
[NeuroViz] values={'Fp1': 95.61, 'Fp2': 2.05}
[NeuroViz] TimeFreq已生成: 12472 chars
[NeuroViz] Topomap已生成: 56040 chars
[NeuroViz] Topomap触发: send_counter=11920, mod=0, topomap_module=<module 'processors.topomap' from '/Users/sss/projects/neuroviz/backend/processors/topomap.py'>
[NeuroViz] 进入40帧触发块: send_counter=11920
[NeuroViz] values={'Fp1': 16.03, 'Fp2': 86.67}
[NeuroViz] TimeFreq已生成: 12488 chars
[NeuroViz] Topomap已生成: 57628 chars
[NeuroViz] Topomap触发: send_counter=11960, mod=0, topomap_module=<module 'processors.topomap' from '/Users/sss/projects/neuroviz/backend/processors/topomap.py'>
[NeuroViz] 进入40帧触发块: send_counter=11960
[NeuroViz] values={'Fp1': 26.47, 'Fp2': 93.89}
[NeuroViz] TimeFreq已生成: 12080 chars
[NeuroViz] Topomap已生成: 57888 chars
[NeuroViz] Topomap触发: send_counter=12000, mod=0, topomap_module=<module 'processors.topomap' from '/Users/sss/projects/neuroviz/backend/processors/topomap.py'>
[NeuroViz] 进入40帧触发块: send_counter=12000
[NeuroViz] values={'Fp1': 101.87, 'Fp2': 2.58}
[NeuroViz] TimeFreq已生成: 12548 chars
[NeuroViz] Topomap已生成: 56448 chars
[NeuroViz] Topomap触发: send_counter=12040, mod=0, topomap_module=<module 'processors.topomap' from '/Users/sss/projects/neuroviz/backend/processors/topomap.py'>
[NeuroViz] 进入40帧触发块: send_counter=12040
[NeuroViz] values={'Fp1': 45.55, 'Fp2': 66.58}
[NeuroViz] TimeFreq已生成: 12340 chars
[NeuroViz] Topomap已生成: 59824 chars
[NeuroViz] Topomap触发: send_counter=12080, mod=0, topomap_module=<module 'processors.topomap' from '/Users/sss/projects/neuroviz/backend/processors/topomap.py'>
[NeuroViz] 进入40帧触发块: send_counter=12080
[NeuroViz] values={'Fp1': 1.73, 'Fp2': 102.68}
[NeuroViz] TimeFreq已生成: 12708 chars
[NeuroViz] Topomap已生成: 56524 chars
[NeuroViz] Topomap触发: send_counter=12120, mod=0, topomap_module=<module 'processors.topomap' from '/Users/sss/projects/neuroviz/backend/processors/topomap.py'>
[NeuroViz] 进入40帧触发块: send_counter=12120
[NeuroViz] values={'Fp1': 79.21, 'Fp2': 9.99}
[NeuroViz] TimeFreq已生成: 12544 chars
[NeuroViz] Topomap已生成: 57308 chars
[NeuroViz] Topomap触发: send_counter=12160, mod=0, topomap_module=<module 'processors.topomap' from '/Users/sss/projects/neuroviz/backend/processors/topomap.py'>
[NeuroViz] 进入40帧触发块: send_counter=12160
[NeuroViz] values={'Fp1': 97.31, 'Fp2': 54.23}
[NeuroViz] TimeFreq已生成: 12372 chars
[NeuroViz] Topomap已生成: 58328 chars
[NeuroViz] Topomap触发: send_counter=12200, mod=0, topomap_module=<module 'processors.topomap' from '/Users/sss/projects/neuroviz/backend/processors/topomap.py'>
[NeuroViz] 进入40帧触发块: send_counter=12200
[NeuroViz] values={'Fp1': 12.35, 'Fp2': 108.37}
[NeuroViz] TimeFreq已生成: 12536 chars
[NeuroViz] Topomap已生成: 56796 chars
[NeuroViz] Topomap触发: send_counter=12240, mod=0, topomap_module=<module 'processors.topomap' from '/Users/sss/projects/neuroviz/backend/processors/topomap.py'>
[NeuroViz] 进入40帧触发块: send_counter=12240
[NeuroViz] values={'Fp1': 37.79, 'Fp2': 27.35}
[NeuroViz] TimeFreq已生成: 12680 chars
[NeuroViz] Topomap已生成: 56516 chars
[NeuroViz] Topomap触发: send_counter=12280, mod=0, topomap_module=<module 'processors.topomap' from '/Users/sss/projects/neuroviz/backend/processors/topomap.py'>
[NeuroViz] 进入40帧触发块: send_counter=12280
[NeuroViz] values={'Fp1': 108.57, 'Fp2': 30.05}
[NeuroViz] TimeFreq已生成: 12536 chars
[NeuroViz] Topomap已生成: 57520 chars
[NeuroViz] Topomap触发: send_counter=12320, mod=0, topomap_module=<module 'processors.topomap' from '/Users/sss/projects/neuroviz/backend/processors/topomap.py'>
[NeuroViz] 进入40帧触发块: send_counter=12320
[NeuroViz] values={'Fp1': 45.63, 'Fp2': 104.38}
[NeuroViz] TimeFreq已生成: 12456 chars
[NeuroViz] Topomap已生成: 57432 chars
[NeuroViz] Topomap触发: send_counter=12360, mod=0, topomap_module=<module 'processors.topomap' from '/Users/sss/projects/neuroviz/backend/processors/topomap.py'>
[NeuroViz] 进入40帧触发块: send_counter=12360
[NeuroViz] values={'Fp1': 7.24, 'Fp2': 46.09}
[NeuroViz] TimeFreq已生成: 12272 chars
[NeuroViz] Topomap已生成: 57776 chars
[NeuroViz] Topomap触发: send_counter=12400, mod=0, topomap_module=<module 'processors.topomap' from '/Users/sss/projects/neuroviz/backend/processors/topomap.py'>
[NeuroViz] 进入40帧触发块: send_counter=12400
[NeuroViz] values={'Fp1': 95.78, 'Fp2': 12.75}
[NeuroViz] TimeFreq已生成: 12184 chars
[NeuroViz] Topomap已生成: 58048 chars
[NeuroViz] Topomap触发: send_counter=12440, mod=0, topomap_module=<module 'processors.topomap' from '/Users/sss/projects/neuroviz/backend/processors/topomap.py'>
[NeuroViz] 进入40帧触发块: send_counter=12440
[NeuroViz] values={'Fp1': 86.02, 'Fp2': 90.35}
[NeuroViz] TimeFreq已生成: 12388 chars
[NeuroViz] Topomap已生成: 60744 chars
[NeuroViz] Topomap触发: send_counter=12480, mod=0, topomap_module=<module 'processors.topomap' from '/Users/sss/projects/neuroviz/backend/processors/topomap.py'>
[NeuroViz] 进入40帧触发块: send_counter=12480
[NeuroViz] values={'Fp1': 3.67, 'Fp2': 64.34}
[NeuroViz] TimeFreq已生成: 12760 chars
[NeuroViz] Topomap已生成: 57060 chars
[NeuroViz] Topomap触发: send_counter=12520, mod=0, topomap_module=<module 'processors.topomap' from '/Users/sss/projects/neuroviz/backend/processors/topomap.py'>
[NeuroViz] 进入40帧触发块: send_counter=12520
[NeuroViz] values={'Fp1': 38.83, 'Fp2': 2.25}
[NeuroViz] TimeFreq已生成: 11968 chars
[NeuroViz] Topomap已生成: 56820 chars
[NeuroViz] Topomap触发: send_counter=12560, mod=0, topomap_module=<module 'processors.topomap' from '/Users/sss/projects/neuroviz/backend/processors/topomap.py'>
[NeuroViz] 进入40帧触发块: send_counter=12560
[NeuroViz] values={'Fp1': 111.69, 'Fp2': 89.27}
[NeuroViz] TimeFreq已生成: 12564 chars
[NeuroViz] Topomap已生成: 60604 chars
[NeuroViz] Topomap触发: send_counter=12600, mod=0, topomap_module=<module 'processors.topomap' from '/Users/sss/projects/neuroviz/backend/processors/topomap.py'>
[NeuroViz] 进入40帧触发块: send_counter=12600
[NeuroViz] values={'Fp1': 29.31, 'Fp2': 86.89}
[NeuroViz] TimeFreq已生成: 12404 chars
[NeuroViz] Topomap已生成: 57400 chars
[NeuroViz] Topomap触发: send_counter=12640, mod=0, topomap_module=<module 'processors.topomap' from '/Users/sss/projects/neuroviz/backend/processors/topomap.py'>
[NeuroViz] 进入40帧触发块: send_counter=12640
[NeuroViz] values={'Fp1': 7.45, 'Fp2': 5.18}
[NeuroViz] TimeFreq已生成: 12404 chars
[NeuroViz] Topomap已生成: 55776 chars
[NeuroViz] Topomap触发: send_counter=12680, mod=0, topomap_module=<module 'processors.topomap' from '/Users/sss/projects/neuroviz/backend/processors/topomap.py'>
[NeuroViz] 进入40帧触发块: send_counter=12680
[NeuroViz] values={'Fp1': 97.55, 'Fp2': 64.12}
[NeuroViz] TimeFreq已生成: 12216 chars
[NeuroViz] Topomap已生成: 57324 chars
[NeuroViz] Topomap触发: send_counter=12720, mod=0, topomap_module=<module 'processors.topomap' from '/Users/sss/projects/neuroviz/backend/processors/topomap.py'>
[NeuroViz] 进入40帧触发块: send_counter=12720
[NeuroViz] values={'Fp1': 66.51, 'Fp2': 96.27}
[NeuroViz] TimeFreq已生成: 12404 chars
[NeuroViz] Topomap已生成: 57464 chars
[NeuroViz] Topomap触发: send_counter=12760, mod=0, topomap_module=<module 'processors.topomap' from '/Users/sss/projects/neuroviz/backend/processors/topomap.py'>
[NeuroViz] 进入40帧触发块: send_counter=12760
[NeuroViz] values={'Fp1': 2.79, 'Fp2': 14.17}
[NeuroViz] TimeFreq已生成: 12504 chars
[NeuroViz] Topomap已生成: 56172 chars
[NeuroViz] Topomap触发: send_counter=12800, mod=0, topomap_module=<module 'processors.topomap' from '/Users/sss/projects/neuroviz/backend/processors/topomap.py'>
[NeuroViz] 进入40帧触发块: send_counter=12800
[NeuroViz] values={'Fp1': 60.47, 'Fp2': 42.05}
[NeuroViz] TimeFreq已生成: 12460 chars
[NeuroViz] Topomap已生成: 59104 chars
[NeuroViz] Topomap触发: send_counter=12840, mod=0, topomap_module=<module 'processors.topomap' from '/Users/sss/projects/neuroviz/backend/processors/topomap.py'>
[NeuroViz] 进入40帧触发块: send_counter=12840
[NeuroViz] values={'Fp1': 107.15, 'Fp2': 116.5}
[NeuroViz] TimeFreq已生成: 12268 chars
[NeuroViz] Topomap已生成: 56640 chars
[NeuroViz] Topomap触发: send_counter=12880, mod=0, topomap_module=<module 'processors.topomap' from '/Users/sss/projects/neuroviz/backend/processors/topomap.py'>
[NeuroViz] 进入40帧触发块: send_counter=12880
[NeuroViz] values={'Fp1': 28.03, 'Fp2': 30.85}
[NeuroViz] TimeFreq已生成: 12440 chars
[NeuroViz] Topomap已生成: 58168 chars
[NeuroViz] Topomap触发: send_counter=12920, mod=0, topomap_module=<module 'processors.topomap' from '/Users/sss/projects/neuroviz/backend/processors/topomap.py'>
[NeuroViz] 进入40帧触发块: send_counter=12920
[NeuroViz] values={'Fp1': 16.04, 'Fp2': 25.34}
[NeuroViz] TimeFreq已生成: 12152 chars
[NeuroViz] Topomap已生成: 55980 chars
[NeuroViz] Topomap触发: send_counter=12960, mod=0, topomap_module=<module 'processors.topomap' from '/Users/sss/projects/neuroviz/backend/processors/topomap.py'>
[NeuroViz] 进入40帧触发块: send_counter=12960
[NeuroViz] values={'Fp1': 101.05, 'Fp2': 100.91}
[NeuroViz] TimeFreq已生成: 12368 chars
[NeuroViz] Topomap已生成: 59820 chars
[NeuroViz] Topomap触发: send_counter=13000, mod=0, topomap_module=<module 'processors.topomap' from '/Users/sss/projects/neuroviz/backend/processors/topomap.py'>
[NeuroViz] 进入40帧触发块: send_counter=13000
[NeuroViz] values={'Fp1': 63.58, 'Fp2': 44.1}
[NeuroViz] TimeFreq已生成: 12500 chars
[NeuroViz] Topomap已生成: 59184 chars
[NeuroViz] Topomap触发: send_counter=13040, mod=0, topomap_module=<module 'processors.topomap' from '/Users/sss/projects/neuroviz/backend/processors/topomap.py'>
[NeuroViz] 进入40帧触发块: send_counter=13040
[NeuroViz] values={'Fp1': 0.92, 'Fp2': 12.26}
[NeuroViz] TimeFreq已生成: 12976 chars
[NeuroViz] Topomap已生成: 56024 chars
[NeuroViz] Topomap触发: send_counter=13080, mod=0, topomap_module=<module 'processors.topomap' from '/Users/sss/projects/neuroviz/backend/processors/topomap.py'>
[NeuroViz] 进入40帧触发块: send_counter=13080
[NeuroViz] values={'Fp1': 69.05, 'Fp2': 92.85}
[NeuroViz] TimeFreq已生成: 12412 chars
[NeuroViz] Topomap已生成: 56948 chars
[NeuroViz] Topomap触发: send_counter=13120, mod=0, topomap_module=<module 'processors.topomap' from '/Users/sss/projects/neuroviz/backend/processors/topomap.py'>
[NeuroViz] 进入40帧触发块: send_counter=13120
[NeuroViz] values={'Fp1': 109.32, 'Fp2': 74.24}
[NeuroViz] TimeFreq已生成: 12592 chars
[NeuroViz] Topomap已生成: 57760 chars
[NeuroViz] Topomap触发: send_counter=13160, mod=0, topomap_module=<module 'processors.topomap' from '/Users/sss/projects/neuroviz/backend/processors/topomap.py'>
[NeuroViz] 进入40帧触发块: send_counter=13160
[NeuroViz] values={'Fp1': 14.5, 'Fp2': 3.68}
[NeuroViz] TimeFreq已生成: 12492 chars
[NeuroViz] Topomap已生成: 55744 chars
[NeuroViz] Topomap触发: send_counter=13200, mod=0, topomap_module=<module 'processors.topomap' from '/Users/sss/projects/neuroviz/backend/processors/topomap.py'>
[NeuroViz] 进入40帧触发块: send_counter=13200
[NeuroViz] values={'Fp1': 35.14, 'Fp2': 87.33}
[NeuroViz] TimeFreq已生成: 12436 chars
[NeuroViz] Topomap已生成: 56748 chars
[NeuroViz] Topomap触发: send_counter=13240, mod=0, topomap_module=<module 'processors.topomap' from '/Users/sss/projects/neuroviz/backend/processors/topomap.py'>
[NeuroViz] 进入40帧触发块: send_counter=13240
[NeuroViz] values={'Fp1': 109.84, 'Fp2': 90.26}
[NeuroViz] TimeFreq已生成: 12168 chars
[NeuroViz] Topomap已生成: 59656 chars
[NeuroViz] Topomap触发: send_counter=13280, mod=0, topomap_module=<module 'processors.topomap' from '/Users/sss/projects/neuroviz/backend/processors/topomap.py'>
[NeuroViz] 进入40帧触发块: send_counter=13280
[NeuroViz] values={'Fp1': 46.03, 'Fp2': 1.73}
[NeuroViz] TimeFreq已生成: 12116 chars
[NeuroViz] Topomap已生成: 57576 chars
[NeuroViz] Topomap触发: send_counter=13320, mod=0, topomap_module=<module 'processors.topomap' from '/Users/sss/projects/neuroviz/backend/processors/topomap.py'>
[NeuroViz] 进入40帧触发块: send_counter=13320
[NeuroViz] values={'Fp1': 5.29, 'Fp2': 77.13}
[NeuroViz] TimeFreq已生成: 12396 chars
[NeuroViz] Topomap已生成: 57376 chars
[NeuroViz] Topomap触发: send_counter=13360, mod=0, topomap_module=<module 'processors.topomap' from '/Users/sss/projects/neuroviz/backend/processors/topomap.py'>
[NeuroViz] 进入40帧触发块: send_counter=13360
[NeuroViz] values={'Fp1': 85.86, 'Fp2': 102.38}
[NeuroViz] TimeFreq已生成: 12528 chars
[NeuroViz] Topomap已生成: 59184 chars
[NeuroViz] Topomap触发: send_counter=13400, mod=0, topomap_module=<module 'processors.topomap' from '/Users/sss/projects/neuroviz/backend/processors/topomap.py'>
[NeuroViz] 进入40帧触发块: send_counter=13400
[NeuroViz] values={'Fp1': 95.62, 'Fp2': 8.37}
[NeuroViz] TimeFreq已生成: 12488 chars
[NeuroViz] Topomap已生成: 58300 chars
[NeuroViz] Topomap触发: send_counter=13440, mod=0, topomap_module=<module 'processors.topomap' from '/Users/sss/projects/neuroviz/backend/processors/topomap.py'>
[NeuroViz] 进入40帧触发块: send_counter=13440
[NeuroViz] values={'Fp1': 4.71, 'Fp2': 50.54}
[NeuroViz] TimeFreq已生成: 12476 chars
[NeuroViz] Topomap已生成: 56324 chars
[NeuroViz] Topomap触发: send_counter=13480, mod=0, topomap_module=<module 'processors.topomap' from '/Users/sss/projects/neuroviz/backend/processors/topomap.py'>
[NeuroViz] 进入40帧触发块: send_counter=13480
[NeuroViz] values={'Fp1': 39.05, 'Fp2': 106.68}
[NeuroViz] TimeFreq已生成: 12444 chars
[NeuroViz] Topomap已生成: 57908 chars
[NeuroViz] Topomap触发: send_counter=13520, mod=0, topomap_module=<module 'processors.topomap' from '/Users/sss/projects/neuroviz/backend/processors/topomap.py'>
[NeuroViz] 进入40帧触发块: send_counter=13520
[NeuroViz] values={'Fp1': 116.46, 'Fp2': 19.72}
[NeuroViz] TimeFreq已生成: 12516 chars
[NeuroViz] Topomap已生成: 56564 chars
[NeuroViz] Topomap触发: send_counter=13560, mod=0, topomap_module=<module 'processors.topomap' from '/Users/sss/projects/neuroviz/backend/processors/topomap.py'>
[NeuroViz] 进入40帧触发块: send_counter=13560
[NeuroViz] values={'Fp1': 31.11, 'Fp2': 38.8}
[NeuroViz] TimeFreq已生成: 12488 chars
[NeuroViz] Topomap已生成: 57624 chars
[NeuroViz] Topomap触发: send_counter=13600, mod=0, topomap_module=<module 'processors.topomap' from '/Users/sss/projects/neuroviz/backend/processors/topomap.py'>
[NeuroViz] 进入40帧触发块: send_counter=13600
[NeuroViz] values={'Fp1': 0.89, 'Fp2': 107.75}
[NeuroViz] TimeFreq已生成: 12512 chars
[NeuroViz] Topomap已生成: 56748 chars
[NeuroViz] Topomap触发: send_counter=13640, mod=0, topomap_module=<module 'processors.topomap' from '/Users/sss/projects/neuroviz/backend/processors/topomap.py'>
[NeuroViz] 进入40帧触发块: send_counter=13640
[NeuroViz] values={'Fp1': 11.35, 'Fp2': 36.1}
[NeuroViz] TimeFreq已生成: 12404 chars
[NeuroViz] Topomap已生成: 56260 chars
[NeuroViz] Topomap触发: send_counter=13680, mod=0, topomap_module=<module 'processors.topomap' from '/Users/sss/projects/neuroviz/backend/processors/topomap.py'>
[NeuroViz] 进入40帧触发块: send_counter=13680
[NeuroViz] values={'Fp1': 42.11, 'Fp2': 18.29}
[NeuroViz] TimeFreq已生成: 11980 chars
[NeuroViz] Topomap已生成: 56160 chars
[NeuroViz] Topomap触发: send_counter=13720, mod=0, topomap_module=<module 'processors.topomap' from '/Users/sss/projects/neuroviz/backend/processors/topomap.py'>
[NeuroViz] 进入40帧触发块: send_counter=13720
[NeuroViz] values={'Fp1': 60.47, 'Fp2': 106.76}
[NeuroViz] TimeFreq已生成: 12528 chars
[NeuroViz] Topomap已生成: 56320 chars
[NeuroViz] Topomap触发: send_counter=13760, mod=0, topomap_module=<module 'processors.topomap' from '/Users/sss/projects/neuroviz/backend/processors/topomap.py'>
[NeuroViz] 进入40帧触发块: send_counter=13760
[NeuroViz] values={'Fp1': 100.98, 'Fp2': 57.27}
[NeuroViz] TimeFreq已生成: 11992 chars
[NeuroViz] Topomap已生成: 58264 chars
[NeuroViz] Topomap触发: send_counter=13800, mod=0, topomap_module=<module 'processors.topomap' from '/Users/sss/projects/neuroviz/backend/processors/topomap.py'>
[NeuroViz] 进入40帧触发块: send_counter=13800
[NeuroViz] values={'Fp1': 107.89, 'Fp2': 5.74}
[NeuroViz] TimeFreq已生成: 12220 chars
[NeuroViz] Topomap已生成: 56436 chars
[NeuroViz] Topomap触发: send_counter=13840, mod=0, topomap_module=<module 'processors.topomap' from '/Users/sss/projects/neuroviz/backend/processors/topomap.py'>
[NeuroViz] 进入40帧触发块: send_counter=13840
[NeuroViz] values={'Fp1': 95.17, 'Fp2': 82.02}
[NeuroViz] TimeFreq已生成: 12388 chars
[NeuroViz] Topomap已生成: 57412 chars
[NeuroViz] Topomap触发: send_counter=13880, mod=0, topomap_module=<module 'processors.topomap' from '/Users/sss/projects/neuroviz/backend/processors/topomap.py'>
[NeuroViz] 进入40帧触发块: send_counter=13880
[NeuroViz] values={'Fp1': 82.12, 'Fp2': 77.45}
[NeuroViz] TimeFreq已生成: 11956 chars
[NeuroViz] Topomap已生成: 56308 chars
[NeuroViz] Topomap触发: send_counter=13920, mod=0, topomap_module=<module 'processors.topomap' from '/Users/sss/projects/neuroviz/backend/processors/topomap.py'>
[NeuroViz] 进入40帧触发块: send_counter=13920
[NeuroViz] values={'Fp1': 50.03, 'Fp2': 0.83}
[NeuroViz] TimeFreq已生成: 12416 chars
[NeuroViz] Topomap已生成: 56276 chars
[NeuroViz] Topomap触发: send_counter=13960, mod=0, topomap_module=<module 'processors.topomap' from '/Users/sss/projects/neuroviz/backend/processors/topomap.py'>
[NeuroViz] 进入40帧触发块: send_counter=13960
[NeuroViz] values={'Fp1': 25.54, 'Fp2': 67.83}
[NeuroViz] TimeFreq已生成: 12484 chars
[NeuroViz] Topomap已生成: 58284 chars
[NeuroViz] Topomap触发: send_counter=14000, mod=0, topomap_module=<module 'processors.topomap' from '/Users/sss/projects/neuroviz/backend/processors/topomap.py'>
[NeuroViz] 进入40帧触发块: send_counter=14000
[NeuroViz] values={'Fp1': 6.57, 'Fp2': 100.09}
[NeuroViz] TimeFreq已生成: 12784 chars
[NeuroViz] Topomap已生成: 56776 chars
[NeuroViz] Topomap触发: send_counter=14040, mod=0, topomap_module=<module 'processors.topomap' from '/Users/sss/projects/neuroviz/backend/processors/topomap.py'>
[NeuroViz] 进入40帧触发块: send_counter=14040
[NeuroViz] values={'Fp1': 2.48, 'Fp2': 3.69}
[NeuroViz] TimeFreq已生成: 12832 chars
[NeuroViz] Topomap已生成: 57160 chars
[NeuroViz] Topomap触发: send_counter=14080, mod=0, topomap_module=<module 'processors.topomap' from '/Users/sss/projects/neuroviz/backend/processors/topomap.py'>
[NeuroViz] 进入40帧触发块: send_counter=14080
[NeuroViz] values={'Fp1': 10.68, 'Fp2': 49.08}
[NeuroViz] TimeFreq已生成: 12448 chars
[NeuroViz] Topomap已生成: 57492 chars
[NeuroViz] Topomap触发: send_counter=14120, mod=0, topomap_module=<module 'processors.topomap' from '/Users/sss/projects/neuroviz/backend/processors/topomap.py'>
[NeuroViz] 进入40帧触发块: send_counter=14120
[NeuroViz] values={'Fp1': 43.62, 'Fp2': 103.87}
[NeuroViz] TimeFreq已生成: 11940 chars
[NeuroViz] Topomap已生成: 57520 chars
[NeuroViz] Topomap触发: send_counter=14160, mod=0, topomap_module=<module 'processors.topomap' from '/Users/sss/projects/neuroviz/backend/processors/topomap.py'>
[NeuroViz] 进入40帧触发块: send_counter=14160
[NeuroViz] values={'Fp1': 62.68, 'Fp2': 24.54}
[NeuroViz] TimeFreq已生成: 12528 chars
[NeuroViz] Topomap已生成: 57572 chars
[NeuroViz] Topomap触发: send_counter=14200, mod=0, topomap_module=<module 'processors.topomap' from '/Users/sss/projects/neuroviz/backend/processors/topomap.py'>
[NeuroViz] 进入40帧触发块: send_counter=14200
[NeuroViz] values={'Fp1': 101.78, 'Fp2': 39.67}
[NeuroViz] TimeFreq已生成: 12280 chars
[NeuroViz] Topomap已生成: 57456 chars
[NeuroViz] Topomap触发: send_counter=14240, mod=0, topomap_module=<module 'processors.topomap' from '/Users/sss/projects/neuroviz/backend/processors/topomap.py'>
[NeuroViz] 进入40帧触发块: send_counter=14240
[NeuroViz] values={'Fp1': 112.06, 'Fp2': 114.29}
[NeuroViz] TimeFreq已生成: 12252 chars
[NeuroViz] Topomap已生成: 61376 chars
[NeuroViz] Topomap触发: send_counter=14280, mod=0, topomap_module=<module 'processors.topomap' from '/Users/sss/projects/neuroviz/backend/processors/topomap.py'>
[NeuroViz] 进入40帧触发块: send_counter=14280
[NeuroViz] values={'Fp1': 104.57, 'Fp2': 40.57}
[NeuroViz] TimeFreq已生成: 12472 chars
[NeuroViz] Topomap已生成: 57020 chars
[NeuroViz] Topomap触发: send_counter=14320, mod=0, topomap_module=<module 'processors.topomap' from '/Users/sss/projects/neuroviz/backend/processors/topomap.py'>
[NeuroViz] 进入40帧触发块: send_counter=14320
[NeuroViz] values={'Fp1': 83.47, 'Fp2': 17.22}
[NeuroViz] TimeFreq已生成: 12560 chars
[NeuroViz] Topomap已生成: 57424 chars
[NeuroViz] Topomap触发: send_counter=14360, mod=0, topomap_module=<module 'processors.topomap' from '/Users/sss/projects/neuroviz/backend/processors/topomap.py'>
[NeuroViz] 进入40帧触发块: send_counter=14360
[NeuroViz] values={'Fp1': 49.26, 'Fp2': 98.2}
[NeuroViz] TimeFreq已生成: 12596 chars
[NeuroViz] Topomap已生成: 56924 chars
[NeuroViz] Topomap触发: send_counter=14400, mod=0, topomap_module=<module 'processors.topomap' from '/Users/sss/projects/neuroviz/backend/processors/topomap.py'>
[NeuroViz] 进入40帧触发块: send_counter=14400
[NeuroViz] values={'Fp1': 31.35, 'Fp2': 63.32}
[NeuroViz] TimeFreq已生成: 12036 chars
[NeuroViz] Topomap已生成: 56812 chars
[NeuroViz] Topomap触发: send_counter=14440, mod=0, topomap_module=<module 'processors.topomap' from '/Users/sss/projects/neuroviz/backend/processors/topomap.py'>
[NeuroViz] 进入40帧触发块: send_counter=14440
[NeuroViz] values={'Fp1': 5.06, 'Fp2': 5.7}
[NeuroViz] TimeFreq已生成: 12404 chars
[NeuroViz] Topomap已生成: 57444 chars
[NeuroViz] Topomap触发: send_counter=14480, mod=0, topomap_module=<module 'processors.topomap' from '/Users/sss/projects/neuroviz/backend/processors/topomap.py'>
[NeuroViz] 进入40帧触发块: send_counter=14480
[NeuroViz] values={'Fp1': 2.74, 'Fp2': 102.32}
[NeuroViz] TimeFreq已生成: 12036 chars
[NeuroViz] Topomap已生成: 56804 chars
[NeuroViz] Topomap触发: send_counter=14520, mod=0, topomap_module=<module 'processors.topomap' from '/Users/sss/projects/neuroviz/backend/processors/topomap.py'>
[NeuroViz] 进入40帧触发块: send_counter=14520
[NeuroViz] values={'Fp1': 12.54, 'Fp2': 83.69}
[NeuroViz] TimeFreq已生成: 12452 chars
[NeuroViz] Topomap已生成: 57796 chars
[NeuroViz] Topomap触发: send_counter=14560, mod=0, topomap_module=<module 'processors.topomap' from '/Users/sss/projects/neuroviz/backend/processors/topomap.py'>
[NeuroViz] 进入40帧触发块: send_counter=14560
[NeuroViz] values={'Fp1': 43.3, 'Fp2': 0.93}
[NeuroViz] TimeFreq已生成: 12460 chars
[NeuroViz] Topomap已生成: 57312 chars
[NeuroViz] Topomap触发: send_counter=14600, mod=0, topomap_module=<module 'processors.topomap' from '/Users/sss/projects/neuroviz/backend/processors/topomap.py'>
[NeuroViz] 进入40帧触发块: send_counter=14600
[NeuroViz] values={'Fp1': 78.34, 'Fp2': 80.7}
[NeuroViz] TimeFreq已生成: 12152 chars
[NeuroViz] Topomap已生成: 57808 chars
[NeuroViz] Topomap触发: send_counter=14640, mod=0, topomap_module=<module 'processors.topomap' from '/Users/sss/projects/neuroviz/backend/processors/topomap.py'>
[NeuroViz] 进入40帧触发块: send_counter=14640
[NeuroViz] values={'Fp1': 90.42, 'Fp2': 99.52}
[NeuroViz] TimeFreq已生成: 12364 chars
[NeuroViz] Topomap已生成: 56572 chars
[NeuroViz] Topomap触发: send_counter=14680, mod=0, topomap_module=<module 'processors.topomap' from '/Users/sss/projects/neuroviz/backend/processors/topomap.py'>
[NeuroViz] 进入40帧触发块: send_counter=14680
[NeuroViz] values={'Fp1': 100.57, 'Fp2': 3.39}
[NeuroViz] TimeFreq已生成: 12444 chars
[NeuroViz] Topomap已生成: 56612 chars
[NeuroViz] Topomap触发: send_counter=14720, mod=0, topomap_module=<module 'processors.topomap' from '/Users/sss/projects/neuroviz/backend/processors/topomap.py'>
[NeuroViz] 进入40帧触发块: send_counter=14720
[NeuroViz] values={'Fp1': 109.49, 'Fp2': 62.52}
[NeuroViz] TimeFreq已生成: 12524 chars
[NeuroViz] Topomap已生成: 55956 chars
[NeuroViz] Topomap触发: send_counter=14760, mod=0, topomap_module=<module 'processors.topomap' from '/Users/sss/projects/neuroviz/backend/processors/topomap.py'>
[NeuroViz] 进入40帧触发块: send_counter=14760
[NeuroViz] values={'Fp1': 78.49, 'Fp2': 106.82}
[NeuroViz] TimeFreq已生成: 12384 chars
[NeuroViz] Topomap已生成: 57652 chars
[NeuroViz] Topomap触发: send_counter=14800, mod=0, topomap_module=<module 'processors.topomap' from '/Users/sss/projects/neuroviz/backend/processors/topomap.py'>
[NeuroViz] 进入40帧触发块: send_counter=14800
[NeuroViz] values={'Fp1': 47.23, 'Fp2': 17.23}
[NeuroViz] TimeFreq已生成: 12424 chars
[NeuroViz] Topomap已生成: 56436 chars
[NeuroViz] Topomap触发: send_counter=14840, mod=0, topomap_module=<module 'processors.topomap' from '/Users/sss/projects/neuroviz/backend/processors/topomap.py'>
[NeuroViz] 进入40帧触发块: send_counter=14840
[NeuroViz] values={'Fp1': 18.0, 'Fp2': 42.84}
[NeuroViz] TimeFreq已生成: 12564 chars
[NeuroViz] Topomap已生成: 56520 chars
[NeuroViz] Topomap触发: send_counter=14880, mod=0, topomap_module=<module 'processors.topomap' from '/Users/sss/projects/neuroviz/backend/processors/topomap.py'>
[NeuroViz] 进入40帧触发块: send_counter=14880
[NeuroViz] values={'Fp1': 4.88, 'Fp2': 107.15}
[NeuroViz] TimeFreq已生成: 12932 chars
[NeuroViz] Topomap已生成: 56816 chars
[NeuroViz] Topomap触发: send_counter=14920, mod=0, topomap_module=<module 'processors.topomap' from '/Users/sss/projects/neuroviz/backend/processors/topomap.py'>
[NeuroViz] 进入40帧触发块: send_counter=14920
[NeuroViz] values={'Fp1': 3.71, 'Fp2': 32.95}
[NeuroViz] TimeFreq已生成: 12784 chars
[NeuroViz] Topomap已生成: 56880 chars
[NeuroViz] Topomap触发: send_counter=14960, mod=0, topomap_module=<module 'processors.topomap' from '/Users/sss/projects/neuroviz/backend/processors/topomap.py'>
[NeuroViz] 进入40帧触发块: send_counter=14960
[NeuroViz] values={'Fp1': 23.0, 'Fp2': 23.62}
[NeuroViz] TimeFreq已生成: 12536 chars
[NeuroViz] Topomap已生成: 59400 chars
[NeuroViz] Topomap触发: send_counter=15000, mod=0, topomap_module=<module 'processors.topomap' from '/Users/sss/projects/neuroviz/backend/processors/topomap.py'>
[NeuroViz] 进入40帧触发块: send_counter=15000
[NeuroViz] values={'Fp1': 39.89, 'Fp2': 109.16}
[NeuroViz] TimeFreq已生成: 12420 chars
[NeuroViz] Topomap已生成: 58200 chars
[NeuroViz] Topomap触发: send_counter=15040, mod=0, topomap_module=<module 'processors.topomap' from '/Users/sss/projects/neuroviz/backend/processors/topomap.py'>
[NeuroViz] 进入40帧触发块: send_counter=15040
[NeuroViz] values={'Fp1': 74.18, 'Fp2': 47.43}
[NeuroViz] TimeFreq已生成: 11936 chars
[NeuroViz] Topomap已生成: 55960 chars
[NeuroViz] Topomap触发: send_counter=15080, mod=0, topomap_module=<module 'processors.topomap' from '/Users/sss/projects/neuroviz/backend/processors/topomap.py'>
[NeuroViz] 进入40帧触发块: send_counter=15080
[NeuroViz] values={'Fp1': 100.73, 'Fp2': 9.73}
[NeuroViz] TimeFreq已生成: 12344 chars
[NeuroViz] Topomap已生成: 56252 chars
[NeuroViz] Topomap触发: send_counter=15120, mod=0, topomap_module=<module 'processors.topomap' from '/Users/sss/projects/neuroviz/backend/processors/topomap.py'>
[NeuroViz] 进入40帧触发块: send_counter=15120
[NeuroViz] values={'Fp1': 104.65, 'Fp2': 93.14}
[NeuroViz] TimeFreq已生成: 12532 chars
[NeuroViz] Topomap已生成: 56888 chars
[NeuroViz] Topomap触发: send_counter=15160, mod=0, topomap_module=<module 'processors.topomap' from '/Users/sss/projects/neuroviz/backend/processors/topomap.py'>
[NeuroViz] 进入40帧触发块: send_counter=15160
[NeuroViz] values={'Fp1': 95.5, 'Fp2': 73.8}
[NeuroViz] TimeFreq已生成: 12512 chars
[NeuroViz] Topomap已生成: 60512 chars
[NeuroViz] Topomap触发: send_counter=15200, mod=0, topomap_module=<module 'processors.topomap' from '/Users/sss/projects/neuroviz/backend/processors/topomap.py'>
[NeuroViz] 进入40帧触发块: send_counter=15200
[NeuroViz] values={'Fp1': 70.92, 'Fp2': 1.45}
[NeuroViz] TimeFreq已生成: 12392 chars
[NeuroViz] Topomap已生成: 56840 chars
[NeuroViz] Topomap触发: send_counter=15240, mod=0, topomap_module=<module 'processors.topomap' from '/Users/sss/projects/neuroviz/backend/processors/topomap.py'>
[NeuroViz] 进入40帧触发块: send_counter=15240
[NeuroViz] values={'Fp1': 49.98, 'Fp2': 81.35}
[NeuroViz] TimeFreq已生成: 12524 chars
[NeuroViz] Topomap已生成: 57712 chars
[NeuroViz] Topomap触发: send_counter=15280, mod=0, topomap_module=<module 'processors.topomap' from '/Users/sss/projects/neuroviz/backend/processors/topomap.py'>
[NeuroViz] 进入40帧触发块: send_counter=15280
[NeuroViz] values={'Fp1': 17.32, 'Fp2': 88.99}
[NeuroViz] TimeFreq已生成: 12456 chars
[NeuroViz] Topomap已生成: 57804 chars
[NeuroViz] Topomap触发: send_counter=15320, mod=0, topomap_module=<module 'processors.topomap' from '/Users/sss/projects/neuroviz/backend/processors/topomap.py'>
[NeuroViz] 进入40帧触发块: send_counter=15320
[NeuroViz] values={'Fp1': 1.03, 'Fp2': 1.7}
[NeuroViz] TimeFreq已生成: 12808 chars
[NeuroViz] Topomap已生成: 56660 chars
[NeuroViz] Topomap触发: send_counter=15360, mod=0, topomap_module=<module 'processors.topomap' from '/Users/sss/projects/neuroviz/backend/processors/topomap.py'>
[NeuroViz] 进入40帧触发块: send_counter=15360
[NeuroViz] values={'Fp1': 2.99, 'Fp2': 54.9}
[NeuroViz] TimeFreq已生成: 12460 chars
[NeuroViz] Topomap已生成: 56612 chars
[NeuroViz] Topomap触发: send_counter=15400, mod=0, topomap_module=<module 'processors.topomap' from '/Users/sss/projects/neuroviz/backend/processors/topomap.py'>
[NeuroViz] 进入40帧触发块: send_counter=15400
[NeuroViz] values={'Fp1': 23.54, 'Fp2': 110.14}
[NeuroViz] TimeFreq已生成: 12388 chars
[NeuroViz] Topomap已生成: 59124 chars
[NeuroViz] Topomap触发: send_counter=15440, mod=0, topomap_module=<module 'processors.topomap' from '/Users/sss/projects/neuroviz/backend/processors/topomap.py'>
[NeuroViz] 进入40帧触发块: send_counter=15440
[NeuroViz] values={'Fp1': 53.38, 'Fp2': 7.65}
[NeuroViz] TimeFreq已生成: 12480 chars
[NeuroViz] Topomap已生成: 55768 chars
[NeuroViz] Topomap触发: send_counter=15480, mod=0, topomap_module=<module 'processors.topomap' from '/Users/sss/projects/neuroviz/backend/processors/topomap.py'>
[NeuroViz] 进入40帧触发块: send_counter=15480
[NeuroViz] values={'Fp1': 74.75, 'Fp2': 36.83}
[NeuroViz] TimeFreq已生成: 12492 chars
[NeuroViz] Topomap已生成: 57436 chars
[NeuroViz] Topomap触发: send_counter=15520, mod=0, topomap_module=<module 'processors.topomap' from '/Users/sss/projects/neuroviz/backend/processors/topomap.py'>
[NeuroViz] 进入40帧触发块: send_counter=15520
[NeuroViz] values={'Fp1': 92.87, 'Fp2': 95.15}
[NeuroViz] TimeFreq已生成: 12576 chars
[NeuroViz] Topomap已生成: 58068 chars
[NeuroViz] Topomap触发: send_counter=15560, mod=0, topomap_module=<module 'processors.topomap' from '/Users/sss/projects/neuroviz/backend/processors/topomap.py'>
[NeuroViz] 进入40帧触发块: send_counter=15560
[NeuroViz] values={'Fp1': 104.96, 'Fp2': 24.49}
[NeuroViz] TimeFreq已生成: 12184 chars
[NeuroViz] Topomap已生成: 57820 chars
[NeuroViz] Topomap触发: send_counter=15600, mod=0, topomap_module=<module 'processors.topomap' from '/Users/sss/projects/neuroviz/backend/processors/topomap.py'>
[NeuroViz] 进入40帧触发块: send_counter=15600
[NeuroViz] values={'Fp1': 101.53, 'Fp2': 23.59}
[NeuroViz] TimeFreq已生成: 12036 chars
[NeuroViz] Topomap已生成: 58156 chars
[NeuroViz] Topomap触发: send_counter=15640, mod=0, topomap_module=<module 'processors.topomap' from '/Users/sss/projects/neuroviz/backend/processors/topomap.py'>
[NeuroViz] 进入40帧触发块: send_counter=15640
[NeuroViz] values={'Fp1': 64.68, 'Fp2': 109.71}
[NeuroViz] TimeFreq已生成: 12428 chars
[NeuroViz] Topomap已生成: 56424 chars
[NeuroViz] Topomap触发: send_counter=15680, mod=0, topomap_module=<module 'processors.topomap' from '/Users/sss/projects/neuroviz/backend/processors/topomap.py'>
[NeuroViz] 进入40帧触发块: send_counter=15680
[NeuroViz] values={'Fp1': 49.81, 'Fp2': 60.56}
[NeuroViz] TimeFreq已生成: 12060 chars
[NeuroViz] Topomap已生成: 57336 chars
[NeuroViz] Topomap触发: send_counter=15720, mod=0, topomap_module=<module 'processors.topomap' from '/Users/sss/projects/neuroviz/backend/processors/topomap.py'>
[NeuroViz] 进入40帧触发块: send_counter=15720
[NeuroViz] values={'Fp1': 15.28, 'Fp2': 7.07}
[NeuroViz] TimeFreq已生成: 12456 chars
[NeuroViz] Topomap已生成: 56540 chars
[NeuroViz] Topomap触发: send_counter=15760, mod=0, topomap_module=<module 'processors.topomap' from '/Users/sss/projects/neuroviz/backend/processors/topomap.py'>
[NeuroViz] 进入40帧触发块: send_counter=15760
[NeuroViz] values={'Fp1': 1.3, 'Fp2': 98.35}
[NeuroViz] TimeFreq已生成: 12844 chars
[NeuroViz] Topomap已生成: 56104 chars
[NeuroViz] Topomap触发: send_counter=15800, mod=0, topomap_module=<module 'processors.topomap' from '/Users/sss/projects/neuroviz/backend/processors/topomap.py'>
[NeuroViz] 进入40帧触发块: send_counter=15800
[NeuroViz] values={'Fp1': 4.28, 'Fp2': 73.39}
[NeuroViz] TimeFreq已生成: 12400 chars
[NeuroViz] Topomap已生成: 57552 chars
[NeuroViz] Topomap触发: send_counter=15840, mod=0, topomap_module=<module 'processors.topomap' from '/Users/sss/projects/neuroviz/backend/processors/topomap.py'>
[NeuroViz] 进入40帧触发块: send_counter=15840
[NeuroViz] values={'Fp1': 27.27, 'Fp2': 1.79}
[NeuroViz] TimeFreq已生成: 12832 chars
[NeuroViz] Topomap已生成: 55828 chars
[NeuroViz] Topomap触发: send_counter=15880, mod=0, topomap_module=<module 'processors.topomap' from '/Users/sss/projects/neuroviz/backend/processors/topomap.py'>
[NeuroViz] 进入40帧触发块: send_counter=15880
[NeuroViz] values={'Fp1': 58.1, 'Fp2': 90.54}
[NeuroViz] TimeFreq已生成: 12084 chars
[NeuroViz] Topomap已生成: 57912 chars
[NeuroViz] Topomap触发: send_counter=15920, mod=0, topomap_module=<module 'processors.topomap' from '/Users/sss/projects/neuroviz/backend/processors/topomap.py'>
[NeuroViz] 进入40帧触发块: send_counter=15920
[NeuroViz] values={'Fp1': 77.43, 'Fp2': 95.61}
[NeuroViz] TimeFreq已生成: 12392 chars
[NeuroViz] Topomap已生成: 59992 chars
[NeuroViz] Topomap触发: send_counter=15960, mod=0, topomap_module=<module 'processors.topomap' from '/Users/sss/projects/neuroviz/backend/processors/topomap.py'>
[NeuroViz] 进入40帧触发块: send_counter=15960
[NeuroViz] values={'Fp1': 104.95, 'Fp2': 2.37}
[NeuroViz] TimeFreq已生成: 12532 chars
[NeuroViz] Topomap已生成: 56408 chars
[NeuroViz] Topomap触发: send_counter=16000, mod=0, topomap_module=<module 'processors.topomap' from '/Users/sss/projects/neuroviz/backend/processors/topomap.py'>
[NeuroViz] 进入40帧触发块: send_counter=16000
[NeuroViz] values={'Fp1': 104.06, 'Fp2': 68.98}
[NeuroViz] TimeFreq已生成: 12460 chars
[NeuroViz] Topomap已生成: 57624 chars
[NeuroViz] Topomap触发: send_counter=16040, mod=0, topomap_module=<module 'processors.topomap' from '/Users/sss/projects/neuroviz/backend/processors/topomap.py'>
[NeuroViz] 进入40帧触发块: send_counter=16040
[NeuroViz] values={'Fp1': 90.83, 'Fp2': 102.86}
[NeuroViz] TimeFreq已生成: 12412 chars
[NeuroViz] Topomap已生成: 57776 chars
[NeuroViz] Topomap触发: send_counter=16080, mod=0, topomap_module=<module 'processors.topomap' from '/Users/sss/projects/neuroviz/backend/processors/topomap.py'>
[NeuroViz] 进入40帧触发块: send_counter=16080
[NeuroViz] values={'Fp1': 62.35, 'Fp2': 10.53}
[NeuroViz] TimeFreq已生成: 12488 chars
[NeuroViz] Topomap已生成: 56464 chars
[NeuroViz] Topomap触发: send_counter=16120, mod=0, topomap_module=<module 'processors.topomap' from '/Users/sss/projects/neuroviz/backend/processors/topomap.py'>
[NeuroViz] 进入40帧触发块: send_counter=16120
[NeuroViz] values={'Fp1': 35.76, 'Fp2': 46.4}
[NeuroViz] TimeFreq已生成: 12416 chars
[NeuroViz] Topomap已生成: 57092 chars
[NeuroViz] Topomap触发: send_counter=16160, mod=0, topomap_module=<module 'processors.topomap' from '/Users/sss/projects/neuroviz/backend/processors/topomap.py'>
[NeuroViz] 进入40帧触发块: send_counter=16160
[NeuroViz] values={'Fp1': 15.96, 'Fp2': 105.28}
[NeuroViz] TimeFreq已生成: 12444 chars
[NeuroViz] Topomap已生成: 58652 chars
[NeuroViz] Topomap触发: send_counter=16200, mod=0, topomap_module=<module 'processors.topomap' from '/Users/sss/projects/neuroviz/backend/processors/topomap.py'>
[NeuroViz] 进入40帧触发块: send_counter=16200
[NeuroViz] values={'Fp1': 0.57, 'Fp2': 23.76}
[NeuroViz] TimeFreq已生成: 12388 chars
[NeuroViz] Topomap已生成: 55760 chars
[NeuroViz] Topomap触发: send_counter=16240, mod=0, topomap_module=<module 'processors.topomap' from '/Users/sss/projects/neuroviz/backend/processors/topomap.py'>
[NeuroViz] 进入40帧触发块: send_counter=16240
[NeuroViz] values={'Fp1': 8.33, 'Fp2': 28.8}
[NeuroViz] TimeFreq已生成: 12416 chars
[NeuroViz] Topomap已生成: 59680 chars
[NeuroViz] Topomap触发: send_counter=16280, mod=0, topomap_module=<module 'processors.topomap' from '/Users/sss/projects/neuroviz/backend/processors/topomap.py'>
[NeuroViz] 进入40帧触发块: send_counter=16280
[NeuroViz] values={'Fp1': 24.12, 'Fp2': 102.85}
[NeuroViz] TimeFreq已生成: 12460 chars
[NeuroViz] Topomap已生成: 58424 chars
[NeuroViz] Topomap触发: send_counter=16320, mod=0, topomap_module=<module 'processors.topomap' from '/Users/sss/projects/neuroviz/backend/processors/topomap.py'>
[NeuroViz] 进入40帧触发块: send_counter=16320
[NeuroViz] values={'Fp1': 58.32, 'Fp2': 46.47}
[NeuroViz] TimeFreq已生成: 12580 chars
[NeuroViz] Topomap已生成: 57040 chars
[NeuroViz] Topomap触发: send_counter=16360, mod=0, topomap_module=<module 'processors.topomap' from '/Users/sss/projects/neuroviz/backend/processors/topomap.py'>
[NeuroViz] 进入40帧触发块: send_counter=16360
[NeuroViz] values={'Fp1': 93.69, 'Fp2': 15.12}
[NeuroViz] TimeFreq已生成: 12612 chars
[NeuroViz] Topomap已生成: 57908 chars
[NeuroViz] Topomap触发: send_counter=16400, mod=0, topomap_module=<module 'processors.topomap' from '/Users/sss/projects/neuroviz/backend/processors/topomap.py'>
[NeuroViz] 进入40帧触发块: send_counter=16400
[NeuroViz] values={'Fp1': 102.39, 'Fp2': 95.71}
[NeuroViz] TimeFreq已生成: 12248 chars
[NeuroViz] Topomap已生成: 57536 chars
[NeuroViz] Topomap触发: send_counter=16440, mod=0, topomap_module=<module 'processors.topomap' from '/Users/sss/projects/neuroviz/backend/processors/topomap.py'>
[NeuroViz] 进入40帧触发块: send_counter=16440
[NeuroViz] values={'Fp1': 108.96, 'Fp2': 66.48}
[NeuroViz] TimeFreq已生成: 12376 chars
[NeuroViz] Topomap已生成: 58328 chars
[NeuroViz] Topomap触发: send_counter=16480, mod=0, topomap_module=<module 'processors.topomap' from '/Users/sss/projects/neuroviz/backend/processors/topomap.py'>
[NeuroViz] 进入40帧触发块: send_counter=16480
[NeuroViz] values={'Fp1': 83.53, 'Fp2': 4.78}
[NeuroViz] TimeFreq已生成: 12468 chars
[NeuroViz] Topomap已生成: 58040 chars
[NeuroViz] Topomap触发: send_counter=16520, mod=0, topomap_module=<module 'processors.topomap' from '/Users/sss/projects/neuroviz/backend/processors/topomap.py'>
[NeuroViz] 进入40帧触发块: send_counter=16520
[NeuroViz] values={'Fp1': 65.85, 'Fp2': 85.32}
[NeuroViz] TimeFreq已生成: 12096 chars
[NeuroViz] Topomap已生成: 59960 chars
[NeuroViz] Topomap触发: send_counter=16560, mod=0, topomap_module=<module 'processors.topomap' from '/Users/sss/projects/neuroviz/backend/processors/topomap.py'>
[NeuroViz] 进入40帧触发块: send_counter=16560
[NeuroViz] values={'Fp1': 32.8, 'Fp2': 83.43}
[NeuroViz] TimeFreq已生成: 12436 chars
[NeuroViz] Topomap已生成: 56796 chars
[NeuroViz] Topomap触发: send_counter=16600, mod=0, topomap_module=<module 'processors.topomap' from '/Users/sss/projects/neuroviz/backend/processors/topomap.py'>
[NeuroViz] 进入40帧触发块: send_counter=16600
[NeuroViz] values={'Fp1': 8.81, 'Fp2': 2.7}
[NeuroViz] TimeFreq已生成: 12372 chars
[NeuroViz] Topomap已生成: 55392 chars
[NeuroViz] Topomap触发: send_counter=16640, mod=0, topomap_module=<module 'processors.topomap' from '/Users/sss/projects/neuroviz/backend/processors/topomap.py'>
[NeuroViz] 进入40帧触发块: send_counter=16640
[NeuroViz] values={'Fp1': 1.01, 'Fp2': 63.47}
[NeuroViz] TimeFreq已生成: 12488 chars
[NeuroViz] Topomap已生成: 56932 chars
[NeuroViz] Topomap触发: send_counter=16680, mod=0, topomap_module=<module 'processors.topomap' from '/Users/sss/projects/neuroviz/backend/processors/topomap.py'>
[NeuroViz] 进入40帧触发块: send_counter=16680
[NeuroViz] values={'Fp1': 8.96, 'Fp2': 91.84}
[NeuroViz] TimeFreq已生成: 12456 chars
[NeuroViz] Topomap已生成: 58484 chars
[NeuroViz] Topomap触发: send_counter=16720, mod=0, topomap_module=<module 'processors.topomap' from '/Users/sss/projects/neuroviz/backend/processors/topomap.py'>
[NeuroViz] 进入40帧触发块: send_counter=16720
[NeuroViz] values={'Fp1': 37.93, 'Fp2': 7.9}
[NeuroViz] TimeFreq已生成: 12200 chars
[NeuroViz] Topomap已生成: 56248 chars
[NeuroViz] Topomap触发: send_counter=16760, mod=0, topomap_module=<module 'processors.topomap' from '/Users/sss/projects/neuroviz/backend/processors/topomap.py'>
[NeuroViz] 进入40帧触发块: send_counter=16760
[NeuroViz] values={'Fp1': 53.49, 'Fp2': 42.3}
[NeuroViz] TimeFreq已生成: 12404 chars
[NeuroViz] Topomap已生成: 56452 chars
[NeuroViz] Topomap触发: send_counter=16800, mod=0, topomap_module=<module 'processors.topomap' from '/Users/sss/projects/neuroviz/backend/processors/topomap.py'>
[NeuroViz] 进入40帧触发块: send_counter=16800
[NeuroViz] values={'Fp1': 90.5, 'Fp2': 105.93}
[NeuroViz] TimeFreq已生成: 12236 chars
[NeuroViz] Topomap已生成: 58500 chars
[NeuroViz] Topomap触发: send_counter=16840, mod=0, topomap_module=<module 'processors.topomap' from '/Users/sss/projects/neuroviz/backend/processors/topomap.py'>
[NeuroViz] 进入40帧触发块: send_counter=16840
[NeuroViz] values={'Fp1': 108.12, 'Fp2': 17.25}
[NeuroViz] TimeFreq已生成: 12612 chars
[NeuroViz] Topomap已生成: 56208 chars
[NeuroViz] Topomap触发: send_counter=16880, mod=0, topomap_module=<module 'processors.topomap' from '/Users/sss/projects/neuroviz/backend/processors/topomap.py'>
[NeuroViz] 进入40帧触发块: send_counter=16880
[NeuroViz] values={'Fp1': 109.17, 'Fp2': 26.12}
[NeuroViz] TimeFreq已生成: 12236 chars
[NeuroViz] Topomap已生成: 58080 chars
[NeuroViz] Topomap触发: send_counter=16920, mod=0, topomap_module=<module 'processors.topomap' from '/Users/sss/projects/neuroviz/backend/processors/topomap.py'>
[NeuroViz] 进入40帧触发块: send_counter=16920
[NeuroViz] values={'Fp1': 96.98, 'Fp2': 112.95}
[NeuroViz] TimeFreq已生成: 11948 chars
[NeuroViz] Topomap已生成: 58788 chars
[NeuroViz] Topomap触发: send_counter=16960, mod=0, topomap_module=<module 'processors.topomap' from '/Users/sss/projects/neuroviz/backend/processors/topomap.py'>
[NeuroViz] 进入40帧触发块: send_counter=16960
[NeuroViz] values={'Fp1': 56.55, 'Fp2': 34.19}
[NeuroViz] TimeFreq已生成: 11928 chars
[NeuroViz] Topomap已生成: 59556 chars
[NeuroViz] Topomap触发: send_counter=17000, mod=0, topomap_module=<module 'processors.topomap' from '/Users/sss/projects/neuroviz/backend/processors/topomap.py'>
[NeuroViz] 进入40帧触发块: send_counter=17000
[NeuroViz] values={'Fp1': 36.77, 'Fp2': 8.85}
[NeuroViz] TimeFreq已生成: 12452 chars
[NeuroViz] Topomap已生成: 56564 chars
[NeuroViz] Topomap触发: send_counter=17040, mod=0, topomap_module=<module 'processors.topomap' from '/Users/sss/projects/neuroviz/backend/processors/topomap.py'>
[NeuroViz] 进入40帧触发块: send_counter=17040
[NeuroViz] values={'Fp1': 6.11, 'Fp2': 113.27}
[NeuroViz] TimeFreq已生成: 12476 chars
[NeuroViz] Topomap已生成: 56788 chars
[NeuroViz] Topomap触发: send_counter=17080, mod=0, topomap_module=<module 'processors.topomap' from '/Users/sss/projects/neuroviz/backend/processors/topomap.py'>
[NeuroViz] 进入40帧触发块: send_counter=17080
[NeuroViz] values={'Fp1': 1.81, 'Fp2': 61.11}
[NeuroViz] TimeFreq已生成: 12932 chars
[NeuroViz] Topomap已生成: 56928 chars
[NeuroViz] Topomap触发: send_counter=17120, mod=0, topomap_module=<module 'processors.topomap' from '/Users/sss/projects/neuroviz/backend/processors/topomap.py'>
[NeuroViz] 进入40帧触发块: send_counter=17120
[NeuroViz] values={'Fp1': 8.56, 'Fp2': 2.26}
[NeuroViz] TimeFreq已生成: 12416 chars
[NeuroViz] Topomap已生成: 55272 chars
[NeuroViz] Topomap触发: send_counter=17160, mod=0, topomap_module=<module 'processors.topomap' from '/Users/sss/projects/neuroviz/backend/processors/topomap.py'>
[NeuroViz] 进入40帧触发块: send_counter=17160
[NeuroViz] values={'Fp1': 33.72, 'Fp2': 86.48}
[NeuroViz] TimeFreq已生成: 12472 chars
[NeuroViz] Topomap已生成: 56992 chars
[NeuroViz] Topomap触发: send_counter=17200, mod=0, topomap_module=<module 'processors.topomap' from '/Users/sss/projects/neuroviz/backend/processors/topomap.py'>
[NeuroViz] 进入40帧触发块: send_counter=17200
[NeuroViz] values={'Fp1': 63.05, 'Fp2': 84.56}
[NeuroViz] TimeFreq已生成: 12196 chars
[NeuroViz] Topomap已生成: 60068 chars
[NeuroViz] Topomap触发: send_counter=17240, mod=0, topomap_module=<module 'processors.topomap' from '/Users/sss/projects/neuroviz/backend/processors/topomap.py'>
[NeuroViz] 进入40帧触发块: send_counter=17240
[NeuroViz] values={'Fp1': 83.35, 'Fp2': 1.27}
[NeuroViz] TimeFreq已生成: 12496 chars
[NeuroViz] Topomap已生成: 57764 chars
[NeuroViz] Topomap触发: send_counter=17280, mod=0, topomap_module=<module 'processors.topomap' from '/Users/sss/projects/neuroviz/backend/processors/topomap.py'>
[NeuroViz] 进入40帧触发块: send_counter=17280
[NeuroViz] values={'Fp1': 101.94, 'Fp2': 72.72}
[NeuroViz] TimeFreq已生成: 12620 chars
[NeuroViz] Topomap已生成: 56948 chars
[NeuroViz] Topomap触发: send_counter=17320, mod=0, topomap_module=<module 'processors.topomap' from '/Users/sss/projects/neuroviz/backend/processors/topomap.py'>
[NeuroViz] 进入40帧触发块: send_counter=17320
[NeuroViz] values={'Fp1': 108.76, 'Fp2': 100.08}
[NeuroViz] TimeFreq已生成: 12596 chars
[NeuroViz] Topomap已生成: 58828 chars
[NeuroViz] Topomap触发: send_counter=17360, mod=0, topomap_module=<module 'processors.topomap' from '/Users/sss/projects/neuroviz/backend/processors/topomap.py'>
[NeuroViz] 进入40帧触发块: send_counter=17360
[NeuroViz] values={'Fp1': 94.3, 'Fp2': 8.03}
[NeuroViz] TimeFreq已生成: 12496 chars
[NeuroViz] Topomap已生成: 58324 chars
[NeuroViz] Topomap触发: send_counter=17400, mod=0, topomap_module=<module 'processors.topomap' from '/Users/sss/projects/neuroviz/backend/processors/topomap.py'>
[NeuroViz] 进入40帧触发块: send_counter=17400
[NeuroViz] values={'Fp1': 60.92, 'Fp2': 58.1}
[NeuroViz] TimeFreq已生成: 12300 chars
[NeuroViz] Topomap已生成: 57768 chars
[NeuroViz] Topomap触发: send_counter=17440, mod=0, topomap_module=<module 'processors.topomap' from '/Users/sss/projects/neuroviz/backend/processors/topomap.py'>
[NeuroViz] 进入40帧触发块: send_counter=17440
[NeuroViz] values={'Fp1': 37.88, 'Fp2': 110.92}
[NeuroViz] TimeFreq已生成: 12404 chars
[NeuroViz] Topomap已生成: 58440 chars
[NeuroViz] Topomap触发: send_counter=17480, mod=0, topomap_module=<module 'processors.topomap' from '/Users/sss/projects/neuroviz/backend/processors/topomap.py'>
[NeuroViz] 进入40帧触发块: send_counter=17480
[NeuroViz] values={'Fp1': 6.29, 'Fp2': 20.67}
[NeuroViz] TimeFreq已生成: 12452 chars
[NeuroViz] Topomap已生成: 57188 chars
[NeuroViz] Topomap触发: send_counter=17520, mod=0, topomap_module=<module 'processors.topomap' from '/Users/sss/projects/neuroviz/backend/processors/topomap.py'>
[NeuroViz] 进入40帧触发块: send_counter=17520
[NeuroViz] values={'Fp1': 1.85, 'Fp2': 36.04}
[NeuroViz] TimeFreq已生成: 12420 chars
[NeuroViz] Topomap已生成: 57064 chars
[NeuroViz] Topomap触发: send_counter=17560, mod=0, topomap_module=<module 'processors.topomap' from '/Users/sss/projects/neuroviz/backend/processors/topomap.py'>
[NeuroViz] 进入40帧触发块: send_counter=17560
[NeuroViz] values={'Fp1': 9.0, 'Fp2': 112.82}
[NeuroViz] TimeFreq已生成: 12864 chars
[NeuroViz] Topomap已生成: 56804 chars
[NeuroViz] Topomap触发: send_counter=17600, mod=0, topomap_module=<module 'processors.topomap' from '/Users/sss/projects/neuroviz/backend/processors/topomap.py'>
[NeuroViz] 进入40帧触发块: send_counter=17600
[NeuroViz] values={'Fp1': 35.67, 'Fp2': 40.92}
[NeuroViz] TimeFreq已生成: 12432 chars
[NeuroViz] Topomap已生成: 56892 chars
[NeuroViz] Topomap触发: send_counter=17640, mod=0, topomap_module=<module 'processors.topomap' from '/Users/sss/projects/neuroviz/backend/processors/topomap.py'>
[NeuroViz] 进入40帧触发块: send_counter=17640
[NeuroViz] values={'Fp1': 74.89, 'Fp2': 21.97}
[NeuroViz] TimeFreq已生成: 12576 chars
[NeuroViz] Topomap已生成: 56416 chars
[NeuroViz] Topomap触发: send_counter=17680, mod=0, topomap_module=<module 'processors.topomap' from '/Users/sss/projects/neuroviz/backend/processors/topomap.py'>
[NeuroViz] 进入40帧触发块: send_counter=17680
[NeuroViz] values={'Fp1': 92.32, 'Fp2': 102.42}
[NeuroViz] TimeFreq已生成: 11948 chars
[NeuroViz] Topomap已生成: 57204 chars
[NeuroViz] Topomap触发: send_counter=17720, mod=0, topomap_module=<module 'processors.topomap' from '/Users/sss/projects/neuroviz/backend/processors/topomap.py'>
[NeuroViz] 进入40帧触发块: send_counter=17720
[NeuroViz] values={'Fp1': 102.58, 'Fp2': 52.4}
[NeuroViz] TimeFreq已生成: 12164 chars
[NeuroViz] Topomap已生成: 56624 chars
[NeuroViz] Topomap触发: send_counter=17760, mod=0, topomap_module=<module 'processors.topomap' from '/Users/sss/projects/neuroviz/backend/processors/topomap.py'>
[NeuroViz] 进入40帧触发块: send_counter=17760
[NeuroViz] values={'Fp1': 101.13, 'Fp2': 5.58}
[NeuroViz] TimeFreq已生成: 12192 chars
[NeuroViz] Topomap已生成: 56168 chars
[NeuroViz] Topomap触发: send_counter=17800, mod=0, topomap_module=<module 'processors.topomap' from '/Users/sss/projects/neuroviz/backend/processors/topomap.py'>
[NeuroViz] 进入40帧触发块: send_counter=17800
[NeuroViz] values={'Fp1': 85.62, 'Fp2': 87.66}
[NeuroViz] TimeFreq已生成: 12468 chars
[NeuroViz] Topomap已生成: 61944 chars
[NeuroViz] Topomap触发: send_counter=17840, mod=0, topomap_module=<module 'processors.topomap' from '/Users/sss/projects/neuroviz/backend/processors/topomap.py'>
[NeuroViz] 进入40帧触发块: send_counter=17840
[NeuroViz] values={'Fp1': 53.22, 'Fp2': 75.84}
[NeuroViz] TimeFreq已生成: 12496 chars
[NeuroViz] Topomap已生成: 56412 chars
[NeuroViz] Topomap触发: send_counter=17880, mod=0, topomap_module=<module 'processors.topomap' from '/Users/sss/projects/neuroviz/backend/processors/topomap.py'>
[NeuroViz] 进入40帧触发块: send_counter=17880
[NeuroViz] values={'Fp1': 20.92, 'Fp2': 2.17}
[NeuroViz] TimeFreq已生成: 12828 chars
[NeuroViz] Topomap已生成: 58488 chars
[NeuroViz] Topomap触发: send_counter=17920, mod=0, topomap_module=<module 'processors.topomap' from '/Users/sss/projects/neuroviz/backend/processors/topomap.py'>
[NeuroViz] 进入40帧触发块: send_counter=17920
[NeuroViz] values={'Fp1': 6.61, 'Fp2': 70.9}
[NeuroViz] TimeFreq已生成: 12428 chars
[NeuroViz] Topomap已生成: 57580 chars
[NeuroViz] Topomap触发: send_counter=17960, mod=0, topomap_module=<module 'processors.topomap' from '/Users/sss/projects/neuroviz/backend/processors/topomap.py'>
[NeuroViz] 进入40帧触发块: send_counter=17960
[NeuroViz] values={'Fp1': 2.3, 'Fp2': 86.7}
[NeuroViz] TimeFreq已生成: 12520 chars
[NeuroViz] Topomap已生成: 58304 chars
[NeuroViz] Topomap触发: send_counter=18000, mod=0, topomap_module=<module 'processors.topomap' from '/Users/sss/projects/neuroviz/backend/processors/topomap.py'>
[NeuroViz] 进入40帧触发块: send_counter=18000
[NeuroViz] values={'Fp1': 18.6, 'Fp2': 4.2}
[NeuroViz] TimeFreq已生成: 12788 chars
[NeuroViz] Topomap已生成: 56616 chars
[NeuroViz] Topomap触发: send_counter=18040, mod=0, topomap_module=<module 'processors.topomap' from '/Users/sss/projects/neuroviz/backend/processors/topomap.py'>
[NeuroViz] 进入40帧触发块: send_counter=18040
[NeuroViz] values={'Fp1': 37.54, 'Fp2': 49.55}
[NeuroViz] TimeFreq已生成: 12436 chars
[NeuroViz] Topomap已生成: 57148 chars
[NeuroViz] Topomap触发: send_counter=18080, mod=0, topomap_module=<module 'processors.topomap' from '/Users/sss/projects/neuroviz/backend/processors/topomap.py'>
[NeuroViz] 进入40帧触发块: send_counter=18080
[NeuroViz] values={'Fp1': 72.8, 'Fp2': 106.75}
[NeuroViz] TimeFreq已生成: 12356 chars
[NeuroViz] Topomap已生成: 58220 chars
[NeuroViz] Topomap触发: send_counter=18120, mod=0, topomap_module=<module 'processors.topomap' from '/Users/sss/projects/neuroviz/backend/processors/topomap.py'>
[NeuroViz] 进入40帧触发块: send_counter=18120
[NeuroViz] values={'Fp1': 99.21, 'Fp2': 14.76}
[NeuroViz] TimeFreq已生成: 12412 chars
[NeuroViz] Topomap已生成: 58148 chars
[NeuroViz] Topomap触发: send_counter=18160, mod=0, topomap_module=<module 'processors.topomap' from '/Users/sss/projects/neuroviz/backend/processors/topomap.py'>
[NeuroViz] 进入40帧触发块: send_counter=18160
[NeuroViz] values={'Fp1': 109.06, 'Fp2': 31.7}
[NeuroViz] TimeFreq已生成: 12284 chars
[NeuroViz] Topomap已生成: 57484 chars
[NeuroViz] Topomap触发: send_counter=18200, mod=0, topomap_module=<module 'processors.topomap' from '/Users/sss/projects/neuroviz/backend/processors/topomap.py'>
[NeuroViz] 进入40帧触发块: send_counter=18200
[NeuroViz] values={'Fp1': 101.57, 'Fp2': 107.65}
[NeuroViz] TimeFreq已生成: 12564 chars
[NeuroViz] Topomap已生成: 57872 chars
[NeuroViz] Topomap触发: send_counter=18240, mod=0, topomap_module=<module 'processors.topomap' from '/Users/sss/projects/neuroviz/backend/processors/topomap.py'>
[NeuroViz] 进入40帧触发块: send_counter=18240
[NeuroViz] values={'Fp1': 70.51, 'Fp2': 29.42}
[NeuroViz] TimeFreq已生成: 12064 chars
[NeuroViz] Topomap已生成: 58120 chars
[NeuroViz] Topomap触发: send_counter=18280, mod=0, topomap_module=<module 'processors.topomap' from '/Users/sss/projects/neuroviz/backend/processors/topomap.py'>
[NeuroViz] 进入40帧触发块: send_counter=18280
[NeuroViz] values={'Fp1': 52.98, 'Fp2': 12.55}
[NeuroViz] TimeFreq已生成: 12356 chars
[NeuroViz] Topomap已生成: 57540 chars
[NeuroViz] Topomap触发: send_counter=18320, mod=0, topomap_module=<module 'processors.topomap' from '/Users/sss/projects/neuroviz/backend/processors/topomap.py'>
[NeuroViz] 进入40帧触发块: send_counter=18320
[NeuroViz] values={'Fp1': 20.52, 'Fp2': 102.27}
[NeuroViz] TimeFreq已生成: 12436 chars
[NeuroViz] Topomap已生成: 58388 chars
[NeuroViz] Topomap触发: send_counter=18360, mod=0, topomap_module=<module 'processors.topomap' from '/Users/sss/projects/neuroviz/backend/processors/topomap.py'>
[NeuroViz] 进入40帧触发块: send_counter=18360
[NeuroViz] values={'Fp1': 1.49, 'Fp2': 49.07}
[NeuroViz] TimeFreq已生成: 12580 chars
[NeuroViz] Topomap已生成: 55864 chars
[NeuroViz] Topomap触发: send_counter=18400, mod=0, topomap_module=<module 'processors.topomap' from '/Users/sss/projects/neuroviz/backend/processors/topomap.py'>
[NeuroViz] 进入40帧触发块: send_counter=18400
[NeuroViz] values={'Fp1': 1.77, 'Fp2': 5.82}
[NeuroViz] TimeFreq已生成: 12484 chars
[NeuroViz] Topomap已生成: 58024 chars
[NeuroViz] Topomap触发: send_counter=18440, mod=0, topomap_module=<module 'processors.topomap' from '/Users/sss/projects/neuroviz/backend/processors/topomap.py'>
[NeuroViz] 进入40帧触发块: send_counter=18440
[NeuroViz] values={'Fp1': 20.63, 'Fp2': 89.8}
[NeuroViz] TimeFreq已生成: 12460 chars
[NeuroViz] Topomap已生成: 57252 chars
[NeuroViz] Topomap触发: send_counter=18480, mod=0, topomap_module=<module 'processors.topomap' from '/Users/sss/projects/neuroviz/backend/processors/topomap.py'>
[NeuroViz] 进入40帧触发块: send_counter=18480
[NeuroViz] values={'Fp1': 47.57, 'Fp2': 66.3}
[NeuroViz] TimeFreq已生成: 12424 chars
[NeuroViz] Topomap已生成: 59148 chars
[NeuroViz] Topomap触发: send_counter=18520, mod=0, topomap_module=<module 'processors.topomap' from '/Users/sss/projects/neuroviz/backend/processors/topomap.py'>
[NeuroViz] 进入40帧触发块: send_counter=18520
[NeuroViz] values={'Fp1': 73.1, 'Fp2': 1.72}
[NeuroViz] TimeFreq已生成: 12404 chars
[NeuroViz] Topomap已生成: 57116 chars
[NeuroViz] Topomap触发: send_counter=18560, mod=0, topomap_module=<module 'processors.topomap' from '/Users/sss/projects/neuroviz/backend/processors/topomap.py'>
[NeuroViz] 进入40帧触发块: send_counter=18560
[NeuroViz] values={'Fp1': 96.54, 'Fp2': 76.28}
[NeuroViz] TimeFreq已生成: 12136 chars
[NeuroViz] Topomap已生成: 59984 chars
[NeuroViz] Topomap触发: send_counter=18600, mod=0, topomap_module=<module 'processors.topomap' from '/Users/sss/projects/neuroviz/backend/processors/topomap.py'>
[NeuroViz] 进入40帧触发块: send_counter=18600
[NeuroViz] values={'Fp1': 110.31, 'Fp2': 84.72}
[NeuroViz] TimeFreq已生成: 12524 chars
[NeuroViz] Topomap已生成: 56812 chars
[NeuroViz] Topomap触发: send_counter=18640, mod=0, topomap_module=<module 'processors.topomap' from '/Users/sss/projects/neuroviz/backend/processors/topomap.py'>
[NeuroViz] 进入40帧触发块: send_counter=18640
[NeuroViz] values={'Fp1': 94.7, 'Fp2': 4.64}
[NeuroViz] TimeFreq已生成: 12340 chars
[NeuroViz] Topomap已生成: 55780 chars
[NeuroViz] Topomap触发: send_counter=18680, mod=0, topomap_module=<module 'processors.topomap' from '/Users/sss/projects/neuroviz/backend/processors/topomap.py'>
[NeuroViz] 进入40帧触发块: send_counter=18680
[NeuroViz] values={'Fp1': 72.57, 'Fp2': 62.42}
[NeuroViz] TimeFreq已生成: 11996 chars
[NeuroViz] Topomap已生成: 56280 chars
[NeuroViz] Topomap触发: send_counter=18720, mod=0, topomap_module=<module 'processors.topomap' from '/Users/sss/projects/neuroviz/backend/processors/topomap.py'>
[NeuroViz] 进入40帧触发块: send_counter=18720
[NeuroViz] values={'Fp1': 39.75, 'Fp2': 100.21}
[NeuroViz] TimeFreq已生成: 12444 chars
[NeuroViz] Topomap已生成: 58128 chars
[NeuroViz] Topomap触发: send_counter=18760, mod=0, topomap_module=<module 'processors.topomap' from '/Users/sss/projects/neuroviz/backend/processors/topomap.py'>
[NeuroViz] 进入40帧触发块: send_counter=18760
[NeuroViz] values={'Fp1': 21.99, 'Fp2': 16.65}
[NeuroViz] TimeFreq已生成: 12412 chars
[NeuroViz] Topomap已生成: 56260 chars
[NeuroViz] Topomap触发: send_counter=18800, mod=0, topomap_module=<module 'processors.topomap' from '/Users/sss/projects/neuroviz/backend/processors/topomap.py'>
[NeuroViz] 进入40帧触发块: send_counter=18800
[NeuroViz] values={'Fp1': 1.98, 'Fp2': 36.32}
[NeuroViz] TimeFreq已生成: 12400 chars
[NeuroViz] Topomap已生成: 57136 chars
[NeuroViz] Topomap触发: send_counter=18840, mod=0, topomap_module=<module 'processors.topomap' from '/Users/sss/projects/neuroviz/backend/processors/topomap.py'>
[NeuroViz] 进入40帧触发块: send_counter=18840
[NeuroViz] values={'Fp1': 2.29, 'Fp2': 103.09}
[NeuroViz] TimeFreq已生成: 12748 chars
[NeuroViz] Topomap已生成: 56612 chars
[NeuroViz] Topomap触发: send_counter=18880, mod=0, topomap_module=<module 'processors.topomap' from '/Users/sss/projects/neuroviz/backend/processors/topomap.py'>
[NeuroViz] 进入40帧触发块: send_counter=18880
[NeuroViz] values={'Fp1': 18.18, 'Fp2': 35.15}
[NeuroViz] TimeFreq已生成: 12904 chars
[NeuroViz] Topomap已生成: 58336 chars
[NeuroViz] Topomap触发: send_counter=18920, mod=0, topomap_module=<module 'processors.topomap' from '/Users/sss/projects/neuroviz/backend/processors/topomap.py'>
[NeuroViz] 进入40帧触发块: send_counter=18920
[NeuroViz] values={'Fp1': 54.91, 'Fp2': 23.59}
[NeuroViz] TimeFreq已生成: 12492 chars
[NeuroViz] Topomap已生成: 56900 chars
[NeuroViz] Topomap触发: send_counter=18960, mod=0, topomap_module=<module 'processors.topomap' from '/Users/sss/projects/neuroviz/backend/processors/topomap.py'>
[NeuroViz] 进入40帧触发块: send_counter=18960
[NeuroViz] values={'Fp1': 71.64, 'Fp2': 101.37}
[NeuroViz] TimeFreq已生成: 12428 chars
[NeuroViz] Topomap已生成: 57188 chars
[NeuroViz] Topomap触发: send_counter=19000, mod=0, topomap_module=<module 'processors.topomap' from '/Users/sss/projects/neuroviz/backend/processors/topomap.py'>
[NeuroViz] 进入40帧触发块: send_counter=19000
[NeuroViz] values={'Fp1': 100.65, 'Fp2': 55.63}
[NeuroViz] TimeFreq已生成: 12280 chars
[NeuroViz] Topomap已生成: 56328 chars
[NeuroViz] Topomap触发: send_counter=19040, mod=0, topomap_module=<module 'processors.topomap' from '/Users/sss/projects/neuroviz/backend/processors/topomap.py'>
[NeuroViz] 进入40帧触发块: send_counter=19040
[NeuroViz] values={'Fp1': 110.13, 'Fp2': 10.6}
[NeuroViz] TimeFreq已生成: 12296 chars
[NeuroViz] Topomap已生成: 56312 chars
[NeuroViz] Topomap触发: send_counter=19080, mod=0, topomap_module=<module 'processors.topomap' from '/Users/sss/projects/neuroviz/backend/processors/topomap.py'>
[NeuroViz] 进入40帧触发块: send_counter=19080
[NeuroViz] values={'Fp1': 95.12, 'Fp2': 98.28}
[NeuroViz] TimeFreq已生成: 12468 chars
[NeuroViz] Topomap已生成: 59080 chars
[NeuroViz] Topomap触发: send_counter=19120, mod=0, topomap_module=<module 'processors.topomap' from '/Users/sss/projects/neuroviz/backend/processors/topomap.py'>
[NeuroViz] 进入40帧触发块: send_counter=19120
[NeuroViz] values={'Fp1': 75.09, 'Fp2': 71.83}
[NeuroViz] TimeFreq已生成: 12428 chars
[NeuroViz] Topomap已生成: 58420 chars
[NeuroViz] Topomap触发: send_counter=19160, mod=0, topomap_module=<module 'processors.topomap' from '/Users/sss/projects/neuroviz/backend/processors/topomap.py'>
[NeuroViz] 进入40帧触发块: send_counter=19160
[NeuroViz] values={'Fp1': 38.34, 'Fp2': 3.64}
[NeuroViz] TimeFreq已生成: 12448 chars
[NeuroViz] Topomap已生成: 56940 chars
[NeuroViz] Topomap触发: send_counter=19200, mod=0, topomap_module=<module 'processors.topomap' from '/Users/sss/projects/neuroviz/backend/processors/topomap.py'>
[NeuroViz] 进入40帧触发块: send_counter=19200
[NeuroViz] values={'Fp1': 18.14, 'Fp2': 78.3}
[NeuroViz] TimeFreq已生成: 12496 chars
[NeuroViz] Topomap已生成: 56976 chars
[NeuroViz] Topomap触发: send_counter=19240, mod=0, topomap_module=<module 'processors.topomap' from '/Users/sss/projects/neuroviz/backend/processors/topomap.py'>
[NeuroViz] 进入40帧触发块: send_counter=19240
[NeuroViz] values={'Fp1': 1.89, 'Fp2': 87.02}
[NeuroViz] TimeFreq已生成: 12424 chars
[NeuroViz] Topomap已生成: 58220 chars
[NeuroViz] Topomap触发: send_counter=19280, mod=0, topomap_module=<module 'processors.topomap' from '/Users/sss/projects/neuroviz/backend/processors/topomap.py'>
[NeuroViz] 进入40帧触发块: send_counter=19280
[NeuroViz] values={'Fp1': 5.51, 'Fp2': 3.11}
[NeuroViz] TimeFreq已生成: 12560 chars
[NeuroViz] Topomap已生成: 56216 chars
[NeuroViz] Topomap触发: send_counter=19320, mod=0, topomap_module=<module 'processors.topomap' from '/Users/sss/projects/neuroviz/backend/processors/topomap.py'>
[NeuroViz] 进入40帧触发块: send_counter=19320
[NeuroViz] values={'Fp1': 20.38, 'Fp2': 57.54}
[NeuroViz] TimeFreq已生成: 12400 chars
[NeuroViz] Topomap已生成: 57256 chars
[NeuroViz] Topomap触发: send_counter=19360, mod=0, topomap_module=<module 'processors.topomap' from '/Users/sss/projects/neuroviz/backend/processors/topomap.py'>
[NeuroViz] 进入40帧触发块: send_counter=19360
[NeuroViz] values={'Fp1': 48.37, 'Fp2': 97.42}
[NeuroViz] TimeFreq已生成: 12096 chars
[NeuroViz] Topomap已生成: 56952 chars
[NeuroViz] Topomap触发: send_counter=19400, mod=0, topomap_module=<module 'processors.topomap' from '/Users/sss/projects/neuroviz/backend/processors/topomap.py'>
[NeuroViz] 进入40帧触发块: send_counter=19400
[NeuroViz] values={'Fp1': 86.45, 'Fp2': 12.9}
[NeuroViz] TimeFreq已生成: 12356 chars
[NeuroViz] Topomap已生成: 57340 chars
[NeuroViz] Topomap触发: send_counter=19440, mod=0, topomap_module=<module 'processors.topomap' from '/Users/sss/projects/neuroviz/backend/processors/topomap.py'>
[NeuroViz] 进入40帧触发块: send_counter=19440
[NeuroViz] values={'Fp1': 102.76, 'Fp2': 42.31}
[NeuroViz] TimeFreq已生成: 12140 chars
[NeuroViz] Topomap已生成: 56984 chars
[NeuroViz] Topomap触发: send_counter=19480, mod=0, topomap_module=<module 'processors.topomap' from '/Users/sss/projects/neuroviz/backend/processors/topomap.py'>
[NeuroViz] 进入40帧触发块: send_counter=19480
[NeuroViz] values={'Fp1': 101.92, 'Fp2': 104.35}
[NeuroViz] TimeFreq已生成: 12552 chars
[NeuroViz] Topomap已生成: 58460 chars
[NeuroViz] Topomap触发: send_counter=19520, mod=0, topomap_module=<module 'processors.topomap' from '/Users/sss/projects/neuroviz/backend/processors/topomap.py'>
[NeuroViz] 进入40帧触发块: send_counter=19520
[NeuroViz] values={'Fp1': 89.47, 'Fp2': 23.47}
[NeuroViz] TimeFreq已生成: 12640 chars
[NeuroViz] Topomap已生成: 56848 chars
[NeuroViz] Topomap触发: send_counter=19560, mod=0, topomap_module=<module 'processors.topomap' from '/Users/sss/projects/neuroviz/backend/processors/topomap.py'>
[NeuroViz] 进入40帧触发块: send_counter=19560
[NeuroViz] values={'Fp1': 69.08, 'Fp2': 24.66}
[NeuroViz] TimeFreq已生成: 12472 chars
[NeuroViz] Topomap已生成: 57920 chars
[NeuroViz] Topomap触发: send_counter=19600, mod=0, topomap_module=<module 'processors.topomap' from '/Users/sss/projects/neuroviz/backend/processors/topomap.py'>
[NeuroViz] 进入40帧触发块: send_counter=19600
[NeuroViz] values={'Fp1': 42.36, 'Fp2': 121.11}
[NeuroViz] TimeFreq已生成: 12448 chars
[NeuroViz] Topomap已生成: 58100 chars
[NeuroViz] Topomap触发: send_counter=19640, mod=0, topomap_module=<module 'processors.topomap' from '/Users/sss/projects/neuroviz/backend/processors/topomap.py'>
[NeuroViz] 进入40帧触发块: send_counter=19640
[NeuroViz] values={'Fp1': 9.92, 'Fp2': 41.18}
[NeuroViz] TimeFreq已生成: 12496 chars
[NeuroViz] Topomap已生成: 57500 chars
[NeuroViz] Topomap触发: send_counter=19680, mod=0, topomap_module=<module 'processors.topomap' from '/Users/sss/projects/neuroviz/backend/processors/topomap.py'>
[NeuroViz] 进入40帧触发块: send_counter=19680
[NeuroViz] values={'Fp1': 2.45, 'Fp2': 6.17}
[NeuroViz] TimeFreq已生成: 12456 chars
[NeuroViz] Topomap已生成: 58028 chars
[NeuroViz] Topomap触发: send_counter=19720, mod=0, topomap_module=<module 'processors.topomap' from '/Users/sss/projects/neuroviz/backend/processors/topomap.py'>
[NeuroViz] 进入40帧触发块: send_counter=19720
[NeuroViz] values={'Fp1': 7.78, 'Fp2': 103.11}
[NeuroViz] TimeFreq已生成: 12492 chars
[NeuroViz] Topomap已生成: 56468 chars
[NeuroViz] Topomap触发: send_counter=19760, mod=0, topomap_module=<module 'processors.topomap' from '/Users/sss/projects/neuroviz/backend/processors/topomap.py'>
[NeuroViz] 进入40帧触发块: send_counter=19760
[NeuroViz] values={'Fp1': 30.82, 'Fp2': 57.02}
[NeuroViz] TimeFreq已生成: 11940 chars
[NeuroViz] Topomap已生成: 56512 chars
[NeuroViz] Topomap触发: send_counter=19800, mod=0, topomap_module=<module 'processors.topomap' from '/Users/sss/projects/neuroviz/backend/processors/topomap.py'>
[NeuroViz] 进入40帧触发块: send_counter=19800
[NeuroViz] values={'Fp1': 53.73, 'Fp2': 1.74}
[NeuroViz] TimeFreq已生成: 12048 chars
[NeuroViz] Topomap已生成: 55892 chars
[NeuroViz] Topomap触发: send_counter=19840, mod=0, topomap_module=<module 'processors.topomap' from '/Users/sss/projects/neuroviz/backend/processors/topomap.py'>
[NeuroViz] 进入40帧触发块: send_counter=19840
[NeuroViz] values={'Fp1': 87.82, 'Fp2': 88.12}
[NeuroViz] TimeFreq已生成: 12384 chars
[NeuroViz] Topomap已生成: 59832 chars
[NeuroViz] Topomap触发: send_counter=19880, mod=0, topomap_module=<module 'processors.topomap' from '/Users/sss/projects/neuroviz/backend/processors/topomap.py'>
[NeuroViz] 进入40帧触发块: send_counter=19880
[NeuroViz] values={'Fp1': 108.43, 'Fp2': 80.2}
[NeuroViz] TimeFreq已生成: 12504 chars
[NeuroViz] Topomap已生成: 56832 chars
[NeuroViz] Topomap触发: send_counter=19920, mod=0, topomap_module=<module 'processors.topomap' from '/Users/sss/projects/neuroviz/backend/processors/topomap.py'>
[NeuroViz] 进入40帧触发块: send_counter=19920
[NeuroViz] values={'Fp1': 101.08, 'Fp2': 2.88}
[NeuroViz] TimeFreq已生成: 11936 chars
[NeuroViz] Topomap已生成: 56248 chars
[NeuroViz] Topomap触发: send_counter=19960, mod=0, topomap_module=<module 'processors.topomap' from '/Users/sss/projects/neuroviz/backend/processors/topomap.py'>
[NeuroViz] 进入40帧触发块: send_counter=19960
[NeuroViz] values={'Fp1': 80.58, 'Fp2': 65.62}
[NeuroViz] TimeFreq已生成: 12356 chars
[NeuroViz] Topomap已生成: 57992 chars
[NeuroViz] Topomap触发: send_counter=20000, mod=0, topomap_module=<module 'processors.topomap' from '/Users/sss/projects/neuroviz/backend/processors/topomap.py'>
[NeuroViz] 进入40帧触发块: send_counter=20000
[NeuroViz] values={'Fp1': 60.11, 'Fp2': 96.47}
[NeuroViz] TimeFreq已生成: 12468 chars
[NeuroViz] Topomap已生成: 57892 chars
[NeuroViz] Topomap触发: send_counter=20040, mod=0, topomap_module=<module 'processors.topomap' from '/Users/sss/projects/neuroviz/backend/processors/topomap.py'>
[NeuroViz] 进入40帧触发块: send_counter=20040
[NeuroViz] values={'Fp1': 35.87, 'Fp2': 11.74}
[NeuroViz] TimeFreq已生成: 12792 chars
[NeuroViz] Topomap已生成: 55960 chars
[NeuroViz] Topomap触发: send_counter=20080, mod=0, topomap_module=<module 'processors.topomap' from '/Users/sss/projects/neuroviz/backend/processors/topomap.py'>
[NeuroViz] 进入40帧触发块: send_counter=20080
[NeuroViz] values={'Fp1': 8.58, 'Fp2': 53.05}
[NeuroViz] TimeFreq已生成: 12488 chars
[NeuroViz] Topomap已生成: 58496 chars
[NeuroViz] Topomap触发: send_counter=20120, mod=0, topomap_module=<module 'processors.topomap' from '/Users/sss/projects/neuroviz/backend/processors/topomap.py'>
[NeuroViz] 进入40帧触发块: send_counter=20120
[NeuroViz] values={'Fp1': 0.97, 'Fp2': 107.51}
[NeuroViz] TimeFreq已生成: 12752 chars
[NeuroViz] Topomap已生成: 56592 chars
[NeuroViz] Topomap触发: send_counter=20160, mod=0, topomap_module=<module 'processors.topomap' from '/Users/sss/projects/neuroviz/backend/processors/topomap.py'>
[NeuroViz] 进入40帧触发块: send_counter=20160
[NeuroViz] values={'Fp1': 7.69, 'Fp2': 24.26}
[NeuroViz] TimeFreq已生成: 12432 chars
[NeuroViz] Topomap已生成: 57828 chars
[NeuroViz] Topomap触发: send_counter=20200, mod=0, topomap_module=<module 'processors.topomap' from '/Users/sss/projects/neuroviz/backend/processors/topomap.py'>
[NeuroViz] 进入40帧触发块: send_counter=20200
[NeuroViz] values={'Fp1': 33.12, 'Fp2': 28.99}
[NeuroViz] TimeFreq已生成: 12420 chars
[NeuroViz] Topomap已生成: 60596 chars
[NeuroViz] Topomap触发: send_counter=20240, mod=0, topomap_module=<module 'processors.topomap' from '/Users/sss/projects/neuroviz/backend/processors/topomap.py'>
[NeuroViz] 进入40帧触发块: send_counter=20240
[NeuroViz] values={'Fp1': 64.29, 'Fp2': 100.58}
[NeuroViz] TimeFreq已生成: 12480 chars
[NeuroViz] Topomap已生成: 58336 chars
[NeuroViz] Topomap触发: send_counter=20280, mod=0, topomap_module=<module 'processors.topomap' from '/Users/sss/projects/neuroviz/backend/processors/topomap.py'>
[NeuroViz] 进入40帧触发块: send_counter=20280
[NeuroViz] values={'Fp1': 88.43, 'Fp2': 44.21}
[NeuroViz] TimeFreq已生成: 12532 chars
[NeuroViz] Topomap已生成: 58192 chars
[NeuroViz] Topomap触发: send_counter=20320, mod=0, topomap_module=<module 'processors.topomap' from '/Users/sss/projects/neuroviz/backend/processors/topomap.py'>
[NeuroViz] 进入40帧触发块: send_counter=20320
[NeuroViz] values={'Fp1': 101.33, 'Fp2': 11.71}
[NeuroViz] TimeFreq已生成: 12188 chars
[NeuroViz] Topomap已生成: 58108 chars
[NeuroViz] Topomap触发: send_counter=20360, mod=0, topomap_module=<module 'processors.topomap' from '/Users/sss/projects/neuroviz/backend/processors/topomap.py'>
[NeuroViz] 进入40帧触发块: send_counter=20360
[NeuroViz] values={'Fp1': 108.38, 'Fp2': 98.38}
[NeuroViz] TimeFreq已生成: 12564 chars
[NeuroViz] Topomap已生成: 56844 chars
[NeuroViz] Topomap触发: send_counter=20400, mod=0, topomap_module=<module 'processors.topomap' from '/Users/sss/projects/neuroviz/backend/processors/topomap.py'>
[NeuroViz] 进入40帧触发块: send_counter=20400
[NeuroViz] values={'Fp1': 82.78, 'Fp2': 60.32}
[NeuroViz] TimeFreq已生成: 12592 chars
[NeuroViz] Topomap已生成: 60512 chars
[NeuroViz] Topomap触发: send_counter=20440, mod=0, topomap_module=<module 'processors.topomap' from '/Users/sss/projects/neuroviz/backend/processors/topomap.py'>
[NeuroViz] 进入40帧触发块: send_counter=20440
[NeuroViz] values={'Fp1': 65.24, 'Fp2': 5.1}
[NeuroViz] TimeFreq已生成: 12540 chars
[NeuroViz] Topomap已生成: 56456 chars
[NeuroViz] Topomap触发: send_counter=20480, mod=0, topomap_module=<module 'processors.topomap' from '/Users/sss/projects/neuroviz/backend/processors/topomap.py'>
[NeuroViz] 进入40帧触发块: send_counter=20480
[NeuroViz] values={'Fp1': 35.31, 'Fp2': 81.13}
[NeuroViz] TimeFreq已生成: 12360 chars
[NeuroViz] Topomap已生成: 56636 chars
[NeuroViz] Topomap触发: send_counter=20520, mod=0, topomap_module=<module 'processors.topomap' from '/Users/sss/projects/neuroviz/backend/processors/topomap.py'>
[NeuroViz] 进入40帧触发块: send_counter=20520
[NeuroViz] values={'Fp1': 8.59, 'Fp2': 76.16}
[NeuroViz] TimeFreq已生成: 12356 chars
[NeuroViz] Topomap已生成: 57556 chars
[NeuroViz] Topomap触发: send_counter=20560, mod=0, topomap_module=<module 'processors.topomap' from '/Users/sss/projects/neuroviz/backend/processors/topomap.py'>
[NeuroViz] 进入40帧触发块: send_counter=20560
[NeuroViz] values={'Fp1': 1.22, 'Fp2': 2.33}
[NeuroViz] TimeFreq已生成: 11984 chars
[NeuroViz] Topomap已生成: 56264 chars
[NeuroViz] Topomap触发: send_counter=20600, mod=0, topomap_module=<module 'processors.topomap' from '/Users/sss/projects/neuroviz/backend/processors/topomap.py'>
[NeuroViz] 进入40帧触发块: send_counter=20600
[NeuroViz] values={'Fp1': 6.03, 'Fp2': 64.9}
[NeuroViz] TimeFreq已生成: 12524 chars
[NeuroViz] Topomap已生成: 57216 chars
[NeuroViz] Topomap触发: send_counter=20640, mod=0, topomap_module=<module 'processors.topomap' from '/Users/sss/projects/neuroviz/backend/processors/topomap.py'>
[NeuroViz] 进入40帧触发块: send_counter=20640
[NeuroViz] values={'Fp1': 31.66, 'Fp2': 105.02}
[NeuroViz] TimeFreq已生成: 12476 chars
[NeuroViz] Topomap已生成: 57940 chars
[NeuroViz] Topomap触发: send_counter=20680, mod=0, topomap_module=<module 'processors.topomap' from '/Users/sss/projects/neuroviz/backend/processors/topomap.py'>
[NeuroViz] 进入40帧触发块: send_counter=20680
[NeuroViz] values={'Fp1': 65.21, 'Fp2': 4.65}
[NeuroViz] TimeFreq已生成: 12464 chars
[NeuroViz] Topomap已生成: 56552 chars
[NeuroViz] Topomap触发: send_counter=20720, mod=0, topomap_module=<module 'processors.topomap' from '/Users/sss/projects/neuroviz/backend/processors/topomap.py'>
[NeuroViz] 进入40帧触发块: send_counter=20720
[NeuroViz] values={'Fp1': 89.69, 'Fp2': 44.79}
[NeuroViz] TimeFreq已生成: 11968 chars
[NeuroViz] Topomap已生成: 58196 chars
[NeuroViz] Topomap触发: send_counter=20760, mod=0, topomap_module=<module 'processors.topomap' from '/Users/sss/projects/neuroviz/backend/processors/topomap.py'>
[NeuroViz] 进入40帧触发块: send_counter=20760
[NeuroViz] values={'Fp1': 100.61, 'Fp2': 104.53}
[NeuroViz] TimeFreq已生成: 12320 chars
[NeuroViz] Topomap已生成: 60620 chars
[NeuroViz] Topomap触发: send_counter=20800, mod=0, topomap_module=<module 'processors.topomap' from '/Users/sss/projects/neuroviz/backend/processors/topomap.py'>
[NeuroViz] 进入40帧触发块: send_counter=20800
[NeuroViz] values={'Fp1': 100.31, 'Fp2': 18.28}
[NeuroViz] TimeFreq已生成: 12268 chars
[NeuroViz] Topomap已生成: 58532 chars
[NeuroViz] Topomap触发: send_counter=20840, mod=0, topomap_module=<module 'processors.topomap' from '/Users/sss/projects/neuroviz/backend/processors/topomap.py'>
[NeuroViz] 进入40帧触发块: send_counter=20840
[NeuroViz] values={'Fp1': 90.36, 'Fp2': 24.66}
[NeuroViz] TimeFreq已生成: 12468 chars
[NeuroViz] Topomap已生成: 57564 chars
[NeuroViz] Topomap触发: send_counter=20880, mod=0, topomap_module=<module 'processors.topomap' from '/Users/sss/projects/neuroviz/backend/processors/topomap.py'>
[NeuroViz] 进入40帧触发块: send_counter=20880
[NeuroViz] values={'Fp1': 61.98, 'Fp2': 113.88}
[NeuroViz] TimeFreq已生成: 12472 chars
[NeuroViz] Topomap已生成: 56840 chars
[NeuroViz] Topomap触发: send_counter=20920, mod=0, topomap_module=<module 'processors.topomap' from '/Users/sss/projects/neuroviz/backend/processors/topomap.py'>
[NeuroViz] 进入40帧触发块: send_counter=20920
[NeuroViz] values={'Fp1': 26.83, 'Fp2': 36.71}
[NeuroViz] TimeFreq已生成: 12448 chars
[NeuroViz] Topomap已生成: 57024 chars
[NeuroViz] Topomap触发: send_counter=20960, mod=0, topomap_module=<module 'processors.topomap' from '/Users/sss/projects/neuroviz/backend/processors/topomap.py'>
[NeuroViz] 进入40帧触发块: send_counter=20960
[NeuroViz] values={'Fp1': 8.14, 'Fp2': 12.05}
[NeuroViz] TimeFreq已生成: 12468 chars
[NeuroViz] Topomap已生成: 58400 chars
[NeuroViz] Topomap触发: send_counter=21000, mod=0, topomap_module=<module 'processors.topomap' from '/Users/sss/projects/neuroviz/backend/processors/topomap.py'>
[NeuroViz] 进入40帧触发块: send_counter=21000
[NeuroViz] values={'Fp1': 0.67, 'Fp2': 100.4}
[NeuroViz] TimeFreq已生成: 12976 chars
[NeuroViz] Topomap已生成: 56736 chars
[NeuroViz] Topomap触发: send_counter=21040, mod=0, topomap_module=<module 'processors.topomap' from '/Users/sss/projects/neuroviz/backend/processors/topomap.py'>
[NeuroViz] 进入40帧触发块: send_counter=21040
[NeuroViz] values={'Fp1': 15.12, 'Fp2': 55.4}
[NeuroViz] TimeFreq已生成: 12368 chars
[NeuroViz] Topomap已生成: 57860 chars
[NeuroViz] Topomap触发: send_counter=21080, mod=0, topomap_module=<module 'processors.topomap' from '/Users/sss/projects/neuroviz/backend/processors/topomap.py'>
[NeuroViz] 进入40帧触发块: send_counter=21080
[NeuroViz] values={'Fp1': 34.7, 'Fp2': 3.86}
[NeuroViz] TimeFreq已生成: 12360 chars
[NeuroViz] Topomap已生成: 56344 chars
[NeuroViz] Topomap触发: send_counter=21120, mod=0, topomap_module=<module 'processors.topomap' from '/Users/sss/projects/neuroviz/backend/processors/topomap.py'>
[NeuroViz] 进入40帧触发块: send_counter=21120
[NeuroViz] values={'Fp1': 68.32, 'Fp2': 89.0}
[NeuroViz] TimeFreq已生成: 11964 chars
[NeuroViz] Topomap已生成: 60152 chars
[NeuroViz] Topomap触发: send_counter=21160, mod=0, topomap_module=<module 'processors.topomap' from '/Users/sss/projects/neuroviz/backend/processors/topomap.py'>
[NeuroViz] 进入40帧触发块: send_counter=21160
[NeuroViz] values={'Fp1': 106.94, 'Fp2': 78.8}
[NeuroViz] TimeFreq已生成: 12304 chars
[NeuroViz] Topomap已生成: 57348 chars
[NeuroViz] Topomap触发: send_counter=21200, mod=0, topomap_module=<module 'processors.topomap' from '/Users/sss/projects/neuroviz/backend/processors/topomap.py'>
[NeuroViz] 进入40帧触发块: send_counter=21200
[NeuroViz] values={'Fp1': 115.58, 'Fp2': 2.56}
[NeuroViz] TimeFreq已生成: 12212 chars
[NeuroViz] Topomap已生成: 56352 chars
[NeuroViz] Topomap触发: send_counter=21240, mod=0, topomap_module=<module 'processors.topomap' from '/Users/sss/projects/neuroviz/backend/processors/topomap.py'>
[NeuroViz] 进入40帧触发块: send_counter=21240
[NeuroViz] values={'Fp1': 94.97, 'Fp2': 71.3}
[NeuroViz] TimeFreq已生成: 12372 chars
[NeuroViz] Topomap已生成: 55924 chars
[NeuroViz] Topomap触发: send_counter=21280, mod=0, topomap_module=<module 'processors.topomap' from '/Users/sss/projects/neuroviz/backend/processors/topomap.py'>
[NeuroViz] 进入40帧触发块: send_counter=21280
[NeuroViz] values={'Fp1': 74.05, 'Fp2': 89.5}
[NeuroViz] TimeFreq已生成: 12324 chars
[NeuroViz] Topomap已生成: 58156 chars
[NeuroViz] Topomap触发: send_counter=21320, mod=0, topomap_module=<module 'processors.topomap' from '/Users/sss/projects/neuroviz/backend/processors/topomap.py'>
[NeuroViz] 进入40帧触发块: send_counter=21320
[NeuroViz] values={'Fp1': 56.22, 'Fp2': 9.78}
[NeuroViz] TimeFreq已生成: 12524 chars
[NeuroViz] Topomap已生成: 56284 chars
[NeuroViz] Topomap触发: send_counter=21360, mod=0, topomap_module=<module 'processors.topomap' from '/Users/sss/projects/neuroviz/backend/processors/topomap.py'>
[NeuroViz] 进入40帧触发块: send_counter=21360
[NeuroViz] values={'Fp1': 20.68, 'Fp2': 55.34}
[NeuroViz] TimeFreq已生成: 11956 chars
[NeuroViz] Topomap已生成: 57368 chars
[NeuroViz] Topomap触发: send_counter=21400, mod=0, topomap_module=<module 'processors.topomap' from '/Users/sss/projects/neuroviz/backend/processors/topomap.py'>
[NeuroViz] 进入40帧触发块: send_counter=21400
[NeuroViz] values={'Fp1': 7.17, 'Fp2': 117.64}
[NeuroViz] TimeFreq已生成: 12416 chars
[NeuroViz] Topomap已生成: 56664 chars
[NeuroViz] Topomap触发: send_counter=21440, mod=0, topomap_module=<module 'processors.topomap' from '/Users/sss/projects/neuroviz/backend/processors/topomap.py'>
[NeuroViz] 进入40帧触发块: send_counter=21440
[NeuroViz] values={'Fp1': 0.88, 'Fp2': 19.21}
[NeuroViz] TimeFreq已生成: 12464 chars
[NeuroViz] Topomap已生成: 58440 chars
[NeuroViz] Topomap触发: send_counter=21480, mod=0, topomap_module=<module 'processors.topomap' from '/Users/sss/projects/neuroviz/backend/processors/topomap.py'>
[NeuroViz] 进入40帧触发块: send_counter=21480
[NeuroViz] values={'Fp1': 15.9, 'Fp2': 35.44}
[NeuroViz] TimeFreq已生成: 12484 chars
[NeuroViz] Topomap已生成: 59828 chars
[NeuroViz] Topomap触发: send_counter=21520, mod=0, topomap_module=<module 'processors.topomap' from '/Users/sss/projects/neuroviz/backend/processors/topomap.py'>
[NeuroViz] 进入40帧触发块: send_counter=21520
[NeuroViz] values={'Fp1': 47.84, 'Fp2': 101.81}
[NeuroViz] TimeFreq已生成: 12352 chars
[NeuroViz] Topomap已生成: 57344 chars
[NeuroViz] Topomap触发: send_counter=21560, mod=0, topomap_module=<module 'processors.topomap' from '/Users/sss/projects/neuroviz/backend/processors/topomap.py'>
[NeuroViz] 进入40帧触发块: send_counter=21560
[NeuroViz] values={'Fp1': 71.85, 'Fp2': 38.02}
[NeuroViz] TimeFreq已生成: 12420 chars
[NeuroViz] Topomap已生成: 56836 chars
[NeuroViz] Topomap触发: send_counter=21600, mod=0, topomap_module=<module 'processors.topomap' from '/Users/sss/projects/neuroviz/backend/processors/topomap.py'>
[NeuroViz] 进入40帧触发块: send_counter=21600
[NeuroViz] values={'Fp1': 92.67, 'Fp2': 16.46}
[NeuroViz] TimeFreq已生成: 12412 chars
[NeuroViz] Topomap已生成: 57948 chars
[NeuroViz] Topomap触发: send_counter=21640, mod=0, topomap_module=<module 'processors.topomap' from '/Users/sss/projects/neuroviz/backend/processors/topomap.py'>
[NeuroViz] 进入40帧触发块: send_counter=21640
[NeuroViz] values={'Fp1': 106.99, 'Fp2': 110.67}
[NeuroViz] TimeFreq已生成: 12304 chars
[NeuroViz] Topomap已生成: 60676 chars
[NeuroViz] Topomap触发: send_counter=21680, mod=0, topomap_module=<module 'processors.topomap' from '/Users/sss/projects/neuroviz/backend/processors/topomap.py'>
[NeuroViz] 进入40帧触发块: send_counter=21680
[NeuroViz] values={'Fp1': 108.12, 'Fp2': 57.11}
[NeuroViz] TimeFreq已生成: 11996 chars
[NeuroViz] Topomap已生成: 56272 chars
[NeuroViz] Topomap触发: send_counter=21720, mod=0, topomap_module=<module 'processors.topomap' from '/Users/sss/projects/neuroviz/backend/processors/topomap.py'>
[NeuroViz] 进入40帧触发块: send_counter=21720
[NeuroViz] values={'Fp1': 84.07, 'Fp2': 7.03}
[NeuroViz] TimeFreq已生成: 12816 chars
[NeuroViz] Topomap已生成: 57824 chars
[NeuroViz] Topomap触发: send_counter=21760, mod=0, topomap_module=<module 'processors.topomap' from '/Users/sss/projects/neuroviz/backend/processors/topomap.py'>
[NeuroViz] 进入40帧触发块: send_counter=21760
[NeuroViz] values={'Fp1': 41.36, 'Fp2': 95.95}
[NeuroViz] TimeFreq已生成: 11984 chars
[NeuroViz] Topomap已生成: 56876 chars
[NeuroViz] Topomap触发: send_counter=21800, mod=0, topomap_module=<module 'processors.topomap' from '/Users/sss/projects/neuroviz/backend/processors/topomap.py'>
[NeuroViz] 进入40帧触发块: send_counter=21800
[NeuroViz] values={'Fp1': 23.21, 'Fp2': 82.19}
[NeuroViz] TimeFreq已生成: 12492 chars
[NeuroViz] Topomap已生成: 57428 chars
[NeuroViz] Topomap触发: send_counter=21840, mod=0, topomap_module=<module 'processors.topomap' from '/Users/sss/projects/neuroviz/backend/processors/topomap.py'>
[NeuroViz] 进入40帧触发块: send_counter=21840
[NeuroViz] values={'Fp1': 4.05, 'Fp2': 1.94}
[NeuroViz] TimeFreq已生成: 12560 chars
[NeuroViz] Topomap已生成: 59248 chars
[NeuroViz] Topomap触发: send_counter=21880, mod=0, topomap_module=<module 'processors.topomap' from '/Users/sss/projects/neuroviz/backend/processors/topomap.py'>
[NeuroViz] 进入40帧触发块: send_counter=21880
[NeuroViz] values={'Fp1': 1.95, 'Fp2': 69.16}
[NeuroViz] TimeFreq已生成: 12668 chars
[NeuroViz] Topomap已生成: 57144 chars
[NeuroViz] Topomap触发: send_counter=21920, mod=0, topomap_module=<module 'processors.topomap' from '/Users/sss/projects/neuroviz/backend/processors/topomap.py'>
[NeuroViz] 进入40帧触发块: send_counter=21920
[NeuroViz] values={'Fp1': 15.93, 'Fp2': 85.08}
[NeuroViz] TimeFreq已生成: 12412 chars
[NeuroViz] Topomap已生成: 57728 chars
[NeuroViz] Topomap触发: send_counter=21960, mod=0, topomap_module=<module 'processors.topomap' from '/Users/sss/projects/neuroviz/backend/processors/topomap.py'>
[NeuroViz] 进入40帧触发块: send_counter=21960
[NeuroViz] values={'Fp1': 49.9, 'Fp2': 2.88}
[NeuroViz] TimeFreq已生成: 12492 chars
[NeuroViz] Topomap已生成: 55756 chars
[NeuroViz] Topomap触发: send_counter=22000, mod=0, topomap_module=<module 'processors.topomap' from '/Users/sss/projects/neuroviz/backend/processors/topomap.py'>
[NeuroViz] 进入40帧触发块: send_counter=22000
[NeuroViz] values={'Fp1': 61.75, 'Fp2': 46.48}
[NeuroViz] TimeFreq已生成: 12472 chars
[NeuroViz] Topomap已生成: 57584 chars
[NeuroViz] Topomap触发: send_counter=22040, mod=0, topomap_module=<module 'processors.topomap' from '/Users/sss/projects/neuroviz/backend/processors/topomap.py'>
[NeuroViz] 进入40帧触发块: send_counter=22040
[NeuroViz] values={'Fp1': 93.27, 'Fp2': 104.64}
[NeuroViz] TimeFreq已生成: 12508 chars
[NeuroViz] Topomap已生成: 57500 chars
[NeuroViz] Topomap触发: send_counter=22080, mod=0, topomap_module=<module 'processors.topomap' from '/Users/sss/projects/neuroviz/backend/processors/topomap.py'>
[NeuroViz] 进入40帧触发块: send_counter=22080
[NeuroViz] values={'Fp1': 108.79, 'Fp2': 14.85}
[NeuroViz] TimeFreq已生成: 12408 chars
[NeuroViz] Topomap已生成: 56372 chars
[NeuroViz] Topomap触发: send_counter=22120, mod=0, topomap_module=<module 'processors.topomap' from '/Users/sss/projects/neuroviz/backend/processors/topomap.py'>
[NeuroViz] 进入40帧触发块: send_counter=22120
[NeuroViz] values={'Fp1': 102.94, 'Fp2': 34.54}
[NeuroViz] TimeFreq已生成: 12500 chars
[NeuroViz] Topomap已生成: 57620 chars
[NeuroViz] Topomap触发: send_counter=22160, mod=0, topomap_module=<module 'processors.topomap' from '/Users/sss/projects/neuroviz/backend/processors/topomap.py'>
[NeuroViz] 进入40帧触发块: send_counter=22160
[NeuroViz] values={'Fp1': 76.61, 'Fp2': 113.98}
[NeuroViz] TimeFreq已生成: 12404 chars
[NeuroViz] Topomap已生成: 58000 chars
[NeuroViz] Topomap触发: send_counter=22200, mod=0, topomap_module=<module 'processors.topomap' from '/Users/sss/projects/neuroviz/backend/processors/topomap.py'>
[NeuroViz] 进入40帧触发块: send_counter=22200
[NeuroViz] values={'Fp1': 40.16, 'Fp2': 24.33}
[NeuroViz] TimeFreq已生成: 12444 chars
[NeuroViz] Topomap已生成: 58016 chars
[NeuroViz] Topomap触发: send_counter=22240, mod=0, topomap_module=<module 'processors.topomap' from '/Users/sss/projects/neuroviz/backend/processors/topomap.py'>
[NeuroViz] 进入40帧触发块: send_counter=22240
[NeuroViz] values={'Fp1': 23.23, 'Fp2': 16.8}
[NeuroViz] TimeFreq已生成: 12476 chars
[NeuroViz] Topomap已生成: 57024 chars
[NeuroViz] Topomap触发: send_counter=22280, mod=0, topomap_module=<module 'processors.topomap' from '/Users/sss/projects/neuroviz/backend/processors/topomap.py'>
[NeuroViz] 进入40帧触发块: send_counter=22280
[NeuroViz] values={'Fp1': 3.04, 'Fp2': 106.19}
[NeuroViz] TimeFreq已生成: 12480 chars
[NeuroViz] Topomap已生成: 56680 chars
[NeuroViz] Topomap触发: send_counter=22320, mod=0, topomap_module=<module 'processors.topomap' from '/Users/sss/projects/neuroviz/backend/processors/topomap.py'>
[NeuroViz] 进入40帧触发块: send_counter=22320
[NeuroViz] values={'Fp1': 4.26, 'Fp2': 46.18}
[NeuroViz] TimeFreq已生成: 12816 chars
[NeuroViz] Topomap已生成: 58144 chars
[NeuroViz] Topomap触发: send_counter=22360, mod=0, topomap_module=<module 'processors.topomap' from '/Users/sss/projects/neuroviz/backend/processors/topomap.py'>
[NeuroViz] 进入40帧触发块: send_counter=22360
[NeuroViz] values={'Fp1': 19.66, 'Fp2': 6.83}
[NeuroViz] TimeFreq已生成: 12336 chars
[NeuroViz] Topomap已生成: 56268 chars
[NeuroViz] Topomap触发: send_counter=22400, mod=0, topomap_module=<module 'processors.topomap' from '/Users/sss/projects/neuroviz/backend/processors/topomap.py'>
[NeuroViz] 进入40帧触发块: send_counter=22400
[NeuroViz] values={'Fp1': 44.2, 'Fp2': 92.53}
[NeuroViz] TimeFreq已生成: 12412 chars
[NeuroViz] Topomap已生成: 56976 chars
[NeuroViz] Topomap触发: send_counter=22440, mod=0, topomap_module=<module 'processors.topomap' from '/Users/sss/projects/neuroviz/backend/processors/topomap.py'>
[NeuroViz] 进入40帧触发块: send_counter=22440
[NeuroViz] values={'Fp1': 90.65, 'Fp2': 79.09}
[NeuroViz] TimeFreq已生成: 12380 chars
[NeuroViz] Topomap已生成: 57184 chars
[NeuroViz] Topomap触发: send_counter=22480, mod=0, topomap_module=<module 'processors.topomap' from '/Users/sss/projects/neuroviz/backend/processors/topomap.py'>
[NeuroViz] 进入40帧触发块: send_counter=22480
[NeuroViz] values={'Fp1': 94.32, 'Fp2': 1.2}
[NeuroViz] TimeFreq已生成: 12284 chars
[NeuroViz] Topomap已生成: 55856 chars
[NeuroViz] Topomap触发: send_counter=22520, mod=0, topomap_module=<module 'processors.topomap' from '/Users/sss/projects/neuroviz/backend/processors/topomap.py'>
[NeuroViz] 进入40帧触发块: send_counter=22520
[NeuroViz] values={'Fp1': 101.28, 'Fp2': 76.01}
[NeuroViz] TimeFreq已生成: 12344 chars
[NeuroViz] Topomap已生成: 56432 chars
[NeuroViz] Topomap触发: send_counter=22560, mod=0, topomap_module=<module 'processors.topomap' from '/Users/sss/projects/neuroviz/backend/processors/topomap.py'>
[NeuroViz] 进入40帧触发块: send_counter=22560
[NeuroViz] values={'Fp1': 97.97, 'Fp2': 84.13}
[NeuroViz] TimeFreq已生成: 12576 chars
[NeuroViz] Topomap已生成: 57220 chars
[NeuroViz] Topomap触发: send_counter=22600, mod=0, topomap_module=<module 'processors.topomap' from '/Users/sss/projects/neuroviz/backend/processors/topomap.py'>
[NeuroViz] 进入40帧触发块: send_counter=22600
[NeuroViz] values={'Fp1': 73.5, 'Fp2': 5.18}
[NeuroViz] TimeFreq已生成: 12364 chars
[NeuroViz] Topomap已生成: 57176 chars
[NeuroViz] Topomap触发: send_counter=22640, mod=0, topomap_module=<module 'processors.topomap' from '/Users/sss/projects/neuroviz/backend/processors/topomap.py'>
[NeuroViz] 进入40帧触发块: send_counter=22640
[NeuroViz] values={'Fp1': 38.8, 'Fp2': 55.3}
[NeuroViz] TimeFreq已生成: 12440 chars
[NeuroViz] Topomap已生成: 58252 chars
[NeuroViz] Topomap触发: send_counter=22680, mod=0, topomap_module=<module 'processors.topomap' from '/Users/sss/projects/neuroviz/backend/processors/topomap.py'>
[NeuroViz] 进入40帧触发块: send_counter=22680
[NeuroViz] values={'Fp1': 13.13, 'Fp2': 106.04}
[NeuroViz] TimeFreq已生成: 12432 chars
[NeuroViz] Topomap已生成: 56644 chars
[NeuroViz] Topomap触发: send_counter=22720, mod=0, topomap_module=<module 'processors.topomap' from '/Users/sss/projects/neuroviz/backend/processors/topomap.py'>
[NeuroViz] 进入40帧触发块: send_counter=22720
[NeuroViz] values={'Fp1': 2.22, 'Fp2': 15.81}
[NeuroViz] TimeFreq已生成: 12836 chars
[NeuroViz] Topomap已生成: 56344 chars
[NeuroViz] Topomap触发: send_counter=22760, mod=0, topomap_module=<module 'processors.topomap' from '/Users/sss/projects/neuroviz/backend/processors/topomap.py'>
[NeuroViz] 进入40帧触发块: send_counter=22760
[NeuroViz] values={'Fp1': 5.47, 'Fp2': 41.94}
[NeuroViz] TimeFreq已生成: 12416 chars
[NeuroViz] Topomap已生成: 57364 chars
[NeuroViz] Topomap触发: send_counter=22800, mod=0, topomap_module=<module 'processors.topomap' from '/Users/sss/projects/neuroviz/backend/processors/topomap.py'>
[NeuroViz] 进入40帧触发块: send_counter=22800
[NeuroViz] values={'Fp1': 31.51, 'Fp2': 105.05}
[NeuroViz] TimeFreq已生成: 12388 chars
[NeuroViz] Topomap已生成: 57984 chars
[NeuroViz] Topomap触发: send_counter=22840, mod=0, topomap_module=<module 'processors.topomap' from '/Users/sss/projects/neuroviz/backend/processors/topomap.py'>
[NeuroViz] 进入40帧触发块: send_counter=22840
[NeuroViz] values={'Fp1': 53.49, 'Fp2': 31.68}
[NeuroViz] TimeFreq已生成: 12040 chars
[NeuroViz] Topomap已生成: 59680 chars
[NeuroViz] Topomap触发: send_counter=22880, mod=0, topomap_module=<module 'processors.topomap' from '/Users/sss/projects/neuroviz/backend/processors/topomap.py'>
[NeuroViz] 进入40帧触发块: send_counter=22880
[NeuroViz] values={'Fp1': 86.58, 'Fp2': 25.6}
[NeuroViz] TimeFreq已生成: 12584 chars
[NeuroViz] Topomap已生成: 56984 chars
[NeuroViz] Topomap触发: send_counter=22920, mod=0, topomap_module=<module 'processors.topomap' from '/Users/sss/projects/neuroviz/backend/processors/topomap.py'>
[NeuroViz] 进入40帧触发块: send_counter=22920
[NeuroViz] values={'Fp1': 106.68, 'Fp2': 109.84}
[NeuroViz] TimeFreq已生成: 12248 chars
[NeuroViz] Topomap已生成: 59492 chars
[NeuroViz] Topomap触发: send_counter=22960, mod=0, topomap_module=<module 'processors.topomap' from '/Users/sss/projects/neuroviz/backend/processors/topomap.py'>
[NeuroViz] 进入40帧触发块: send_counter=22960
[NeuroViz] values={'Fp1': 106.24, 'Fp2': 52.74}
[NeuroViz] TimeFreq已生成: 12304 chars
[NeuroViz] Topomap已生成: 56736 chars
[NeuroViz] Topomap触发: send_counter=23000, mod=0, topomap_module=<module 'processors.topomap' from '/Users/sss/projects/neuroviz/backend/processors/topomap.py'>
[NeuroViz] 进入40帧触发块: send_counter=23000
[NeuroViz] values={'Fp1': 99.86, 'Fp2': 9.01}
[NeuroViz] TimeFreq已生成: 12092 chars
[NeuroViz] Topomap已生成: 55928 chars
[NeuroViz] Topomap触发: send_counter=23040, mod=0, topomap_module=<module 'processors.topomap' from '/Users/sss/projects/neuroviz/backend/processors/topomap.py'>
[NeuroViz] 进入40帧触发块: send_counter=23040
[NeuroViz] values={'Fp1': 61.8, 'Fp2': 97.85}
[NeuroViz] TimeFreq已生成: 12316 chars
[NeuroViz] Topomap已生成: 57900 chars
[NeuroViz] Topomap触发: send_counter=23080, mod=0, topomap_module=<module 'processors.topomap' from '/Users/sss/projects/neuroviz/backend/processors/topomap.py'>
[NeuroViz] 进入40帧触发块: send_counter=23080
[NeuroViz] values={'Fp1': 39.21, 'Fp2': 66.21}
[NeuroViz] TimeFreq已生成: 12460 chars
[NeuroViz] Topomap已生成: 57140 chars
[NeuroViz] Topomap触发: send_counter=23120, mod=0, topomap_module=<module 'processors.topomap' from '/Users/sss/projects/neuroviz/backend/processors/topomap.py'>
[NeuroViz] 进入40帧触发块: send_counter=23120
[NeuroViz] values={'Fp1': 13.21, 'Fp2': 1.84}
[NeuroViz] TimeFreq已生成: 12508 chars
[NeuroViz] Topomap已生成: 55780 chars
[NeuroViz] Topomap触发: send_counter=23160, mod=0, topomap_module=<module 'processors.topomap' from '/Users/sss/projects/neuroviz/backend/processors/topomap.py'>
[NeuroViz] 进入40帧触发块: send_counter=23160
[NeuroViz] values={'Fp1': 1.35, 'Fp2': 91.56}
[NeuroViz] TimeFreq已生成: 13096 chars
[NeuroViz] Topomap已生成: 56104 chars
[NeuroViz] Topomap触发: send_counter=23200, mod=0, topomap_module=<module 'processors.topomap' from '/Users/sss/projects/neuroviz/backend/processors/topomap.py'>
[NeuroViz] 进入40帧触发块: send_counter=23200
[NeuroViz] values={'Fp1': 7.32, 'Fp2': 89.26}
[NeuroViz] TimeFreq已生成: 12524 chars
[NeuroViz] Topomap已生成: 58412 chars
[NeuroViz] Topomap触发: send_counter=23240, mod=0, topomap_module=<module 'processors.topomap' from '/Users/sss/projects/neuroviz/backend/processors/topomap.py'>
[NeuroViz] 进入40帧触发块: send_counter=23240
[NeuroViz] values={'Fp1': 33.48, 'Fp2': 2.36}
[NeuroViz] TimeFreq已生成: 12392 chars
[NeuroViz] Topomap已生成: 56336 chars
[NeuroViz] Topomap触发: send_counter=23280, mod=0, topomap_module=<module 'processors.topomap' from '/Users/sss/projects/neuroviz/backend/processors/topomap.py'>
[NeuroViz] 进入40帧触发块: send_counter=23280
[NeuroViz] values={'Fp1': 67.41, 'Fp2': 73.97}
[NeuroViz] TimeFreq已生成: 12504 chars
[NeuroViz] Topomap已生成: 57048 chars
[NeuroViz] Topomap触发: send_counter=23320, mod=0, topomap_module=<module 'processors.topomap' from '/Users/sss/projects/neuroviz/backend/processors/topomap.py'>
[NeuroViz] 进入40帧触发块: send_counter=23320
[NeuroViz] values={'Fp1': 86.12, 'Fp2': 99.17}
[NeuroViz] TimeFreq已生成: 12512 chars
[NeuroViz] Topomap已生成: 57644 chars
[NeuroViz] Topomap触发: send_counter=23360, mod=0, topomap_module=<module 'processors.topomap' from '/Users/sss/projects/neuroviz/backend/processors/topomap.py'>
[NeuroViz] 进入40帧触发块: send_counter=23360
[NeuroViz] values={'Fp1': 111.83, 'Fp2': 9.53}
[NeuroViz] TimeFreq已生成: 12648 chars
[NeuroViz] Topomap已生成: 56420 chars
[NeuroViz] Topomap触发: send_counter=23400, mod=0, topomap_module=<module 'processors.topomap' from '/Users/sss/projects/neuroviz/backend/processors/topomap.py'>
[NeuroViz] 进入40帧触发块: send_counter=23400
[NeuroViz] values={'Fp1': 102.71, 'Fp2': 49.09}
[NeuroViz] TimeFreq已生成: 12380 chars
[NeuroViz] Topomap已生成: 57136 chars
[NeuroViz] Topomap触发: send_counter=23440, mod=0, topomap_module=<module 'processors.topomap' from '/Users/sss/projects/neuroviz/backend/processors/topomap.py'>
[NeuroViz] 进入40帧触发块: send_counter=23440
[NeuroViz] values={'Fp1': 93.13, 'Fp2': 110.08}
[NeuroViz] TimeFreq已生成: 12600 chars
[NeuroViz] Topomap已生成: 59524 chars
[NeuroViz] Topomap触发: send_counter=23480, mod=0, topomap_module=<module 'processors.topomap' from '/Users/sss/projects/neuroviz/backend/processors/topomap.py'>
[NeuroViz] 进入40帧触发块: send_counter=23480
[NeuroViz] values={'Fp1': 65.23, 'Fp2': 23.79}
[NeuroViz] TimeFreq已生成: 12444 chars
[NeuroViz] Topomap已生成: 58512 chars
[NeuroViz] Topomap触发: send_counter=23520, mod=0, topomap_module=<module 'processors.topomap' from '/Users/sss/projects/neuroviz/backend/processors/topomap.py'>
[NeuroViz] 进入40帧触发块: send_counter=23520
[NeuroViz] values={'Fp1': 39.1, 'Fp2': 25.82}
[NeuroViz] TimeFreq已生成: 12304 chars
[NeuroViz] Topomap已生成: 57748 chars
[NeuroViz] Topomap触发: send_counter=23560, mod=0, topomap_module=<module 'processors.topomap' from '/Users/sss/projects/neuroviz/backend/processors/topomap.py'>
[NeuroViz] 进入40帧触发块: send_counter=23560
[NeuroViz] values={'Fp1': 10.14, 'Fp2': 108.94}
[NeuroViz] TimeFreq已生成: 12440 chars
[NeuroViz] Topomap已生成: 56648 chars
[NeuroViz] Topomap触发: send_counter=23600, mod=0, topomap_module=<module 'processors.topomap' from '/Users/sss/projects/neuroviz/backend/processors/topomap.py'>
[NeuroViz] 进入40帧触发块: send_counter=23600
[NeuroViz] values={'Fp1': 1.03, 'Fp2': 40.72}
[NeuroViz] TimeFreq已生成: 12416 chars
[NeuroViz] Topomap已生成: 57436 chars
[NeuroViz] Topomap触发: send_counter=23640, mod=0, topomap_module=<module 'processors.topomap' from '/Users/sss/projects/neuroviz/backend/processors/topomap.py'>
[NeuroViz] 进入40帧触发块: send_counter=23640
[NeuroViz] values={'Fp1': 5.84, 'Fp2': 9.61}
[NeuroViz] TimeFreq已生成: 12468 chars
[NeuroViz] Topomap已生成: 58504 chars
[NeuroViz] Topomap触发: send_counter=23680, mod=0, topomap_module=<module 'processors.topomap' from '/Users/sss/projects/neuroviz/backend/processors/topomap.py'>
[NeuroViz] 进入40帧触发块: send_counter=23680
[NeuroViz] values={'Fp1': 31.28, 'Fp2': 99.93}
[NeuroViz] TimeFreq已生成: 12452 chars
[NeuroViz] Topomap已生成: 57324 chars
[NeuroViz] Topomap触发: send_counter=23720, mod=0, topomap_module=<module 'processors.topomap' from '/Users/sss/projects/neuroviz/backend/processors/topomap.py'>
[NeuroViz] 进入40帧触发块: send_counter=23720
[NeuroViz] values={'Fp1': 61.65, 'Fp2': 53.68}
[NeuroViz] TimeFreq已生成: 12492 chars
[NeuroViz] Topomap已生成: 57876 chars
[NeuroViz] Topomap触发: send_counter=23760, mod=0, topomap_module=<module 'processors.topomap' from '/Users/sss/projects/neuroviz/backend/processors/topomap.py'>
[NeuroViz] 进入40帧触发块: send_counter=23760
[NeuroViz] values={'Fp1': 85.32, 'Fp2': 1.85}
[NeuroViz] TimeFreq已生成: 12316 chars
[NeuroViz] Topomap已生成: 57764 chars
[NeuroViz] Topomap触发: send_counter=23800, mod=0, topomap_module=<module 'processors.topomap' from '/Users/sss/projects/neuroviz/backend/processors/topomap.py'>
[NeuroViz] 进入40帧触发块: send_counter=23800
[NeuroViz] values={'Fp1': 104.39, 'Fp2': 86.32}
[NeuroViz] TimeFreq已生成: 12532 chars
[NeuroViz] Topomap已生成: 59328 chars
[NeuroViz] Topomap触发: send_counter=23840, mod=0, topomap_module=<module 'processors.topomap' from '/Users/sss/projects/neuroviz/backend/processors/topomap.py'>
[NeuroViz] 进入40帧触发块: send_counter=23840
[NeuroViz] values={'Fp1': 110.59, 'Fp2': 87.26}
[NeuroViz] TimeFreq已生成: 12552 chars
[NeuroViz] Topomap已生成: 56320 chars
[NeuroViz] Topomap触发: send_counter=23880, mod=0, topomap_module=<module 'processors.topomap' from '/Users/sss/projects/neuroviz/backend/processors/topomap.py'>
[NeuroViz] 进入40帧触发块: send_counter=23880
[NeuroViz] values={'Fp1': 94.17, 'Fp2': 3.98}
[NeuroViz] TimeFreq已生成: 11928 chars
[NeuroViz] Topomap已生成: 55912 chars
[NeuroViz] Topomap触发: send_counter=23920, mod=0, topomap_module=<module 'processors.topomap' from '/Users/sss/projects/neuroviz/backend/processors/topomap.py'>
[NeuroViz] 进入40帧触发块: send_counter=23920
[NeuroViz] values={'Fp1': 59.4, 'Fp2': 67.65}
[NeuroViz] TimeFreq已生成: 12340 chars
[NeuroViz] Topomap已生成: 58424 chars
[NeuroViz] Topomap触发: send_counter=23960, mod=0, topomap_module=<module 'processors.topomap' from '/Users/sss/projects/neuroviz/backend/processors/topomap.py'>
[NeuroViz] 进入40帧触发块: send_counter=23960
[NeuroViz] values={'Fp1': 29.02, 'Fp2': 107.28}
[NeuroViz] TimeFreq已生成: 12428 chars
[NeuroViz] Topomap已生成: 58424 chars
[NeuroViz] Topomap触发: send_counter=24000, mod=0, topomap_module=<module 'processors.topomap' from '/Users/sss/projects/neuroviz/backend/processors/topomap.py'>
[NeuroViz] 进入40帧触发块: send_counter=24000
[NeuroViz] values={'Fp1': 11.35, 'Fp2': 10.89}
[NeuroViz] TimeFreq已生成: 12864 chars
[NeuroViz] Topomap已生成: 56068 chars
[NeuroViz] Topomap触发: send_counter=24040, mod=0, topomap_module=<module 'processors.topomap' from '/Users/sss/projects/neuroviz/backend/processors/topomap.py'>
[NeuroViz] 进入40帧触发块: send_counter=24040
[NeuroViz] values={'Fp1': 0.67, 'Fp2': 46.8}
[NeuroViz] TimeFreq已生成: 13036 chars
[NeuroViz] Topomap已生成: 56136 chars
[NeuroViz] Topomap触发: send_counter=24080, mod=0, topomap_module=<module 'processors.topomap' from '/Users/sss/projects/neuroviz/backend/processors/topomap.py'>
[NeuroViz] 进入40帧触发块: send_counter=24080
[NeuroViz] values={'Fp1': 10.55, 'Fp2': 103.52}
[NeuroViz] TimeFreq已生成: 12832 chars
[NeuroViz] Topomap已生成: 56672 chars
[NeuroViz] Topomap触发: send_counter=24120, mod=0, topomap_module=<module 'processors.topomap' from '/Users/sss/projects/neuroviz/backend/processors/topomap.py'>
[NeuroViz] 进入40帧触发块: send_counter=24120
[NeuroViz] values={'Fp1': 30.31, 'Fp2': 23.19}
[NeuroViz] TimeFreq已生成: 12280 chars
[NeuroViz] Topomap已生成: 57592 chars
[NeuroViz] Topomap触发: send_counter=24160, mod=0, topomap_module=<module 'processors.topomap' from '/Users/sss/projects/neuroviz/backend/processors/topomap.py'>
[NeuroViz] 进入40帧触发块: send_counter=24160
[NeuroViz] values={'Fp1': 60.14, 'Fp2': 28.15}
[NeuroViz] TimeFreq已生成: 12520 chars
[NeuroViz] Topomap已生成: 56972 chars
[NeuroViz] Topomap触发: send_counter=24200, mod=0, topomap_module=<module 'processors.topomap' from '/Users/sss/projects/neuroviz/backend/processors/topomap.py'>
[NeuroViz] 进入40帧触发块: send_counter=24200
[NeuroViz] values={'Fp1': 97.98, 'Fp2': 110.2}
[NeuroViz] TimeFreq已生成: 12284 chars
[NeuroViz] Topomap已生成: 58260 chars
[NeuroViz] Topomap触发: send_counter=24240, mod=0, topomap_module=<module 'processors.topomap' from '/Users/sss/projects/neuroviz/backend/processors/topomap.py'>
[NeuroViz] 进入40帧触发块: send_counter=24240
[NeuroViz] values={'Fp1': 106.62, 'Fp2': 43.7}
[NeuroViz] TimeFreq已生成: 12528 chars
[NeuroViz] Topomap已生成: 57008 chars
[NeuroViz] Topomap触发: send_counter=24280, mod=0, topomap_module=<module 'processors.topomap' from '/Users/sss/projects/neuroviz/backend/processors/topomap.py'>
[NeuroViz] 进入40帧触发块: send_counter=24280
[NeuroViz] values={'Fp1': 110.15, 'Fp2': 14.79}
[NeuroViz] TimeFreq已生成: 12612 chars
[NeuroViz] Topomap已生成: 56080 chars
[NeuroViz] Topomap触发: send_counter=24320, mod=0, topomap_module=<module 'processors.topomap' from '/Users/sss/projects/neuroviz/backend/processors/topomap.py'>
[NeuroViz] 进入40帧触发块: send_counter=24320
[NeuroViz] values={'Fp1': 80.13, 'Fp2': 97.3}
[NeuroViz] TimeFreq已生成: 12276 chars
[NeuroViz] Topomap已生成: 58704 chars
[NeuroViz] Topomap触发: send_counter=24360, mod=0, topomap_module=<module 'processors.topomap' from '/Users/sss/projects/neuroviz/backend/processors/topomap.py'>
[NeuroViz] 进入40帧触发块: send_counter=24360
[NeuroViz] values={'Fp1': 66.61, 'Fp2': 67.52}
[NeuroViz] TimeFreq已生成: 12700 chars
[NeuroViz] Topomap已生成: 57372 chars
[NeuroViz] Topomap触发: send_counter=24400, mod=0, topomap_module=<module 'processors.topomap' from '/Users/sss/projects/neuroviz/backend/processors/topomap.py'>
[NeuroViz] 进入40帧触发块: send_counter=24400
[NeuroViz] values={'Fp1': 26.63, 'Fp2': 3.66}
[NeuroViz] TimeFreq已生成: 12324 chars
[NeuroViz] Topomap已生成: 55688 chars
[NeuroViz] Topomap触发: send_counter=24440, mod=0, topomap_module=<module 'processors.topomap' from '/Users/sss/projects/neuroviz/backend/processors/topomap.py'>
[NeuroViz] 进入40帧触发块: send_counter=24440
[NeuroViz] values={'Fp1': 3.72, 'Fp2': 94.27}
[NeuroViz] TimeFreq已生成: 12404 chars
[NeuroViz] Topomap已生成: 56300 chars
[NeuroViz] Topomap触发: send_counter=24480, mod=0, topomap_module=<module 'processors.topomap' from '/Users/sss/projects/neuroviz/backend/processors/topomap.py'>
[NeuroViz] 进入40帧触发块: send_counter=24480
[NeuroViz] values={'Fp1': 1.32, 'Fp2': 88.58}
[NeuroViz] TimeFreq已生成: 12324 chars
[NeuroViz] Topomap已生成: 58172 chars
[NeuroViz] Topomap触发: send_counter=24520, mod=0, topomap_module=<module 'processors.topomap' from '/Users/sss/projects/neuroviz/backend/processors/topomap.py'>
[NeuroViz] 进入40帧触发块: send_counter=24520
[NeuroViz] values={'Fp1': 11.14, 'Fp2': 1.18}
[NeuroViz] TimeFreq已生成: 12396 chars
[NeuroViz] Topomap已生成: 55060 chars
[NeuroViz] Topomap触发: send_counter=24560, mod=0, topomap_module=<module 'processors.topomap' from '/Users/sss/projects/neuroviz/backend/processors/topomap.py'>
[NeuroViz] 进入40帧触发块: send_counter=24560
[NeuroViz] values={'Fp1': 45.43, 'Fp2': 87.29}
[NeuroViz] TimeFreq已生成: 12376 chars
[NeuroViz] Topomap已生成: 58188 chars
[NeuroViz] Topomap触发: send_counter=24600, mod=0, topomap_module=<module 'processors.topomap' from '/Users/sss/projects/neuroviz/backend/processors/topomap.py'>
[NeuroViz] 进入40帧触发块: send_counter=24600
[NeuroViz] values={'Fp1': 68.74, 'Fp2': 103.91}
[NeuroViz] TimeFreq已生成: 12408 chars
[NeuroViz] Topomap已生成: 58056 chars
[NeuroViz] Topomap触发: send_counter=24640, mod=0, topomap_module=<module 'processors.topomap' from '/Users/sss/projects/neuroviz/backend/processors/topomap.py'>
[NeuroViz] 进入40帧触发块: send_counter=24640
[NeuroViz] values={'Fp1': 94.02, 'Fp2': 6.6}
[NeuroViz] TimeFreq已生成: 12608 chars
[NeuroViz] Topomap已生成: 58344 chars
[NeuroViz] Topomap触发: send_counter=24680, mod=0, topomap_module=<module 'processors.topomap' from '/Users/sss/projects/neuroviz/backend/processors/topomap.py'>
[NeuroViz] 进入40帧触发块: send_counter=24680
[NeuroViz] values={'Fp1': 107.85, 'Fp2': 61.75}
[NeuroViz] TimeFreq已生成: 12532 chars
[NeuroViz] Topomap已生成: 56132 chars
[NeuroViz] Topomap触发: send_counter=24720, mod=0, topomap_module=<module 'processors.topomap' from '/Users/sss/projects/neuroviz/backend/processors/topomap.py'>
[NeuroViz] 进入40帧触发块: send_counter=24720
[NeuroViz] values={'Fp1': 101.04, 'Fp2': 108.74}
[NeuroViz] TimeFreq已生成: 12524 chars
[NeuroViz] Topomap已生成: 58732 chars
[NeuroViz] Topomap触发: send_counter=24760, mod=0, topomap_module=<module 'processors.topomap' from '/Users/sss/projects/neuroviz/backend/processors/topomap.py'>
[NeuroViz] 进入40帧触发块: send_counter=24760
[NeuroViz] values={'Fp1': 78.52, 'Fp2': 18.15}
[NeuroViz] TimeFreq已生成: 12440 chars
[NeuroViz] Topomap已生成: 56736 chars
[NeuroViz] Topomap触发: send_counter=24800, mod=0, topomap_module=<module 'processors.topomap' from '/Users/sss/projects/neuroviz/backend/processors/topomap.py'>
[NeuroViz] 进入40帧触发块: send_counter=24800
[NeuroViz] values={'Fp1': 47.58, 'Fp2': 37.66}
[NeuroViz] TimeFreq已生成: 12364 chars
[NeuroViz] Topomap已生成: 56020 chars
[NeuroViz] Topomap触发: send_counter=24840, mod=0, topomap_module=<module 'processors.topomap' from '/Users/sss/projects/neuroviz/backend/processors/topomap.py'>
[NeuroViz] 进入40帧触发块: send_counter=24840
[NeuroViz] values={'Fp1': 26.72, 'Fp2': 110.85}
[NeuroViz] TimeFreq已生成: 12648 chars
[NeuroViz] Topomap已生成: 59072 chars
[NeuroViz] Topomap触发: send_counter=24880, mod=0, topomap_module=<module 'processors.topomap' from '/Users/sss/projects/neuroviz/backend/processors/topomap.py'>
[NeuroViz] 进入40帧触发块: send_counter=24880
[NeuroViz] values={'Fp1': 5.92, 'Fp2': 37.72}
[NeuroViz] TimeFreq已生成: 12464 chars
[NeuroViz] Topomap已生成: 56932 chars
[NeuroViz] Topomap触发: send_counter=24920, mod=0, topomap_module=<module 'processors.topomap' from '/Users/sss/projects/neuroviz/backend/processors/topomap.py'>
[NeuroViz] 进入40帧触发块: send_counter=24920
[NeuroViz] values={'Fp1': 3.88, 'Fp2': 23.17}
[NeuroViz] TimeFreq已生成: 12692 chars
[NeuroViz] Topomap已生成: 59024 chars
[NeuroViz] Topomap触发: send_counter=24960, mod=0, topomap_module=<module 'processors.topomap' from '/Users/sss/projects/neuroviz/backend/processors/topomap.py'>
[NeuroViz] 进入40帧触发块: send_counter=24960
[NeuroViz] values={'Fp1': 12.75, 'Fp2': 99.04}
[NeuroViz] TimeFreq已生成: 12504 chars
[NeuroViz] Topomap已生成: 58320 chars
[NeuroViz] Topomap触发: send_counter=25000, mod=0, topomap_module=<module 'processors.topomap' from '/Users/sss/projects/neuroviz/backend/processors/topomap.py'>
[NeuroViz] 进入40帧触发块: send_counter=25000
[NeuroViz] values={'Fp1': 43.97, 'Fp2': 48.14}
[NeuroViz] TimeFreq已生成: 12464 chars
[NeuroViz] Topomap已生成: 60204 chars
[NeuroViz] Topomap触发: send_counter=25040, mod=0, topomap_module=<module 'processors.topomap' from '/Users/sss/projects/neuroviz/backend/processors/topomap.py'>
[NeuroViz] 进入40帧触发块: send_counter=25040
[NeuroViz] values={'Fp1': 66.85, 'Fp2': 2.8}
[NeuroViz] TimeFreq已生成: 12600 chars
[NeuroViz] Topomap已生成: 56780 chars
[NeuroViz] Topomap触发: send_counter=25080, mod=0, topomap_module=<module 'processors.topomap' from '/Users/sss/projects/neuroviz/backend/processors/topomap.py'>
[NeuroViz] 进入40帧触发块: send_counter=25080
[NeuroViz] values={'Fp1': 93.37, 'Fp2': 95.8}
[NeuroViz] TimeFreq已生成: 12352 chars
[NeuroViz] Topomap已生成: 57972 chars
[NeuroViz] Topomap触发: send_counter=25120, mod=0, topomap_module=<module 'processors.topomap' from '/Users/sss/projects/neuroviz/backend/processors/topomap.py'>
[NeuroViz] 进入40帧触发块: send_counter=25120
[NeuroViz] values={'Fp1': 113.45, 'Fp2': 85.82}
[NeuroViz] TimeFreq已生成: 12528 chars
[NeuroViz] Topomap已生成: 56604 chars
[NeuroViz] Topomap触发: send_counter=25160, mod=0, topomap_module=<module 'processors.topomap' from '/Users/sss/projects/neuroviz/backend/processors/topomap.py'>
[NeuroViz] 进入40帧触发块: send_counter=25160
[NeuroViz] values={'Fp1': 106.13, 'Fp2': 1.46}
[NeuroViz] TimeFreq已生成: 12564 chars
[NeuroViz] Topomap已生成: 56140 chars
[NeuroViz] Topomap触发: send_counter=25200, mod=0, topomap_module=<module 'processors.topomap' from '/Users/sss/projects/neuroviz/backend/processors/topomap.py'>
[NeuroViz] 进入40帧触发块: send_counter=25200
[NeuroViz] values={'Fp1': 76.48, 'Fp2': 72.61}
[NeuroViz] TimeFreq已生成: 12688 chars
[NeuroViz] Topomap已生成: 58756 chars
[NeuroViz] Topomap触发: send_counter=25240, mod=0, topomap_module=<module 'processors.topomap' from '/Users/sss/projects/neuroviz/backend/processors/topomap.py'>
[NeuroViz] 进入40帧触发块: send_counter=25240
[NeuroViz] values={'Fp1': 45.5, 'Fp2': 92.12}
[NeuroViz] TimeFreq已生成: 12484 chars
[NeuroViz] Topomap已生成: 56788 chars
[NeuroViz] Topomap触发: send_counter=25280, mod=0, topomap_module=<module 'processors.topomap' from '/Users/sss/projects/neuroviz/backend/processors/topomap.py'>
[NeuroViz] 进入40帧触发块: send_counter=25280
[NeuroViz] values={'Fp1': 30.69, 'Fp2': 9.6}
[NeuroViz] TimeFreq已生成: 12392 chars
[NeuroViz] Topomap已生成: 59784 chars
[NeuroViz] Topomap触发: send_counter=25320, mod=0, topomap_module=<module 'processors.topomap' from '/Users/sss/projects/neuroviz/backend/processors/topomap.py'>
[NeuroViz] 进入40帧触发块: send_counter=25320
[NeuroViz] values={'Fp1': 2.5, 'Fp2': 58.51}
[NeuroViz] TimeFreq已生成: 12412 chars
[NeuroViz] Topomap已生成: 56536 chars
[NeuroViz] Topomap触发: send_counter=25360, mod=0, topomap_module=<module 'processors.topomap' from '/Users/sss/projects/neuroviz/backend/processors/topomap.py'>
[NeuroViz] 进入40帧触发块: send_counter=25360
[NeuroViz] values={'Fp1': 3.69, 'Fp2': 105.45}
[NeuroViz] TimeFreq已生成: 12396 chars
[NeuroViz] Topomap已生成: 56844 chars
[NeuroViz] Topomap触发: send_counter=25400, mod=0, topomap_module=<module 'processors.topomap' from '/Users/sss/projects/neuroviz/backend/processors/topomap.py'>
[NeuroViz] 进入40帧触发块: send_counter=25400
[NeuroViz] values={'Fp1': 12.23, 'Fp2': 20.03}
[NeuroViz] TimeFreq已生成: 12396 chars
[NeuroViz] Topomap已生成: 57592 chars
[NeuroViz] Topomap触发: send_counter=25440, mod=0, topomap_module=<module 'processors.topomap' from '/Users/sss/projects/neuroviz/backend/processors/topomap.py'>
[NeuroViz] 进入40帧触发块: send_counter=25440
[NeuroViz] values={'Fp1': 46.56, 'Fp2': 37.44}
[NeuroViz] TimeFreq已生成: 12484 chars
[NeuroViz] Topomap已生成: 56236 chars
[NeuroViz] Topomap触发: send_counter=25480, mod=0, topomap_module=<module 'processors.topomap' from '/Users/sss/projects/neuroviz/backend/processors/topomap.py'>
[NeuroViz] 进入40帧触发块: send_counter=25480
[NeuroViz] values={'Fp1': 76.24, 'Fp2': 113.24}
[NeuroViz] TimeFreq已生成: 11992 chars
[NeuroViz] Topomap已生成: 58084 chars
[NeuroViz] Topomap触发: send_counter=25520, mod=0, topomap_module=<module 'processors.topomap' from '/Users/sss/projects/neuroviz/backend/processors/topomap.py'>
[NeuroViz] 进入40帧触发块: send_counter=25520
[NeuroViz] values={'Fp1': 94.72, 'Fp2': 33.94}
[NeuroViz] TimeFreq已生成: 12476 chars
[NeuroViz] Topomap已生成: 56992 chars
[NeuroViz] Topomap触发: send_counter=25560, mod=0, topomap_module=<module 'processors.topomap' from '/Users/sss/projects/neuroviz/backend/processors/topomap.py'>
[NeuroViz] 进入40帧触发块: send_counter=25560
[NeuroViz] values={'Fp1': 97.37, 'Fp2': 14.93}
[NeuroViz] TimeFreq已生成: 12584 chars
[NeuroViz] Topomap已生成: 58020 chars
[NeuroViz] Topomap触发: send_counter=25600, mod=0, topomap_module=<module 'processors.topomap' from '/Users/sss/projects/neuroviz/backend/processors/topomap.py'>
[NeuroViz] 进入40帧触发块: send_counter=25600
[NeuroViz] values={'Fp1': 95.42, 'Fp2': 106.63}
[NeuroViz] TimeFreq已生成: 12536 chars
[NeuroViz] Topomap已生成: 57796 chars
[NeuroViz] Topomap触发: send_counter=25640, mod=0, topomap_module=<module 'processors.topomap' from '/Users/sss/projects/neuroviz/backend/processors/topomap.py'>
[NeuroViz] 进入40帧触发块: send_counter=25640
[NeuroViz] values={'Fp1': 77.89, 'Fp2': 59.41}
[NeuroViz] TimeFreq已生成: 12372 chars
[NeuroViz] Topomap已生成: 59588 chars
[NeuroViz] Topomap触发: send_counter=25680, mod=0, topomap_module=<module 'processors.topomap' from '/Users/sss/projects/neuroviz/backend/processors/topomap.py'>
[NeuroViz] 进入40帧触发块: send_counter=25680
[NeuroViz] values={'Fp1': 41.17, 'Fp2': 5.29}
[NeuroViz] TimeFreq已生成: 11980 chars
[NeuroViz] Topomap已生成: 56832 chars
[NeuroViz] Topomap触发: send_counter=25720, mod=0, topomap_module=<module 'processors.topomap' from '/Users/sss/projects/neuroviz/backend/processors/topomap.py'>
[NeuroViz] 进入40帧触发块: send_counter=25720
[NeuroViz] values={'Fp1': 17.04, 'Fp2': 95.68}
[NeuroViz] TimeFreq已生成: 12064 chars
[NeuroViz] Topomap已生成: 58376 chars
[NeuroViz] Topomap触发: send_counter=25760, mod=0, topomap_module=<module 'processors.topomap' from '/Users/sss/projects/neuroviz/backend/processors/topomap.py'>
[NeuroViz] 进入40帧触发块: send_counter=25760
[NeuroViz] values={'Fp1': 2.71, 'Fp2': 75.3}
[NeuroViz] TimeFreq已生成: 12292 chars
[NeuroViz] Topomap已生成: 57676 chars
[NeuroViz] Topomap触发: send_counter=25800, mod=0, topomap_module=<module 'processors.topomap' from '/Users/sss/projects/neuroviz/backend/processors/topomap.py'>
[NeuroViz] 进入40帧触发块: send_counter=25800
[NeuroViz] values={'Fp1': 5.98, 'Fp2': 1.83}
[NeuroViz] TimeFreq已生成: 12504 chars
[NeuroViz] Topomap已生成: 57708 chars
[NeuroViz] Topomap触发: send_counter=25840, mod=0, topomap_module=<module 'processors.topomap' from '/Users/sss/projects/neuroviz/backend/processors/topomap.py'>
[NeuroViz] 进入40帧触发块: send_counter=25840
[NeuroViz] values={'Fp1': 23.8, 'Fp2': 85.11}
[NeuroViz] TimeFreq已生成: 11972 chars
[NeuroViz] Topomap已生成: 57180 chars
[NeuroViz] Topomap触发: send_counter=25880, mod=0, topomap_module=<module 'processors.topomap' from '/Users/sss/projects/neuroviz/backend/processors/topomap.py'>
[NeuroViz] 进入40帧触发块: send_counter=25880
[NeuroViz] values={'Fp1': 42.13, 'Fp2': 100.45}
[NeuroViz] TimeFreq已生成: 12716 chars
[NeuroViz] Topomap已生成: 57604 chars
[NeuroViz] Topomap触发: send_counter=25920, mod=0, topomap_module=<module 'processors.topomap' from '/Users/sss/projects/neuroviz/backend/processors/topomap.py'>
[NeuroViz] 进入40帧触发块: send_counter=25920
[NeuroViz] values={'Fp1': 78.31, 'Fp2': 3.97}
[NeuroViz] TimeFreq已生成: 12112 chars
[NeuroViz] Topomap已生成: 57232 chars
[NeuroViz] Topomap触发: send_counter=25960, mod=0, topomap_module=<module 'processors.topomap' from '/Users/sss/projects/neuroviz/backend/processors/topomap.py'>
[NeuroViz] 进入40帧触发块: send_counter=25960
[NeuroViz] values={'Fp1': 111.05, 'Fp2': 116.62}
[NeuroViz] TimeFreq已生成: 12524 chars
[NeuroViz] Topomap已生成: 56456 chars
[NeuroViz] Topomap触发: send_counter=26000, mod=0, topomap_module=<module 'processors.topomap' from '/Users/sss/projects/neuroviz/backend/processors/topomap.py'>
[NeuroViz] 进入40帧触发块: send_counter=26000
[NeuroViz] values={'Fp1': 110.49, 'Fp2': 56.77}
[NeuroViz] TimeFreq已生成: 12492 chars
[NeuroViz] Topomap已生成: 56796 chars
INFO:     127.0.0.1:60503 - "GET /static/index.html HTTP/1.1" 200 OK
INFO:     connection closed
INFO:     127.0.0.1:60503 - "GET /static/lib/OrbitControls.js HTTP/1.1" 304 Not Modified
INFO:     127.0.0.1:60504 - "WebSocket /ws" [accepted]
INFO:     connection open
[NeuroViz] 客户端连接, 当前2个
INFO:     127.0.0.1:60503 - "GET /static/index.html HTTP/1.1" 200 OK
INFO:     connection closed
INFO:     127.0.0.1:60506 - "WebSocket /ws" [accepted]
INFO:     connection open
[NeuroViz] 客户端连接, 当前3个
[NeuroViz] Topomap触发: send_counter=40, mod=0, topomap_module=<module 'processors.topomap' from '/Users/sss/projects/neuroviz/backend/processors/topomap.py'>
[NeuroViz] 进入40帧触发块: send_counter=40
[NeuroViz] values={'Fp1': 41.61, 'Fp2': 63.03}
[NeuroViz] TimeFreq已生成: 11980 chars
[NeuroViz] Topomap已生成: 60120 chars
[NeuroViz] Topomap触发: send_counter=80, mod=0, topomap_module=<module 'processors.topomap' from '/Users/sss/projects/neuroviz/backend/processors/topomap.py'>
[NeuroViz] 进入40帧触发块: send_counter=80
[NeuroViz] values={'Fp1': 61.18, 'Fp2': 2.26}
[NeuroViz] TimeFreq已生成: 12380 chars
[NeuroViz] Topomap已生成: 56632 chars
[NeuroViz] Topomap触发: send_counter=120, mod=0, topomap_module=<module 'processors.topomap' from '/Users/sss/projects/neuroviz/backend/processors/topomap.py'>
[NeuroViz] 进入40帧触发块: send_counter=120
[NeuroViz] values={'Fp1': 91.94, 'Fp2': 78.37}
[NeuroViz] TimeFreq已生成: 12332 chars
[NeuroViz] Topomap已生成: 57016 chars
[NeuroViz] Topomap触发: send_counter=160, mod=0, topomap_module=<module 'processors.topomap' from '/Users/sss/projects/neuroviz/backend/processors/topomap.py'>
[NeuroViz] 进入40帧触发块: send_counter=160
[NeuroViz] values={'Fp1': 100.8, 'Fp2': 102.91}
[NeuroViz] TimeFreq已生成: 12616 chars
[NeuroViz] Topomap已生成: 61600 chars
[NeuroViz] Topomap触发: send_counter=200, mod=0, topomap_module=<module 'processors.topomap' from '/Users/sss/projects/neuroviz/backend/processors/topomap.py'>
[NeuroViz] 进入40帧触发块: send_counter=200
[NeuroViz] values={'Fp1': 111.42, 'Fp2': 11.16}
[NeuroViz] TimeFreq已生成: 12540 chars
[NeuroViz] Topomap已生成: 56220 chars
[NeuroViz] Topomap触发: send_counter=240, mod=0, topomap_module=<module 'processors.topomap' from '/Users/sss/projects/neuroviz/backend/processors/topomap.py'>
[NeuroViz] 进入40帧触发块: send_counter=240
[NeuroViz] values={'Fp1': 81.59, 'Fp2': 31.44}
[NeuroViz] TimeFreq已生成: 12364 chars
[NeuroViz] Topomap已生成: 56380 chars
[NeuroViz] Topomap触发: send_counter=280, mod=0, topomap_module=<module 'processors.topomap' from '/Users/sss/projects/neuroviz/backend/processors/topomap.py'>
[NeuroViz] 进入40帧触发块: send_counter=280
[NeuroViz] values={'Fp1': 46.11, 'Fp2': 108.98}
[NeuroViz] TimeFreq已生成: 12436 chars
[NeuroViz] Topomap已生成: 57324 chars
[NeuroViz] Topomap触发: send_counter=320, mod=0, topomap_module=<module 'processors.topomap' from '/Users/sss/projects/neuroviz/backend/processors/topomap.py'>
[NeuroViz] 进入40帧触发块: send_counter=320
[NeuroViz] values={'Fp1': 30.21, 'Fp2': 46.85}
[NeuroViz] TimeFreq已生成: 12512 chars
[NeuroViz] Topomap已生成: 58364 chars
[NeuroViz] Topomap触发: send_counter=360, mod=0, topomap_module=<module 'processors.topomap' from '/Users/sss/projects/neuroviz/backend/processors/topomap.py'>
[NeuroViz] 进入40帧触发块: send_counter=360
[NeuroViz] values={'Fp1': 3.4, 'Fp2': 3.38}
[NeuroViz] TimeFreq已生成: 12824 chars
[NeuroViz] Topomap已生成: 63528 chars
[NeuroViz] Topomap触发: send_counter=400, mod=0, topomap_module=<module 'processors.topomap' from '/Users/sss/projects/neuroviz/backend/processors/topomap.py'>
[NeuroViz] 进入40帧触发块: send_counter=400
[NeuroViz] values={'Fp1': 3.25, 'Fp2': 79.44}
[NeuroViz] TimeFreq已生成: 12472 chars
[NeuroViz] Topomap已生成: 57616 chars
[NeuroViz] Topomap触发: send_counter=440, mod=0, topomap_module=<module 'processors.topomap' from '/Users/sss/projects/neuroviz/backend/processors/topomap.py'>
[NeuroViz] 进入40帧触发块: send_counter=440
[NeuroViz] values={'Fp1': 13.85, 'Fp2': 89.32}
[NeuroViz] TimeFreq已生成: 12876 chars
[NeuroViz] Topomap已生成: 57908 chars
[NeuroViz] Topomap触发: send_counter=480, mod=0, topomap_module=<module 'processors.topomap' from '/Users/sss/projects/neuroviz/backend/processors/topomap.py'>
[NeuroViz] 进入40帧触发块: send_counter=480
[NeuroViz] values={'Fp1': 39.87, 'Fp2': 8.06}
[NeuroViz] TimeFreq已生成: 12008 chars
[NeuroViz] Topomap已生成: 56832 chars
[NeuroViz] Topomap触发: send_counter=520, mod=0, topomap_module=<module 'processors.topomap' from '/Users/sss/projects/neuroviz/backend/processors/topomap.py'>
[NeuroViz] 进入40帧触发块: send_counter=520
[NeuroViz] values={'Fp1': 79.88, 'Fp2': 35.82}
[NeuroViz] TimeFreq已生成: 11944 chars
[NeuroViz] Topomap已生成: 57832 chars
[NeuroViz] Topomap触发: send_counter=560, mod=0, topomap_module=<module 'processors.topomap' from '/Users/sss/projects/neuroviz/backend/processors/topomap.py'>
[NeuroViz] 进入40帧触发块: send_counter=560
[NeuroViz] values={'Fp1': 99.26, 'Fp2': 108.2}
[NeuroViz] TimeFreq已生成: 12364 chars
[NeuroViz] Topomap已生成: 59684 chars
[NeuroViz] Topomap触发: send_counter=600, mod=0, topomap_module=<module 'processors.topomap' from '/Users/sss/projects/neuroviz/backend/processors/topomap.py'>
[NeuroViz] 进入40帧触发块: send_counter=600
[NeuroViz] values={'Fp1': 112.12, 'Fp2': 45.04}
[NeuroViz] TimeFreq已生成: 12476 chars
[NeuroViz] Topomap已生成: 57136 chars
[NeuroViz] Topomap触发: send_counter=640, mod=0, topomap_module=<module 'processors.topomap' from '/Users/sss/projects/neuroviz/backend/processors/topomap.py'>
[NeuroViz] 进入40帧触发块: send_counter=640
[NeuroViz] values={'Fp1': 99.77, 'Fp2': 5.47}
[NeuroViz] TimeFreq已生成: 12476 chars
[NeuroViz] Topomap已生成: 55856 chars
[NeuroViz] Topomap触发: send_counter=680, mod=0, topomap_module=<module 'processors.topomap' from '/Users/sss/projects/neuroviz/backend/processors/topomap.py'>
[NeuroViz] 进入40帧触发块: send_counter=680
[NeuroViz] values={'Fp1': 77.85, 'Fp2': 89.79}
[NeuroViz] TimeFreq已生成: 12428 chars
[NeuroViz] Topomap已生成: 57676 chars
[NeuroViz] Topomap触发: send_counter=720, mod=0, topomap_module=<module 'processors.topomap' from '/Users/sss/projects/neuroviz/backend/processors/topomap.py'>
[NeuroViz] 进入40帧触发块: send_counter=720
[NeuroViz] values={'Fp1': 43.93, 'Fp2': 93.14}
[NeuroViz] TimeFreq已生成: 12500 chars
[NeuroViz] Topomap已生成: 56900 chars
[NeuroViz] Topomap触发: send_counter=760, mod=0, topomap_module=<module 'processors.topomap' from '/Users/sss/projects/neuroviz/backend/processors/topomap.py'>
[NeuroViz] 进入40帧触发块: send_counter=760
[NeuroViz] values={'Fp1': 17.67, 'Fp2': 9.38}
[NeuroViz] TimeFreq已生成: 12872 chars
[NeuroViz] Topomap已生成: 56540 chars
[NeuroViz] Topomap触发: send_counter=800, mod=0, topomap_module=<module 'processors.topomap' from '/Users/sss/projects/neuroviz/backend/processors/topomap.py'>
[NeuroViz] 进入40帧触发块: send_counter=800
[NeuroViz] values={'Fp1': 3.55, 'Fp2': 47.7}
[NeuroViz] TimeFreq已生成: 12472 chars
[NeuroViz] Topomap已生成: 58236 chars
[NeuroViz] Topomap触发: send_counter=840, mod=0, topomap_module=<module 'processors.topomap' from '/Users/sss/projects/neuroviz/backend/processors/topomap.py'>
[NeuroViz] 进入40帧触发块: send_counter=840
[NeuroViz] values={'Fp1': 4.52, 'Fp2': 122.53}
[NeuroViz] TimeFreq已生成: 12812 chars
[NeuroViz] Topomap已生成: 57468 chars
[NeuroViz] Topomap触发: send_counter=880, mod=0, topomap_module=<module 'processors.topomap' from '/Users/sss/projects/neuroviz/backend/processors/topomap.py'>
[NeuroViz] 进入40帧触发块: send_counter=880
[NeuroViz] values={'Fp1': 23.67, 'Fp2': 44.83}
[NeuroViz] TimeFreq已生成: 12808 chars
[NeuroViz] Topomap已生成: 60004 chars
[NeuroViz] Topomap触发: send_counter=920, mod=0, topomap_module=<module 'processors.topomap' from '/Users/sss/projects/neuroviz/backend/processors/topomap.py'>
[NeuroViz] 进入40帧触发块: send_counter=920
[NeuroViz] values={'Fp1': 40.74, 'Fp2': 10.71}
[NeuroViz] TimeFreq已生成: 12316 chars
[NeuroViz] Topomap已生成: 56548 chars
[NeuroViz] Topomap触发: send_counter=960, mod=0, topomap_module=<module 'processors.topomap' from '/Users/sss/projects/neuroviz/backend/processors/topomap.py'>
[NeuroViz] 进入40帧触发块: send_counter=960
[NeuroViz] values={'Fp1': 70.84, 'Fp2': 93.17}
[NeuroViz] TimeFreq已生成: 12584 chars
[NeuroViz] Topomap已生成: 60684 chars
[NeuroViz] Topomap触发: send_counter=1000, mod=0, topomap_module=<module 'processors.topomap' from '/Users/sss/projects/neuroviz/backend/processors/topomap.py'>
[NeuroViz] 进入40帧触发块: send_counter=1000
[NeuroViz] values={'Fp1': 97.15, 'Fp2': 82.88}
[NeuroViz] TimeFreq已生成: 12464 chars
[NeuroViz] Topomap已生成: 58036 chars
[NeuroViz] Topomap触发: send_counter=1040, mod=0, topomap_module=<module 'processors.topomap' from '/Users/sss/projects/neuroviz/backend/processors/topomap.py'>
[NeuroViz] 进入40帧触发块: send_counter=1040
[NeuroViz] values={'Fp1': 105.62, 'Fp2': 2.43}
[NeuroViz] TimeFreq已生成: 12504 chars
[NeuroViz] Topomap已生成: 56284 chars
[NeuroViz] Topomap触发: send_counter=1080, mod=0, topomap_module=<module 'processors.topomap' from '/Users/sss/projects/neuroviz/backend/processors/topomap.py'>
[NeuroViz] 进入40帧触发块: send_counter=1080
[NeuroViz] values={'Fp1': 86.9, 'Fp2': 46.75}
[NeuroViz] TimeFreq已生成: 12396 chars
[NeuroViz] Topomap已生成: 57892 chars
[NeuroViz] Topomap触发: send_counter=1120, mod=0, topomap_module=<module 'processors.topomap' from '/Users/sss/projects/neuroviz/backend/processors/topomap.py'>
[NeuroViz] 进入40帧触发块: send_counter=1120
[NeuroViz] values={'Fp1': 65.88, 'Fp2': 108.68}
[NeuroViz] TimeFreq已生成: 12044 chars
[NeuroViz] Topomap已生成: 58756 chars
[NeuroViz] Topomap触发: send_counter=1160, mod=0, topomap_module=<module 'processors.topomap' from '/Users/sss/projects/neuroviz/backend/processors/topomap.py'>
[NeuroViz] 进入40帧触发块: send_counter=1160
[NeuroViz] values={'Fp1': 42.71, 'Fp2': 29.59}
[NeuroViz] TimeFreq已生成: 12460 chars
[NeuroViz] Topomap已生成: 57432 chars
[NeuroViz] Topomap触发: send_counter=1200, mod=0, topomap_module=<module 'processors.topomap' from '/Users/sss/projects/neuroviz/backend/processors/topomap.py'>
[NeuroViz] 进入40帧触发块: send_counter=1200
[NeuroViz] values={'Fp1': 12.29, 'Fp2': 14.1}
[NeuroViz] TimeFreq已生成: 12436 chars
[NeuroViz] Topomap已生成: 59388 chars
[NeuroViz] Topomap触发: send_counter=1240, mod=0, topomap_module=<module 'processors.topomap' from '/Users/sss/projects/neuroviz/backend/processors/topomap.py'>
[NeuroViz] 进入40帧触发块: send_counter=1240
[NeuroViz] values={'Fp1': 2.59, 'Fp2': 103.24}
[NeuroViz] TimeFreq已生成: 12464 chars
[NeuroViz] Topomap已生成: 56732 chars
[NeuroViz] Topomap触发: send_counter=1280, mod=0, topomap_module=<module 'processors.topomap' from '/Users/sss/projects/neuroviz/backend/processors/topomap.py'>
[NeuroViz] 进入40帧触发块: send_counter=1280
[NeuroViz] values={'Fp1': 6.23, 'Fp2': 75.64}
[NeuroViz] TimeFreq已生成: 12504 chars
[NeuroViz] Topomap已生成: 57584 chars
[NeuroViz] Topomap触发: send_counter=1320, mod=0, topomap_module=<module 'processors.topomap' from '/Users/sss/projects/neuroviz/backend/processors/topomap.py'>
[NeuroViz] 进入40帧触发块: send_counter=1320
[NeuroViz] values={'Fp1': 27.13, 'Fp2': 1.78}
[NeuroViz] TimeFreq已生成: 12364 chars
[NeuroViz] Topomap已生成: 55560 chars
[NeuroViz] Topomap触发: send_counter=1360, mod=0, topomap_module=<module 'processors.topomap' from '/Users/sss/projects/neuroviz/backend/processors/topomap.py'>
[NeuroViz] 进入40帧触发块: send_counter=1360
[NeuroViz] values={'Fp1': 51.08, 'Fp2': 69.16}
[NeuroViz] TimeFreq已生成: 12504 chars
[NeuroViz] Topomap已生成: 59008 chars
[NeuroViz] Topomap触发: send_counter=1400, mod=0, topomap_module=<module 'processors.topomap' from '/Users/sss/projects/neuroviz/backend/processors/topomap.py'>
[NeuroViz] 进入40帧触发块: send_counter=1400
[NeuroViz] values={'Fp1': 79.44, 'Fp2': 106.38}
[NeuroViz] TimeFreq已生成: 12600 chars
[NeuroViz] Topomap已生成: 57480 chars
[NeuroViz] Topomap触发: send_counter=1440, mod=0, topomap_module=<module 'processors.topomap' from '/Users/sss/projects/neuroviz/backend/processors/topomap.py'>
[NeuroViz] 进入40帧触发块: send_counter=1440
[NeuroViz] values={'Fp1': 112.07, 'Fp2': 32.07}
[NeuroViz] TimeFreq已生成: 12200 chars
[NeuroViz] Topomap已生成: 57768 chars
[NeuroViz] Topomap触发: send_counter=1480, mod=0, topomap_module=<module 'processors.topomap' from '/Users/sss/projects/neuroviz/backend/processors/topomap.py'>
[NeuroViz] 进入40帧触发块: send_counter=1480
[NeuroViz] values={'Fp1': 111.34, 'Fp2': 25.2}
[NeuroViz] TimeFreq已生成: 12252 chars
[NeuroViz] Topomap已生成: 58328 chars
[NeuroViz] Topomap触发: send_counter=1520, mod=0, topomap_module=<module 'processors.topomap' from '/Users/sss/projects/neuroviz/backend/processors/topomap.py'>
[NeuroViz] 进入40帧触发块: send_counter=1520
[NeuroViz] values={'Fp1': 87.69, 'Fp2': 95.78}
[NeuroViz] TimeFreq已生成: 11996 chars
[NeuroViz] Topomap已生成: 58644 chars
[NeuroViz] Topomap触发: send_counter=1560, mod=0, topomap_module=<module 'processors.topomap' from '/Users/sss/projects/neuroviz/backend/processors/topomap.py'>
[NeuroViz] 进入40帧触发块: send_counter=1560
[NeuroViz] values={'Fp1': 62.09, 'Fp2': 68.66}
[NeuroViz] TimeFreq已生成: 12456 chars
[NeuroViz] Topomap已生成: 57472 chars
[NeuroViz] Topomap触发: send_counter=1600, mod=0, topomap_module=<module 'processors.topomap' from '/Users/sss/projects/neuroviz/backend/processors/topomap.py'>
[NeuroViz] 进入40帧触发块: send_counter=1600
[NeuroViz] values={'Fp1': 42.86, 'Fp2': 1.87}
[NeuroViz] TimeFreq已生成: 12136 chars
[NeuroViz] Topomap已生成: 57284 chars
[NeuroViz] Topomap触发: send_counter=1640, mod=0, topomap_module=<module 'processors.topomap' from '/Users/sss/projects/neuroviz/backend/processors/topomap.py'>
[NeuroViz] 进入40帧触发块: send_counter=1640
[NeuroViz] values={'Fp1': 13.6, 'Fp2': 64.53}
[NeuroViz] TimeFreq已生成: 12812 chars
[NeuroViz] Topomap已生成: 56876 chars
[NeuroViz] Topomap触发: send_counter=1680, mod=0, topomap_module=<module 'processors.topomap' from '/Users/sss/projects/neuroviz/backend/processors/topomap.py'>
[NeuroViz] 进入40帧触发块: send_counter=1680
[NeuroViz] values={'Fp1': 0.72, 'Fp2': 99.09}
[NeuroViz] TimeFreq已生成: 12468 chars
[NeuroViz] Topomap已生成: 56228 chars
[NeuroViz] Topomap触发: send_counter=1720, mod=0, topomap_module=<module 'processors.topomap' from '/Users/sss/projects/neuroviz/backend/processors/topomap.py'>
[NeuroViz] 进入40帧触发块: send_counter=1720
[NeuroViz] values={'Fp1': 5.99, 'Fp2': 16.2}
[NeuroViz] TimeFreq已生成: 12496 chars
[NeuroViz] Topomap已生成: 56364 chars
[NeuroViz] Topomap触发: send_counter=1760, mod=0, topomap_module=<module 'processors.topomap' from '/Users/sss/projects/neuroviz/backend/processors/topomap.py'>
[NeuroViz] 进入40帧触发块: send_counter=1760
[NeuroViz] values={'Fp1': 26.79, 'Fp2': 27.68}
[NeuroViz] TimeFreq已生成: 12124 chars
[NeuroViz] Topomap已生成: 60600 chars
[NeuroViz] Topomap触发: send_counter=1800, mod=0, topomap_module=<module 'processors.topomap' from '/Users/sss/projects/neuroviz/backend/processors/topomap.py'>
[NeuroViz] 进入40帧触发块: send_counter=1800
[NeuroViz] values={'Fp1': 60.18, 'Fp2': 110.76}
[NeuroViz] TimeFreq已生成: 12400 chars
[NeuroViz] Topomap已生成: 56728 chars
[NeuroViz] Topomap触发: send_counter=1840, mod=0, topomap_module=<module 'processors.topomap' from '/Users/sss/projects/neuroviz/backend/processors/topomap.py'>
[NeuroViz] 进入40帧触发块: send_counter=1840
[NeuroViz] values={'Fp1': 82.85, 'Fp2': 50.85}
[NeuroViz] TimeFreq已生成: 12608 chars
[NeuroViz] Topomap已生成: 56844 chars
[NeuroViz] Topomap触发: send_counter=1880, mod=0, topomap_module=<module 'processors.topomap' from '/Users/sss/projects/neuroviz/backend/processors/topomap.py'>
[NeuroViz] 进入40帧触发块: send_counter=1880
[NeuroViz] values={'Fp1': 114.42, 'Fp2': 2.22}
[NeuroViz] TimeFreq已生成: 12568 chars
[NeuroViz] Topomap已生成: 56424 chars
[NeuroViz] Topomap触发: send_counter=1920, mod=0, topomap_module=<module 'processors.topomap' from '/Users/sss/projects/neuroviz/backend/processors/topomap.py'>
[NeuroViz] 进入40帧触发块: send_counter=1920
[NeuroViz] values={'Fp1': 107.56, 'Fp2': 77.64}
[NeuroViz] TimeFreq已生成: 12072 chars
[NeuroViz] Topomap已生成: 57040 chars
[NeuroViz] Topomap触发: send_counter=1960, mod=0, topomap_module=<module 'processors.topomap' from '/Users/sss/projects/neuroviz/backend/processors/topomap.py'>
[NeuroViz] 进入40帧触发块: send_counter=1960
[NeuroViz] values={'Fp1': 96.85, 'Fp2': 104.51}
[NeuroViz] TimeFreq已生成: 12568 chars
[NeuroViz] Topomap已生成: 58800 chars
[NeuroViz] Topomap触发: send_counter=2000, mod=0, topomap_module=<module 'processors.topomap' from '/Users/sss/projects/neuroviz/backend/processors/topomap.py'>
[NeuroViz] 进入40帧触发块: send_counter=2000
[NeuroViz] values={'Fp1': 70.19, 'Fp2': 12.54}
[NeuroViz] TimeFreq已生成: 12336 chars
[NeuroViz] Topomap已生成: 56816 chars
[NeuroViz] Topomap触发: send_counter=2040, mod=0, topomap_module=<module 'processors.topomap' from '/Users/sss/projects/neuroviz/backend/processors/topomap.py'>
[NeuroViz] 进入40帧触发块: send_counter=2040
[NeuroViz] values={'Fp1': 25.95, 'Fp2': 27.12}
[NeuroViz] TimeFreq已生成: 12460 chars
[NeuroViz] Topomap已生成: 58736 chars
[NeuroViz] Topomap触发: send_counter=2080, mod=0, topomap_module=<module 'processors.topomap' from '/Users/sss/projects/neuroviz/backend/processors/topomap.py'>
[NeuroViz] 进入40帧触发块: send_counter=2080
[NeuroViz] values={'Fp1': 12.17, 'Fp2': 105.79}
[NeuroViz] TimeFreq已生成: 12468 chars
[NeuroViz] Topomap已生成: 56664 chars
[NeuroViz] Topomap触发: send_counter=2120, mod=0, topomap_module=<module 'processors.topomap' from '/Users/sss/projects/neuroviz/backend/processors/topomap.py'>
[NeuroViz] 进入40帧触发块: send_counter=2120
[NeuroViz] values={'Fp1': 0.83, 'Fp2': 53.22}
[NeuroViz] TimeFreq已生成: 12132 chars
[NeuroViz] Topomap已生成: 56572 chars
[NeuroViz] Topomap触发: send_counter=2160, mod=0, topomap_module=<module 'processors.topomap' from '/Users/sss/projects/neuroviz/backend/processors/topomap.py'>
[NeuroViz] 进入40帧触发块: send_counter=2160
[NeuroViz] values={'Fp1': 12.99, 'Fp2': 3.02}
[NeuroViz] TimeFreq已生成: 12476 chars
[NeuroViz] Topomap已生成: 55400 chars
[NeuroViz] Topomap触发: send_counter=2200, mod=0, topomap_module=<module 'processors.topomap' from '/Users/sss/projects/neuroviz/backend/processors/topomap.py'>
[NeuroViz] 进入40帧触发块: send_counter=2200
[NeuroViz] values={'Fp1': 24.04, 'Fp2': 86.75}
[NeuroViz] TimeFreq已生成: 12380 chars
[NeuroViz] Topomap已生成: 57272 chars
[NeuroViz] Topomap触发: send_counter=2240, mod=0, topomap_module=<module 'processors.topomap' from '/Users/sss/projects/neuroviz/backend/processors/topomap.py'>
[NeuroViz] 进入40帧触发块: send_counter=2240
[NeuroViz] values={'Fp1': 57.63, 'Fp2': 91.12}
[NeuroViz] TimeFreq已生成: 12436 chars
[NeuroViz] Topomap已生成: 57788 chars
[NeuroViz] Topomap触发: send_counter=2280, mod=0, topomap_module=<module 'processors.topomap' from '/Users/sss/projects/neuroviz/backend/processors/topomap.py'>
[NeuroViz] 进入40帧触发块: send_counter=2280
[NeuroViz] values={'Fp1': 92.31, 'Fp2': 9.69}
[NeuroViz] TimeFreq已生成: 12564 chars
[NeuroViz] Topomap已生成: 58396 chars
[NeuroViz] Topomap触发: send_counter=2320, mod=0, topomap_module=<module 'processors.topomap' from '/Users/sss/projects/neuroviz/backend/processors/topomap.py'>
[NeuroViz] 进入40帧触发块: send_counter=2320
[NeuroViz] values={'Fp1': 104.11, 'Fp2': 42.84}
[NeuroViz] TimeFreq已生成: 12416 chars
[NeuroViz] Topomap已生成: 56900 chars
[NeuroViz] Topomap触发: send_counter=2360, mod=0, topomap_module=<module 'processors.topomap' from '/Users/sss/projects/neuroviz/backend/processors/topomap.py'>
[NeuroViz] 进入40帧触发块: send_counter=2360
[NeuroViz] values={'Fp1': 104.69, 'Fp2': 106.58}
[NeuroViz] TimeFreq已生成: 12520 chars
[NeuroViz] Topomap已生成: 62336 chars
[NeuroViz] Topomap触发: send_counter=2400, mod=0, topomap_module=<module 'processors.topomap' from '/Users/sss/projects/neuroviz/backend/processors/topomap.py'>
[NeuroViz] 进入40帧触发块: send_counter=2400
[NeuroViz] values={'Fp1': 87.99, 'Fp2': 54.47}
[NeuroViz] TimeFreq已生成: 12380 chars
[NeuroViz] Topomap已生成: 57296 chars
[NeuroViz] Topomap触发: send_counter=2440, mod=0, topomap_module=<module 'processors.topomap' from '/Users/sss/projects/neuroviz/backend/processors/topomap.py'>
[NeuroViz] 进入40帧触发块: send_counter=2440
[NeuroViz] values={'Fp1': 66.11, 'Fp2': 8.92}
[NeuroViz] TimeFreq已生成: 11952 chars
[NeuroViz] Topomap已生成: 56740 chars
[NeuroViz] Topomap触发: send_counter=2480, mod=0, topomap_module=<module 'processors.topomap' from '/Users/sss/projects/neuroviz/backend/processors/topomap.py'>
[NeuroViz] 进入40帧触发块: send_counter=2480
[NeuroViz] values={'Fp1': 28.65, 'Fp2': 87.95}
[NeuroViz] TimeFreq已生成: 12560 chars
[NeuroViz] Topomap已生成: 57380 chars
[NeuroViz] Topomap触发: send_counter=2520, mod=0, topomap_module=<module 'processors.topomap' from '/Users/sss/projects/neuroviz/backend/processors/topomap.py'>
[NeuroViz] 进入40帧触发块: send_counter=2520
[NeuroViz] values={'Fp1': 7.13, 'Fp2': 84.95}
[NeuroViz] TimeFreq已生成: 12420 chars
[NeuroViz] Topomap已生成: 58272 chars
[NeuroViz] Topomap触发: send_counter=2560, mod=0, topomap_module=<module 'processors.topomap' from '/Users/sss/projects/neuroviz/backend/processors/topomap.py'>
[NeuroViz] 进入40帧触发块: send_counter=2560
[NeuroViz] values={'Fp1': 1.65, 'Fp2': 4.78}
[NeuroViz] TimeFreq已生成: 12444 chars
[NeuroViz] Topomap已生成: 57044 chars
[NeuroViz] Topomap触发: send_counter=2600, mod=0, topomap_module=<module 'processors.topomap' from '/Users/sss/projects/neuroviz/backend/processors/topomap.py'>
[NeuroViz] 进入40帧触发块: send_counter=2600
[NeuroViz] values={'Fp1': 12.04, 'Fp2': 46.7}
[NeuroViz] TimeFreq已生成: 12912 chars
[NeuroViz] Topomap已生成: 57488 chars
[NeuroViz] Topomap触发: send_counter=2640, mod=0, topomap_module=<module 'processors.topomap' from '/Users/sss/projects/neuroviz/backend/processors/topomap.py'>
[NeuroViz] 进入40帧触发块: send_counter=2640
[NeuroViz] values={'Fp1': 37.0, 'Fp2': 107.03}
[NeuroViz] TimeFreq已生成: 12484 chars
[NeuroViz] Topomap已生成: 57960 chars
[NeuroViz] Topomap触发: send_counter=2680, mod=0, topomap_module=<module 'processors.topomap' from '/Users/sss/projects/neuroviz/backend/processors/topomap.py'>
[NeuroViz] 进入40帧触发块: send_counter=2680
[NeuroViz] values={'Fp1': 60.55, 'Fp2': 34.91}
[NeuroViz] TimeFreq已生成: 12096 chars
[NeuroViz] Topomap已生成: 56548 chars
[NeuroViz] Topomap触发: send_counter=2720, mod=0, topomap_module=<module 'processors.topomap' from '/Users/sss/projects/neuroviz/backend/processors/topomap.py'>
[NeuroViz] 进入40帧触发块: send_counter=2720
[NeuroViz] values={'Fp1': 94.75, 'Fp2': 7.13}
[NeuroViz] TimeFreq已生成: 12324 chars
[NeuroViz] Topomap已生成: 58164 chars
[NeuroViz] Topomap触发: send_counter=2760, mod=0, topomap_module=<module 'processors.topomap' from '/Users/sss/projects/neuroviz/backend/processors/topomap.py'>
[NeuroViz] 进入40帧触发块: send_counter=2760
[NeuroViz] values={'Fp1': 101.08, 'Fp2': 98.13}
[NeuroViz] TimeFreq已生成: 12232 chars
[NeuroViz] Topomap已生成: 58296 chars
[NeuroViz] Topomap触发: send_counter=2800, mod=0, topomap_module=<module 'processors.topomap' from '/Users/sss/projects/neuroviz/backend/processors/topomap.py'>
[NeuroViz] 进入40帧触发块: send_counter=2800
[NeuroViz] values={'Fp1': 105.39, 'Fp2': 73.98}
[NeuroViz] TimeFreq已生成: 12296 chars
[NeuroViz] Topomap已生成: 57388 chars
[NeuroViz] Topomap触发: send_counter=2840, mod=0, topomap_module=<module 'processors.topomap' from '/Users/sss/projects/neuroviz/backend/processors/topomap.py'>
[NeuroViz] 进入40帧触发块: send_counter=2840
[NeuroViz] values={'Fp1': 84.62, 'Fp2': 5.45}
[NeuroViz] TimeFreq已生成: 12312 chars
[NeuroViz] Topomap已生成: 57676 chars
[NeuroViz] Topomap触发: send_counter=2880, mod=0, topomap_module=<module 'processors.topomap' from '/Users/sss/projects/neuroviz/backend/processors/topomap.py'>
[NeuroViz] 进入40帧触发块: send_counter=2880
[NeuroViz] values={'Fp1': 68.47, 'Fp2': 63.32}
[NeuroViz] TimeFreq已生成: 12592 chars
[NeuroViz] Topomap已生成: 56516 chars
[NeuroViz] Topomap触发: send_counter=2920, mod=0, topomap_module=<module 'processors.topomap' from '/Users/sss/projects/neuroviz/backend/processors/topomap.py'>
[NeuroViz] 进入40帧触发块: send_counter=2920
[NeuroViz] values={'Fp1': 29.41, 'Fp2': 107.61}
[NeuroViz] TimeFreq已生成: 12468 chars
[NeuroViz] Topomap已生成: 58520 chars
[NeuroViz] Topomap触发: send_counter=2960, mod=0, topomap_module=<module 'processors.topomap' from '/Users/sss/projects/neuroviz/backend/processors/topomap.py'>
[NeuroViz] 进入40帧触发块: send_counter=2960
[NeuroViz] values={'Fp1': 2.65, 'Fp2': 33.11}
[NeuroViz] TimeFreq已生成: 12452 chars
[NeuroViz] Topomap已生成: 56564 chars
[NeuroViz] Topomap触发: send_counter=3000, mod=0, topomap_module=<module 'processors.topomap' from '/Users/sss/projects/neuroviz/backend/processors/topomap.py'>
[NeuroViz] 进入40帧触发块: send_counter=3000
[NeuroViz] values={'Fp1': 0.78, 'Fp2': 20.8}
[NeuroViz] TimeFreq已生成: 12440 chars
[NeuroViz] Topomap已生成: 58908 chars
[NeuroViz] Topomap触发: send_counter=3040, mod=0, topomap_module=<module 'processors.topomap' from '/Users/sss/projects/neuroviz/backend/processors/topomap.py'>
[NeuroViz] 进入40帧触发块: send_counter=3040
[NeuroViz] values={'Fp1': 11.03, 'Fp2': 98.81}
[NeuroViz] TimeFreq已生成: 12488 chars
[NeuroViz] Topomap已生成: 58364 chars
[NeuroViz] Topomap触发: send_counter=3080, mod=0, topomap_module=<module 'processors.topomap' from '/Users/sss/projects/neuroviz/backend/processors/topomap.py'>
[NeuroViz] 进入40帧触发块: send_counter=3080
[NeuroViz] values={'Fp1': 42.12, 'Fp2': 81.41}
[NeuroViz] TimeFreq已生成: 12464 chars
[NeuroViz] Topomap已生成: 58108 chars
[NeuroViz] Topomap触发: send_counter=3120, mod=0, topomap_module=<module 'processors.topomap' from '/Users/sss/projects/neuroviz/backend/processors/topomap.py'>
[NeuroViz] 进入40帧触发块: send_counter=3120
[NeuroViz] values={'Fp1': 61.16, 'Fp2': 1.9}
[NeuroViz] TimeFreq已生成: 12492 chars
[NeuroViz] Topomap已生成: 56712 chars
[NeuroViz] Topomap触发: send_counter=3160, mod=0, topomap_module=<module 'processors.topomap' from '/Users/sss/projects/neuroviz/backend/processors/topomap.py'>
[NeuroViz] 进入40帧触发块: send_counter=3160
[NeuroViz] values={'Fp1': 88.54, 'Fp2': 61.53}
[NeuroViz] TimeFreq已生成: 12268 chars
[NeuroViz] Topomap已生成: 56560 chars
[NeuroViz] Topomap触发: send_counter=3200, mod=0, topomap_module=<module 'processors.topomap' from '/Users/sss/projects/neuroviz/backend/processors/topomap.py'>
[NeuroViz] 进入40帧触发块: send_counter=3200
[NeuroViz] values={'Fp1': 109.61, 'Fp2': 105.16}
[NeuroViz] TimeFreq已生成: 12588 chars
[NeuroViz] Topomap已生成: 61396 chars
[NeuroViz] Topomap触发: send_counter=3240, mod=0, topomap_module=<module 'processors.topomap' from '/Users/sss/projects/neuroviz/backend/processors/topomap.py'>
[NeuroViz] 进入40帧触发块: send_counter=3240
[NeuroViz] values={'Fp1': 104.59, 'Fp2': 17.62}
[NeuroViz] TimeFreq已生成: 12516 chars
[NeuroViz] Topomap已生成: 58636 chars
[NeuroViz] Topomap触发: send_counter=3280, mod=0, topomap_module=<module 'processors.topomap' from '/Users/sss/projects/neuroviz/backend/processors/topomap.py'>
[NeuroViz] 进入40帧触发块: send_counter=3280
[NeuroViz] values={'Fp1': 75.6, 'Fp2': 21.11}
[NeuroViz] TimeFreq已生成: 12512 chars
[NeuroViz] Topomap已生成: 56212 chars
[NeuroViz] Topomap触发: send_counter=3320, mod=0, topomap_module=<module 'processors.topomap' from '/Users/sss/projects/neuroviz/backend/processors/topomap.py'>
[NeuroViz] 进入40帧触发块: send_counter=3320
[NeuroViz] values={'Fp1': 51.67, 'Fp2': 106.94}
[NeuroViz] TimeFreq已生成: 12528 chars
[NeuroViz] Topomap已生成: 57020 chars
[NeuroViz] Topomap触发: send_counter=3360, mod=0, topomap_module=<module 'processors.topomap' from '/Users/sss/projects/neuroviz/backend/processors/topomap.py'>
[NeuroViz] 进入40帧触发块: send_counter=3360
[NeuroViz] values={'Fp1': 24.77, 'Fp2': 61.97}
[NeuroViz] TimeFreq已生成: 12460 chars
[NeuroViz] Topomap已生成: 58152 chars
[NeuroViz] Topomap触发: send_counter=3400, mod=0, topomap_module=<module 'processors.topomap' from '/Users/sss/projects/neuroviz/backend/processors/topomap.py'>
[NeuroViz] 进入40帧触发块: send_counter=3400
[NeuroViz] values={'Fp1': 5.3, 'Fp2': 1.24}
[NeuroViz] TimeFreq已生成: 12524 chars
[NeuroViz] Topomap已生成: 57584 chars
[NeuroViz] Topomap触发: send_counter=3440, mod=0, topomap_module=<module 'processors.topomap' from '/Users/sss/projects/neuroviz/backend/processors/topomap.py'>
[NeuroViz] 进入40帧触发块: send_counter=3440
[NeuroViz] values={'Fp1': 2.83, 'Fp2': 60.33}
[NeuroViz] TimeFreq已生成: 12436 chars
[NeuroViz] Topomap已生成: 57080 chars
[NeuroViz] Topomap触发: send_counter=3480, mod=0, topomap_module=<module 'processors.topomap' from '/Users/sss/projects/neuroviz/backend/processors/topomap.py'>
[NeuroViz] 进入40帧触发块: send_counter=3480
[NeuroViz] values={'Fp1': 13.53, 'Fp2': 102.95}
[NeuroViz] TimeFreq已生成: 12408 chars
[NeuroViz] Topomap已生成: 58832 chars
[NeuroViz] Topomap触发: send_counter=3520, mod=0, topomap_module=<module 'processors.topomap' from '/Users/sss/projects/neuroviz/backend/processors/topomap.py'>
[NeuroViz] 进入40帧触发块: send_counter=3520
[NeuroViz] values={'Fp1': 44.64, 'Fp2': 20.33}
[NeuroViz] TimeFreq已生成: 12452 chars
[NeuroViz] Topomap已生成: 55848 chars
[NeuroViz] Topomap触发: send_counter=3560, mod=0, topomap_module=<module 'processors.topomap' from '/Users/sss/projects/neuroviz/backend/processors/topomap.py'>
[NeuroViz] 进入40帧触发块: send_counter=3560
[NeuroViz] values={'Fp1': 74.67, 'Fp2': 22.35}
[NeuroViz] TimeFreq已生成: 11976 chars
[NeuroViz] Topomap已生成: 56224 chars
[NeuroViz] Topomap触发: send_counter=3600, mod=0, topomap_module=<module 'processors.topomap' from '/Users/sss/projects/neuroviz/backend/processors/topomap.py'>
[NeuroViz] 进入40帧触发块: send_counter=3600
[NeuroViz] values={'Fp1': 97.42, 'Fp2': 108.05}
[NeuroViz] TimeFreq已生成: 12420 chars
[NeuroViz] Topomap已生成: 57784 chars
[NeuroViz] Topomap触发: send_counter=3640, mod=0, topomap_module=<module 'processors.topomap' from '/Users/sss/projects/neuroviz/backend/processors/topomap.py'>
[NeuroViz] 进入40帧触发块: send_counter=3640
[NeuroViz] values={'Fp1': 101.91, 'Fp2': 55.26}
[NeuroViz] TimeFreq已生成: 12396 chars
[NeuroViz] Topomap已生成: 56316 chars
[NeuroViz] Topomap触发: send_counter=3680, mod=0, topomap_module=<module 'processors.topomap' from '/Users/sss/projects/neuroviz/backend/processors/topomap.py'>
[NeuroViz] 进入40帧触发块: send_counter=3680
[NeuroViz] values={'Fp1': 103.45, 'Fp2': 2.08}
[NeuroViz] TimeFreq已生成: 12368 chars
[NeuroViz] Topomap已生成: 56116 chars
[NeuroViz] Topomap触发: send_counter=3720, mod=0, topomap_module=<module 'processors.topomap' from '/Users/sss/projects/neuroviz/backend/processors/topomap.py'>
[NeuroViz] 进入40帧触发块: send_counter=3720
[NeuroViz] values={'Fp1': 79.6, 'Fp2': 79.93}
[NeuroViz] TimeFreq已生成: 11984 chars
[NeuroViz] Topomap已生成: 60972 chars
[NeuroViz] Topomap触发: send_counter=3760, mod=0, topomap_module=<module 'processors.topomap' from '/Users/sss/projects/neuroviz/backend/processors/topomap.py'>
[NeuroViz] 进入40帧触发块: send_counter=3760
[NeuroViz] values={'Fp1': 50.14, 'Fp2': 103.55}
[NeuroViz] TimeFreq已生成: 11968 chars
[NeuroViz] Topomap已生成: 56876 chars
[NeuroViz] Topomap触发: send_counter=3800, mod=0, topomap_module=<module 'processors.topomap' from '/Users/sss/projects/neuroviz/backend/processors/topomap.py'>
[NeuroViz] 进入40帧触发块: send_counter=3800
[NeuroViz] values={'Fp1': 15.4, 'Fp2': 15.3}
[NeuroViz] TimeFreq已生成: 12472 chars
[NeuroViz] Topomap已生成: 58868 chars
[NeuroViz] Topomap触发: send_counter=3840, mod=0, topomap_module=<module 'processors.topomap' from '/Users/sss/projects/neuroviz/backend/processors/topomap.py'>
[NeuroViz] 进入40帧触发块: send_counter=3840
[NeuroViz] values={'Fp1': 4.2, 'Fp2': 35.31}
[NeuroViz] TimeFreq已生成: 12420 chars
[NeuroViz] Topomap已生成: 56996 chars
[NeuroViz] Topomap触发: send_counter=3880, mod=0, topomap_module=<module 'processors.topomap' from '/Users/sss/projects/neuroviz/backend/processors/topomap.py'>
[NeuroViz] 进入40帧触发块: send_counter=3880
[NeuroViz] values={'Fp1': 4.32, 'Fp2': 115.99}
[NeuroViz] TimeFreq已生成: 12528 chars
[NeuroViz] Topomap已生成: 56724 chars
[NeuroViz] Topomap触发: send_counter=3920, mod=0, topomap_module=<module 'processors.topomap' from '/Users/sss/projects/neuroviz/backend/processors/topomap.py'>
[NeuroViz] 进入40帧触发块: send_counter=3920
[NeuroViz] values={'Fp1': 24.05, 'Fp2': 60.0}
[NeuroViz] TimeFreq已生成: 12468 chars
[NeuroViz] Topomap已生成: 57820 chars
[NeuroViz] Topomap触发: send_counter=3960, mod=0, topomap_module=<module 'processors.topomap' from '/Users/sss/projects/neuroviz/backend/processors/topomap.py'>
[NeuroViz] 进入40帧触发块: send_counter=3960
[NeuroViz] values={'Fp1': 43.12, 'Fp2': 3.24}
[NeuroViz] TimeFreq已生成: 12528 chars
[NeuroViz] Topomap已生成: 57440 chars
[NeuroViz] Topomap触发: send_counter=4000, mod=0, topomap_module=<module 'processors.topomap' from '/Users/sss/projects/neuroviz/backend/processors/topomap.py'>
[NeuroViz] 进入40帧触发块: send_counter=4000
[NeuroViz] values={'Fp1': 72.0, 'Fp2': 84.86}
[NeuroViz] TimeFreq已生成: 12432 chars
[NeuroViz] Topomap已生成: 57916 chars
[NeuroViz] Topomap触发: send_counter=4040, mod=0, topomap_module=<module 'processors.topomap' from '/Users/sss/projects/neuroviz/backend/processors/topomap.py'>
[NeuroViz] 进入40帧触发块: send_counter=4040
[NeuroViz] values={'Fp1': 100.11, 'Fp2': 96.33}
[NeuroViz] TimeFreq已生成: 12368 chars
[NeuroViz] Topomap已生成: 59904 chars
[NeuroViz] Topomap触发: send_counter=4080, mod=0, topomap_module=<module 'processors.topomap' from '/Users/sss/projects/neuroviz/backend/processors/topomap.py'>
[NeuroViz] 进入40帧触发块: send_counter=4080
[NeuroViz] values={'Fp1': 115.37, 'Fp2': 9.55}
[NeuroViz] TimeFreq已生成: 12532 chars
[NeuroViz] Topomap已生成: 56232 chars
[NeuroViz] Topomap触发: send_counter=4120, mod=0, topomap_module=<module 'processors.topomap' from '/Users/sss/projects/neuroviz/backend/processors/topomap.py'>
[NeuroViz] 进入40帧触发块: send_counter=4120
[NeuroViz] values={'Fp1': 93.62, 'Fp2': 40.63}
[NeuroViz] TimeFreq已生成: 12488 chars
[NeuroViz] Topomap已生成: 56772 chars
[NeuroViz] Topomap触发: send_counter=4160, mod=0, topomap_module=<module 'processors.topomap' from '/Users/sss/projects/neuroviz/backend/processors/topomap.py'>
[NeuroViz] 进入40帧触发块: send_counter=4160
[NeuroViz] values={'Fp1': 72.57, 'Fp2': 105.93}
[NeuroViz] TimeFreq已生成: 12436 chars
[NeuroViz] Topomap已生成: 57948 chars
[NeuroViz] Topomap触发: send_counter=4200, mod=0, topomap_module=<module 'processors.topomap' from '/Users/sss/projects/neuroviz/backend/processors/topomap.py'>
[NeuroViz] 进入40帧触发块: send_counter=4200
[NeuroViz] values={'Fp1': 54.86, 'Fp2': 44.03}
[NeuroViz] TimeFreq已生成: 12556 chars
[NeuroViz] Topomap已生成: 56276 chars
[NeuroViz] Topomap触发: send_counter=4240, mod=0, topomap_module=<module 'processors.topomap' from '/Users/sss/projects/neuroviz/backend/processors/topomap.py'>
[NeuroViz] 进入40帧触发块: send_counter=4240
[NeuroViz] values={'Fp1': 15.69, 'Fp2': 5.43}
[NeuroViz] TimeFreq已生成: 12532 chars
[NeuroViz] Topomap已生成: 55348 chars
[NeuroViz] Topomap触发: send_counter=4280, mod=0, topomap_module=<module 'processors.topomap' from '/Users/sss/projects/neuroviz/backend/processors/topomap.py'>
[NeuroViz] 进入40帧触发块: send_counter=4280
[NeuroViz] values={'Fp1': 1.49, 'Fp2': 83.72}
[NeuroViz] TimeFreq已生成: 12448 chars
[NeuroViz] Topomap已生成: 58152 chars
[NeuroViz] Topomap触发: send_counter=4320, mod=0, topomap_module=<module 'processors.topomap' from '/Users/sss/projects/neuroviz/backend/processors/topomap.py'>
[NeuroViz] 进入40帧触发块: send_counter=4320
[NeuroViz] values={'Fp1': 3.69, 'Fp2': 89.87}
[NeuroViz] TimeFreq已生成: 12444 chars
[NeuroViz] Topomap已生成: 58548 chars
[NeuroViz] Topomap触发: send_counter=4360, mod=0, topomap_module=<module 'processors.topomap' from '/Users/sss/projects/neuroviz/backend/processors/topomap.py'>
[NeuroViz] 进入40帧触发块: send_counter=4360
[NeuroViz] values={'Fp1': 24.19, 'Fp2': 7.12}
[NeuroViz] TimeFreq已生成: 12252 chars
[NeuroViz] Topomap已生成: 57540 chars
[NeuroViz] Topomap触发: send_counter=4400, mod=0, topomap_module=<module 'processors.topomap' from '/Users/sss/projects/neuroviz/backend/processors/topomap.py'>
[NeuroViz] 进入40帧触发块: send_counter=4400
[NeuroViz] values={'Fp1': 46.58, 'Fp2': 55.3}
[NeuroViz] TimeFreq已生成: 12428 chars
[NeuroViz] Topomap已生成: 58412 chars
[NeuroViz] Topomap触发: send_counter=4440, mod=0, topomap_module=<module 'processors.topomap' from '/Users/sss/projects/neuroviz/backend/processors/topomap.py'>
[NeuroViz] 进入40帧触发块: send_counter=4440
[NeuroViz] values={'Fp1': 78.09, 'Fp2': 107.08}
[NeuroViz] TimeFreq已生成: 12340 chars
[NeuroViz] Topomap已生成: 57332 chars
[NeuroViz] Topomap触发: send_counter=4480, mod=0, topomap_module=<module 'processors.topomap' from '/Users/sss/projects/neuroviz/backend/processors/topomap.py'>
[NeuroViz] 进入40帧触发块: send_counter=4480
[NeuroViz] values={'Fp1': 100.31, 'Fp2': 37.9}
[NeuroViz] TimeFreq已生成: 12552 chars
[NeuroViz] Topomap已生成: 57580 chars
[NeuroViz] Topomap触发: send_counter=4520, mod=0, topomap_module=<module 'processors.topomap' from '/Users/sss/projects/neuroviz/backend/processors/topomap.py'>
[NeuroViz] 进入40帧触发块: send_counter=4520
[NeuroViz] values={'Fp1': 105.2, 'Fp2': 10.99}
[NeuroViz] TimeFreq已生成: 12048 chars
[NeuroViz] Topomap已生成: 56128 chars
[NeuroViz] Topomap触发: send_counter=4560, mod=0, topomap_module=<module 'processors.topomap' from '/Users/sss/projects/neuroviz/backend/processors/topomap.py'>
[NeuroViz] 进入40帧触发块: send_counter=4560
[NeuroViz] values={'Fp1': 99.74, 'Fp2': 94.83}
[NeuroViz] TimeFreq已生成: 12392 chars
[NeuroViz] Topomap已生成: 56912 chars
[NeuroViz] Topomap触发: send_counter=4600, mod=0, topomap_module=<module 'processors.topomap' from '/Users/sss/projects/neuroviz/backend/processors/topomap.py'>
[NeuroViz] 进入40帧触发块: send_counter=4600
[NeuroViz] values={'Fp1': 72.56, 'Fp2': 93.7}
[NeuroViz] TimeFreq已生成: 12428 chars
[NeuroViz] Topomap已生成: 60092 chars
[NeuroViz] Topomap触发: send_counter=4640, mod=0, topomap_module=<module 'processors.topomap' from '/Users/sss/projects/neuroviz/backend/processors/topomap.py'>
[NeuroViz] 进入40帧触发块: send_counter=4640
[NeuroViz] values={'Fp1': 44.89, 'Fp2': 2.43}
[NeuroViz] TimeFreq已生成: 12368 chars
[NeuroViz] Topomap已生成: 57168 chars
[NeuroViz] Topomap触发: send_counter=4680, mod=0, topomap_module=<module 'processors.topomap' from '/Users/sss/projects/neuroviz/backend/processors/topomap.py'>
[NeuroViz] 进入40帧触发块: send_counter=4680
[NeuroViz] values={'Fp1': 18.3, 'Fp2': 58.73}
[NeuroViz] TimeFreq已生成: 12896 chars
[NeuroViz] Topomap已生成: 57936 chars
[NeuroViz] Topomap触发: send_counter=4720, mod=0, topomap_module=<module 'processors.topomap' from '/Users/sss/projects/neuroviz/backend/processors/topomap.py'>
[NeuroViz] 进入40帧触发块: send_counter=4720
[NeuroViz] values={'Fp1': 1.24, 'Fp2': 111.69}
[NeuroViz] TimeFreq已生成: 12476 chars
[NeuroViz] Topomap已生成: 56484 chars
[NeuroViz] Topomap触发: send_counter=4760, mod=0, topomap_module=<module 'processors.topomap' from '/Users/sss/projects/neuroviz/backend/processors/topomap.py'>
[NeuroViz] 进入40帧触发块: send_counter=4760
[NeuroViz] values={'Fp1': 3.75, 'Fp2': 29.21}
[NeuroViz] TimeFreq已生成: 12420 chars
[NeuroViz] Topomap已生成: 56376 chars
[NeuroViz] Topomap触发: send_counter=4800, mod=0, topomap_module=<module 'processors.topomap' from '/Users/sss/projects/neuroviz/backend/processors/topomap.py'>
[NeuroViz] 进入40帧触发块: send_counter=4800
[NeuroViz] values={'Fp1': 19.44, 'Fp2': 14.95}
[NeuroViz] TimeFreq已生成: 12540 chars
[NeuroViz] Topomap已生成: 59488 chars
[NeuroViz] Topomap触发: send_counter=4840, mod=0, topomap_module=<module 'processors.topomap' from '/Users/sss/projects/neuroviz/backend/processors/topomap.py'>
[NeuroViz] 进入40帧触发块: send_counter=4840
[NeuroViz] values={'Fp1': 60.24, 'Fp2': 101.75}
[NeuroViz] TimeFreq已生成: 12076 chars
[NeuroViz] Topomap已生成: 58464 chars
[NeuroViz] Topomap触发: send_counter=4880, mod=0, topomap_module=<module 'processors.topomap' from '/Users/sss/projects/neuroviz/backend/processors/topomap.py'>
[NeuroViz] 进入40帧触发块: send_counter=4880
[NeuroViz] values={'Fp1': 81.14, 'Fp2': 68.5}
[NeuroViz] TimeFreq已生成: 12576 chars
[NeuroViz] Topomap已生成: 56712 chars
[NeuroViz] Topomap触发: send_counter=4920, mod=0, topomap_module=<module 'processors.topomap' from '/Users/sss/projects/neuroviz/backend/processors/topomap.py'>
[NeuroViz] 进入40帧触发块: send_counter=4920
[NeuroViz] values={'Fp1': 96.77, 'Fp2': 1.17}
[NeuroViz] TimeFreq已生成: 12364 chars
[NeuroViz] Topomap已生成: 55816 chars
[NeuroViz] Topomap触发: send_counter=4960, mod=0, topomap_module=<module 'processors.topomap' from '/Users/sss/projects/neuroviz/backend/processors/topomap.py'>
[NeuroViz] 进入40帧触发块: send_counter=4960
[NeuroViz] values={'Fp1': 110.6, 'Fp2': 63.52}
[NeuroViz] TimeFreq已生成: 12484 chars
[NeuroViz] Topomap已生成: 56336 chars
[NeuroViz] Topomap触发: send_counter=5000, mod=0, topomap_module=<module 'processors.topomap' from '/Users/sss/projects/neuroviz/backend/processors/topomap.py'>
[NeuroViz] 进入40帧触发块: send_counter=5000
[NeuroViz] values={'Fp1': 94.37, 'Fp2': 96.92}
[NeuroViz] TimeFreq已生成: 12532 chars
[NeuroViz] Topomap已生成: 58248 chars
[NeuroViz] Topomap触发: send_counter=5040, mod=0, topomap_module=<module 'processors.topomap' from '/Users/sss/projects/neuroviz/backend/processors/topomap.py'>
[NeuroViz] 进入40帧触发块: send_counter=5040
[NeuroViz] values={'Fp1': 73.61, 'Fp2': 23.57}
[NeuroViz] TimeFreq已生成: 12292 chars
[NeuroViz] Topomap已生成: 56472 chars
[NeuroViz] Topomap触发: send_counter=5080, mod=0, topomap_module=<module 'processors.topomap' from '/Users/sss/projects/neuroviz/backend/processors/topomap.py'>
[NeuroViz] 进入40帧触发块: send_counter=5080
[NeuroViz] values={'Fp1': 29.09, 'Fp2': 14.88}
[NeuroViz] TimeFreq已生成: 12464 chars
[NeuroViz] Topomap已生成: 57348 chars
[NeuroViz] Topomap触发: send_counter=5120, mod=0, topomap_module=<module 'processors.topomap' from '/Users/sss/projects/neuroviz/backend/processors/topomap.py'>
[NeuroViz] 进入40帧触发块: send_counter=5120
[NeuroViz] values={'Fp1': 14.89, 'Fp2': 111.58}
[NeuroViz] TimeFreq已生成: 12044 chars
[NeuroViz] Topomap已生成: 56788 chars
[NeuroViz] Topomap触发: send_counter=5160, mod=0, topomap_module=<module 'processors.topomap' from '/Users/sss/projects/neuroviz/backend/processors/topomap.py'>
[NeuroViz] 进入40帧触发块: send_counter=5160
[NeuroViz] values={'Fp1': 2.09, 'Fp2': 68.38}
[NeuroViz] TimeFreq已生成: 12448 chars
[NeuroViz] Topomap已生成: 57024 chars
[NeuroViz] Topomap触发: send_counter=5200, mod=0, topomap_module=<module 'processors.topomap' from '/Users/sss/projects/neuroviz/backend/processors/topomap.py'>
[NeuroViz] 进入40帧触发块: send_counter=5200
[NeuroViz] values={'Fp1': 12.19, 'Fp2': 1.64}
[NeuroViz] TimeFreq已生成: 12412 chars
[NeuroViz] Topomap已生成: 55704 chars
[NeuroViz] Topomap触发: send_counter=5240, mod=0, topomap_module=<module 'processors.topomap' from '/Users/sss/projects/neuroviz/backend/processors/topomap.py'>
[NeuroViz] 进入40帧触发块: send_counter=5240
[NeuroViz] values={'Fp1': 24.08, 'Fp2': 76.4}
[NeuroViz] TimeFreq已生成: 12360 chars
[NeuroViz] Topomap已生成: 56600 chars
[NeuroViz] Topomap触发: send_counter=5280, mod=0, topomap_module=<module 'processors.topomap' from '/Users/sss/projects/neuroviz/backend/processors/topomap.py'>
[NeuroViz] 进入40帧触发块: send_counter=5280
[NeuroViz] values={'Fp1': 62.41, 'Fp2': 110.38}
[NeuroViz] TimeFreq已生成: 12496 chars
[NeuroViz] Topomap已生成: 56936 chars
[NeuroViz] Topomap触发: send_counter=5320, mod=0, topomap_module=<module 'processors.topomap' from '/Users/sss/projects/neuroviz/backend/processors/topomap.py'>
[NeuroViz] 进入40帧触发块: send_counter=5320
[NeuroViz] values={'Fp1': 88.36, 'Fp2': 20.86}
[NeuroViz] TimeFreq已生成: 12516 chars
[NeuroViz] Topomap已生成: 57204 chars
[NeuroViz] Topomap触发: send_counter=5360, mod=0, topomap_module=<module 'processors.topomap' from '/Users/sss/projects/neuroviz/backend/processors/topomap.py'>
[NeuroViz] 进入40帧触发块: send_counter=5360
[NeuroViz] values={'Fp1': 102.13, 'Fp2': 27.03}
[NeuroViz] TimeFreq已生成: 12532 chars
[NeuroViz] Topomap已生成: 58020 chars
[NeuroViz] Topomap触发: send_counter=5400, mod=0, topomap_module=<module 'processors.topomap' from '/Users/sss/projects/neuroviz/backend/processors/topomap.py'>
[NeuroViz] 进入40帧触发块: send_counter=5400
[NeuroViz] values={'Fp1': 105.27, 'Fp2': 100.14}
[NeuroViz] TimeFreq已生成: 12456 chars
[NeuroViz] Topomap已生成: 56844 chars
[NeuroViz] Topomap触发: send_counter=5440, mod=0, topomap_module=<module 'processors.topomap' from '/Users/sss/projects/neuroviz/backend/processors/topomap.py'>
[NeuroViz] 进入40帧触发块: send_counter=5440
[NeuroViz] values={'Fp1': 91.66, 'Fp2': 64.66}
[NeuroViz] TimeFreq已生成: 12312 chars
[NeuroViz] Topomap已生成: 56784 chars
[NeuroViz] Topomap触发: send_counter=5480, mod=0, topomap_module=<module 'processors.topomap' from '/Users/sss/projects/neuroviz/backend/processors/topomap.py'>
[NeuroViz] 进入40帧触发块: send_counter=5480
[NeuroViz] values={'Fp1': 70.55, 'Fp2': 3.72}
[NeuroViz] TimeFreq已生成: 12352 chars
[NeuroViz] Topomap已生成: 57128 chars
[NeuroViz] Topomap触发: send_counter=5520, mod=0, topomap_module=<module 'processors.topomap' from '/Users/sss/projects/neuroviz/backend/processors/topomap.py'>
[NeuroViz] 进入40帧触发块: send_counter=5520
[NeuroViz] values={'Fp1': 30.4, 'Fp2': 76.82}
[NeuroViz] TimeFreq已生成: 12392 chars
[NeuroViz] Topomap已生成: 56192 chars
[NeuroViz] Topomap触发: send_counter=5560, mod=0, topomap_module=<module 'processors.topomap' from '/Users/sss/projects/neuroviz/backend/processors/topomap.py'>
[NeuroViz] 进入40帧触发块: send_counter=5560
[NeuroViz] values={'Fp1': 6.93, 'Fp2': 94.95}
[NeuroViz] TimeFreq已生成: 12468 chars
[NeuroViz] Topomap已生成: 58652 chars
[NeuroViz] Topomap触发: send_counter=5600, mod=0, topomap_module=<module 'processors.topomap' from '/Users/sss/projects/neuroviz/backend/processors/topomap.py'>
[NeuroViz] 进入40帧触发块: send_counter=5600
[NeuroViz] values={'Fp1': 1.24, 'Fp2': 14.44}
[NeuroViz] TimeFreq已生成: 13092 chars
[NeuroViz] Topomap已生成: 56432 chars
[NeuroViz] Topomap触发: send_counter=5640, mod=0, topomap_module=<module 'processors.topomap' from '/Users/sss/projects/neuroviz/backend/processors/topomap.py'>
[NeuroViz] 进入40帧触发块: send_counter=5640
[NeuroViz] values={'Fp1': 8.94, 'Fp2': 33.65}
[NeuroViz] TimeFreq已生成: 12444 chars
[NeuroViz] Topomap已生成: 56540 chars
[NeuroViz] Topomap触发: send_counter=5680, mod=0, topomap_module=<module 'processors.topomap' from '/Users/sss/projects/neuroviz/backend/processors/topomap.py'>
[NeuroViz] 进入40帧触发块: send_counter=5680
[NeuroViz] values={'Fp1': 35.46, 'Fp2': 97.54}
[NeuroViz] TimeFreq已生成: 12692 chars
[NeuroViz] Topomap已生成: 57384 chars
[NeuroViz] Topomap触发: send_counter=5720, mod=0, topomap_module=<module 'processors.topomap' from '/Users/sss/projects/neuroviz/backend/processors/topomap.py'>
[NeuroViz] 进入40帧触发块: send_counter=5720
[NeuroViz] values={'Fp1': 61.18, 'Fp2': 51.82}
[NeuroViz] TimeFreq已生成: 12432 chars
[NeuroViz] Topomap已生成: 56360 chars
[NeuroViz] Topomap触发: send_counter=5760, mod=0, topomap_module=<module 'processors.topomap' from '/Users/sss/projects/neuroviz/backend/processors/topomap.py'>
[NeuroViz] 进入40帧触发块: send_counter=5760
[NeuroViz] values={'Fp1': 86.44, 'Fp2': 2.72}
[NeuroViz] TimeFreq已生成: 11992 chars
[NeuroViz] Topomap已生成: 57744 chars
[NeuroViz] Topomap触发: send_counter=5800, mod=0, topomap_module=<module 'processors.topomap' from '/Users/sss/projects/neuroviz/backend/processors/topomap.py'>
[NeuroViz] 进入40帧触发块: send_counter=5800
[NeuroViz] values={'Fp1': 107.23, 'Fp2': 76.47}
[NeuroViz] TimeFreq已生成: 12528 chars
[NeuroViz] Topomap已生成: 57268 chars
[NeuroViz] Topomap触发: send_counter=5840, mod=0, topomap_module=<module 'processors.topomap' from '/Users/sss/projects/neuroviz/backend/processors/topomap.py'>
[NeuroViz] 进入40帧触发块: send_counter=5840
[NeuroViz] values={'Fp1': 114.79, 'Fp2': 99.4}
[NeuroViz] TimeFreq已生成: 12612 chars
[NeuroViz] Topomap已生成: 58316 chars
[NeuroViz] Topomap触发: send_counter=5880, mod=0, topomap_module=<module 'processors.topomap' from '/Users/sss/projects/neuroviz/backend/processors/topomap.py'>
[NeuroViz] 进入40帧触发块: send_counter=5880
[NeuroViz] values={'Fp1': 89.95, 'Fp2': 9.78}
[NeuroViz] TimeFreq已生成: 12800 chars
[NeuroViz] Topomap已生成: 57984 chars
[NeuroViz] Topomap触发: send_counter=5920, mod=0, topomap_module=<module 'processors.topomap' from '/Users/sss/projects/neuroviz/backend/processors/topomap.py'>
[NeuroViz] 进入40帧触发块: send_counter=5920
[NeuroViz] values={'Fp1': 65.97, 'Fp2': 43.63}
[NeuroViz] TimeFreq已生成: 12520 chars
[NeuroViz] Topomap已生成: 60180 chars
[NeuroViz] Topomap触发: send_counter=5960, mod=0, topomap_module=<module 'processors.topomap' from '/Users/sss/projects/neuroviz/backend/processors/topomap.py'>
[NeuroViz] 进入40帧触发块: send_counter=5960
[NeuroViz] values={'Fp1': 35.4, 'Fp2': 119.22}
[NeuroViz] TimeFreq已生成: 12376 chars
[NeuroViz] Topomap已生成: 58480 chars
[NeuroViz] Topomap触发: send_counter=6000, mod=0, topomap_module=<module 'processors.topomap' from '/Users/sss/projects/neuroviz/backend/processors/topomap.py'>
[NeuroViz] 进入40帧触发块: send_counter=6000
[NeuroViz] values={'Fp1': 7.72, 'Fp2': 47.05}
[NeuroViz] TimeFreq已生成: 12412 chars
[NeuroViz] Topomap已生成: 57796 chars
[NeuroViz] Topomap触发: send_counter=6040, mod=0, topomap_module=<module 'processors.topomap' from '/Users/sss/projects/neuroviz/backend/processors/topomap.py'>
[NeuroViz] 进入40帧触发块: send_counter=6040
[NeuroViz] values={'Fp1': 0.79, 'Fp2': 8.27}
[NeuroViz] TimeFreq已生成: 12440 chars
[NeuroViz] Topomap已生成: 56140 chars
[NeuroViz] Topomap触发: send_counter=6080, mod=0, topomap_module=<module 'processors.topomap' from '/Users/sss/projects/neuroviz/backend/processors/topomap.py'>
[NeuroViz] 进入40帧触发块: send_counter=6080
[NeuroViz] values={'Fp1': 10.91, 'Fp2': 92.46}
[NeuroViz] TimeFreq已生成: 12420 chars
[NeuroViz] Topomap已生成: 58476 chars
[NeuroViz] Topomap触发: send_counter=6120, mod=0, topomap_module=<module 'processors.topomap' from '/Users/sss/projects/neuroviz/backend/processors/topomap.py'>
[NeuroViz] 进入40帧触发块: send_counter=6120
[NeuroViz] values={'Fp1': 36.52, 'Fp2': 93.48}
[NeuroViz] TimeFreq已生成: 12376 chars
[NeuroViz] Topomap已生成: 57392 chars
[NeuroViz] Topomap触发: send_counter=6160, mod=0, topomap_module=<module 'processors.topomap' from '/Users/sss/projects/neuroviz/backend/processors/topomap.py'>
[NeuroViz] 进入40帧触发块: send_counter=6160
[NeuroViz] values={'Fp1': 59.97, 'Fp2': 3.47}
[NeuroViz] TimeFreq已生成: 12396 chars
[NeuroViz] Topomap已生成: 56236 chars
[NeuroViz] Topomap触发: send_counter=6200, mod=0, topomap_module=<module 'processors.topomap' from '/Users/sss/projects/neuroviz/backend/processors/topomap.py'>
[NeuroViz] 进入40帧触发块: send_counter=6200
[NeuroViz] values={'Fp1': 92.52, 'Fp2': 51.17}
[NeuroViz] TimeFreq已生成: 12500 chars
[NeuroViz] Topomap已生成: 57764 chars
[NeuroViz] Topomap触发: send_counter=6240, mod=0, topomap_module=<module 'processors.topomap' from '/Users/sss/projects/neuroviz/backend/processors/topomap.py'>
[NeuroViz] 进入40帧触发块: send_counter=6240
[NeuroViz] values={'Fp1': 110.95, 'Fp2': 112.04}
[NeuroViz] TimeFreq已生成: 12436 chars
[NeuroViz] Topomap已生成: 57160 chars
[NeuroViz] Topomap触发: send_counter=6280, mod=0, topomap_module=<module 'processors.topomap' from '/Users/sss/projects/neuroviz/backend/processors/topomap.py'>
[NeuroViz] 进入40帧触发块: send_counter=6280
[NeuroViz] values={'Fp1': 102.68, 'Fp2': 31.45}
[NeuroViz] TimeFreq已生成: 12440 chars
[NeuroViz] Topomap已生成: 57368 chars
[NeuroViz] Topomap触发: send_counter=6320, mod=0, topomap_module=<module 'processors.topomap' from '/Users/sss/projects/neuroviz/backend/processors/topomap.py'>
[NeuroViz] 进入40帧触发块: send_counter=6320
[NeuroViz] values={'Fp1': 90.61, 'Fp2': 11.55}
[NeuroViz] TimeFreq已生成: 12188 chars
[NeuroViz] Topomap已生成: 58048 chars
[NeuroViz] Topomap触发: send_counter=6360, mod=0, topomap_module=<module 'processors.topomap' from '/Users/sss/projects/neuroviz/backend/processors/topomap.py'>
[NeuroViz] 进入40帧触发块: send_counter=6360
[NeuroViz] values={'Fp1': 57.57, 'Fp2': 98.02}
[NeuroViz] TimeFreq已生成: 12208 chars
[NeuroViz] Topomap已生成: 58800 chars
[NeuroViz] Topomap触发: send_counter=6400, mod=0, topomap_module=<module 'processors.topomap' from '/Users/sss/projects/neuroviz/backend/processors/topomap.py'>
[NeuroViz] 进入40帧触发块: send_counter=6400
[NeuroViz] values={'Fp1': 32.76, 'Fp2': 80.1}
[NeuroViz] TimeFreq已生成: 12500 chars
[NeuroViz] Topomap已生成: 57000 chars
[NeuroViz] Topomap触发: send_counter=6440, mod=0, topomap_module=<module 'processors.topomap' from '/Users/sss/projects/neuroviz/backend/processors/topomap.py'>
[NeuroViz] 进入40帧触发块: send_counter=6440
[NeuroViz] values={'Fp1': 8.45, 'Fp2': 2.8}
[NeuroViz] TimeFreq已生成: 12432 chars
[NeuroViz] Topomap已生成: 55276 chars
[NeuroViz] Topomap触发: send_counter=6480, mod=0, topomap_module=<module 'processors.topomap' from '/Users/sss/projects/neuroviz/backend/processors/topomap.py'>
[NeuroViz] 进入40帧触发块: send_counter=6480
[NeuroViz] values={'Fp1': 2.29, 'Fp2': 52.74}
[NeuroViz] TimeFreq已生成: 12128 chars
[NeuroViz] Topomap已生成: 56300 chars
[NeuroViz] Topomap触发: send_counter=6520, mod=0, topomap_module=<module 'processors.topomap' from '/Users/sss/projects/neuroviz/backend/processors/topomap.py'>
[NeuroViz] 进入40帧触发块: send_counter=6520
[NeuroViz] values={'Fp1': 9.55, 'Fp2': 103.68}
[NeuroViz] TimeFreq已生成: 12752 chars
[NeuroViz] Topomap已生成: 56640 chars
[NeuroViz] Topomap触发: send_counter=6560, mod=0, topomap_module=<module 'processors.topomap' from '/Users/sss/projects/neuroviz/backend/processors/topomap.py'>
[NeuroViz] 进入40帧触发块: send_counter=6560
[NeuroViz] values={'Fp1': 36.93, 'Fp2': 33.52}
[NeuroViz] TimeFreq已生成: 12492 chars
[NeuroViz] Topomap已生成: 58332 chars
[NeuroViz] Topomap触发: send_counter=6600, mod=0, topomap_module=<module 'processors.topomap' from '/Users/sss/projects/neuroviz/backend/processors/topomap.py'>
[NeuroViz] 进入40帧触发块: send_counter=6600
[NeuroViz] values={'Fp1': 73.78, 'Fp2': 11.95}
[NeuroViz] TimeFreq已生成: 12388 chars
[NeuroViz] Topomap已生成: 56864 chars
[NeuroViz] Topomap触发: send_counter=6640, mod=0, topomap_module=<module 'processors.topomap' from '/Users/sss/projects/neuroviz/backend/processors/topomap.py'>
[NeuroViz] 进入40帧触发块: send_counter=6640
[NeuroViz] values={'Fp1': 98.6, 'Fp2': 112.59}
[NeuroViz] TimeFreq已生成: 12244 chars
[NeuroViz] Topomap已生成: 58048 chars
[NeuroViz] Topomap触发: send_counter=6680, mod=0, topomap_module=<module 'processors.topomap' from '/Users/sss/projects/neuroviz/backend/processors/topomap.py'>
[NeuroViz] 进入40帧触发块: send_counter=6680
[NeuroViz] values={'Fp1': 101.52, 'Fp2': 67.35}
[NeuroViz] TimeFreq已生成: 12364 chars
[NeuroViz] Topomap已生成: 57416 chars
[NeuroViz] Topomap触发: send_counter=6720, mod=0, topomap_module=<module 'processors.topomap' from '/Users/sss/projects/neuroviz/backend/processors/topomap.py'>
[NeuroViz] 进入40帧触发块: send_counter=6720
[NeuroViz] values={'Fp1': 96.68, 'Fp2': 1.54}
[NeuroViz] TimeFreq已生成: 12492 chars
[NeuroViz] Topomap已生成: 55784 chars
[NeuroViz] Topomap触发: send_counter=6760, mod=0, topomap_module=<module 'processors.topomap' from '/Users/sss/projects/neuroviz/backend/processors/topomap.py'>
[NeuroViz] 进入40帧触发块: send_counter=6760
[NeuroViz] values={'Fp1': 82.21, 'Fp2': 65.26}
[NeuroViz] TimeFreq已生成: 12152 chars
[NeuroViz] Topomap已生成: 58304 chars
[NeuroViz] Topomap触发: send_counter=6800, mod=0, topomap_module=<module 'processors.topomap' from '/Users/sss/projects/neuroviz/backend/processors/topomap.py'>
[NeuroViz] 进入40帧触发块: send_counter=6800
[NeuroViz] values={'Fp1': 51.89, 'Fp2': 106.93}
[NeuroViz] TimeFreq已生成: 12476 chars
[NeuroViz] Topomap已生成: 57028 chars
[NeuroViz] Topomap触发: send_counter=6840, mod=0, topomap_module=<module 'processors.topomap' from '/Users/sss/projects/neuroviz/backend/processors/topomap.py'>
[NeuroViz] 进入40帧触发块: send_counter=6840
[NeuroViz] values={'Fp1': 18.83, 'Fp2': 30.08}
[NeuroViz] TimeFreq已生成: 12628 chars
[NeuroViz] Topomap已生成: 57164 chars
[NeuroViz] Topomap触发: send_counter=6880, mod=0, topomap_module=<module 'processors.topomap' from '/Users/sss/projects/neuroviz/backend/processors/topomap.py'>
[NeuroViz] 进入40帧触发块: send_counter=6880
[NeuroViz] values={'Fp1': 8.27, 'Fp2': 27.46}
[NeuroViz] TimeFreq已生成: 12420 chars
[NeuroViz] Topomap已生成: 58820 chars
[NeuroViz] Topomap触发: send_counter=6920, mod=0, topomap_module=<module 'processors.topomap' from '/Users/sss/projects/neuroviz/backend/processors/topomap.py'>
[NeuroViz] 进入40帧触发块: send_counter=6920
[NeuroViz] values={'Fp1': 1.18, 'Fp2': 104.45}
[NeuroViz] TimeFreq已生成: 12860 chars
[NeuroViz] Topomap已生成: 56768 chars
[NeuroViz] Topomap触发: send_counter=6960, mod=0, topomap_module=<module 'processors.topomap' from '/Users/sss/projects/neuroviz/backend/processors/topomap.py'>
[NeuroViz] 进入40帧触发块: send_counter=6960
[NeuroViz] values={'Fp1': 16.84, 'Fp2': 72.5}
[NeuroViz] TimeFreq已生成: 12712 chars
[NeuroViz] Topomap已生成: 57132 chars
[NeuroViz] Topomap触发: send_counter=7000, mod=0, topomap_module=<module 'processors.topomap' from '/Users/sss/projects/neuroviz/backend/processors/topomap.py'>
[NeuroViz] 进入40帧触发块: send_counter=7000
[NeuroViz] values={'Fp1': 33.79, 'Fp2': 1.85}
[NeuroViz] TimeFreq已生成: 12060 chars
[NeuroViz] Topomap已生成: 56336 chars
[NeuroViz] Topomap触发: send_counter=7040, mod=0, topomap_module=<module 'processors.topomap' from '/Users/sss/projects/neuroviz/backend/processors/topomap.py'>
[NeuroViz] 进入40帧触发块: send_counter=7040
[NeuroViz] values={'Fp1': 70.23, 'Fp2': 77.85}
[NeuroViz] TimeFreq已生成: 12432 chars
[NeuroViz] Topomap已生成: 57292 chars
[NeuroViz] Topomap触发: send_counter=7080, mod=0, topomap_module=<module 'processors.topomap' from '/Users/sss/projects/neuroviz/backend/processors/topomap.py'>
[NeuroViz] 进入40帧触发块: send_counter=7080
[NeuroViz] values={'Fp1': 94.66, 'Fp2': 102.78}
[NeuroViz] TimeFreq已生成: 12392 chars
[NeuroViz] Topomap已生成: 58784 chars
[NeuroViz] Topomap触发: send_counter=7120, mod=0, topomap_module=<module 'processors.topomap' from '/Users/sss/projects/neuroviz/backend/processors/topomap.py'>
[NeuroViz] 进入40帧触发块: send_counter=7120
[NeuroViz] values={'Fp1': 104.98, 'Fp2': 15.38}
[NeuroViz] TimeFreq已生成: 12152 chars
[NeuroViz] Topomap已生成: 58432 chars
[NeuroViz] Topomap触发: send_counter=7160, mod=0, topomap_module=<module 'processors.topomap' from '/Users/sss/projects/neuroviz/backend/processors/topomap.py'>
[NeuroViz] 进入40帧触发块: send_counter=7160
[NeuroViz] values={'Fp1': 99.56, 'Fp2': 24.78}
[NeuroViz] TimeFreq已生成: 12476 chars
[NeuroViz] Topomap已生成: 57612 chars
[NeuroViz] Topomap触发: send_counter=7200, mod=0, topomap_module=<module 'processors.topomap' from '/Users/sss/projects/neuroviz/backend/processors/topomap.py'>
[NeuroViz] 进入40帧触发块: send_counter=7200
[NeuroViz] values={'Fp1': 69.75, 'Fp2': 100.85}
[NeuroViz] TimeFreq已生成: 12368 chars
[NeuroViz] Topomap已生成: 57876 chars
[NeuroViz] Topomap触发: send_counter=7240, mod=0, topomap_module=<module 'processors.topomap' from '/Users/sss/projects/neuroviz/backend/processors/topomap.py'>
[NeuroViz] 进入40帧触发块: send_counter=7240
[NeuroViz] values={'Fp1': 56.42, 'Fp2': 63.38}
[NeuroViz] TimeFreq已生成: 12484 chars
[NeuroViz] Topomap已生成: 57708 chars
[NeuroViz] Topomap触发: send_counter=7280, mod=0, topomap_module=<module 'processors.topomap' from '/Users/sss/projects/neuroviz/backend/processors/topomap.py'>
[NeuroViz] 进入40帧触发块: send_counter=7280
[NeuroViz] values={'Fp1': 23.8, 'Fp2': 2.9}
[NeuroViz] TimeFreq已生成: 12476 chars
[NeuroViz] Topomap已生成: 58916 chars
[NeuroViz] Topomap触发: send_counter=7320, mod=0, topomap_module=<module 'processors.topomap' from '/Users/sss/projects/neuroviz/backend/processors/topomap.py'>
[NeuroViz] 进入40帧触发块: send_counter=7320
[NeuroViz] values={'Fp1': 1.76, 'Fp2': 71.26}
[NeuroViz] TimeFreq已生成: 12348 chars
[NeuroViz] Topomap已生成: 57192 chars
[NeuroViz] Topomap触发: send_counter=7360, mod=0, topomap_module=<module 'processors.topomap' from '/Users/sss/projects/neuroviz/backend/processors/topomap.py'>
[NeuroViz] 进入40帧触发块: send_counter=7360
[NeuroViz] values={'Fp1': 2.46, 'Fp2': 93.27}
[NeuroViz] TimeFreq已生成: 12396 chars
[NeuroViz] Topomap已生成: 56232 chars
[NeuroViz] Topomap触发: send_counter=7400, mod=0, topomap_module=<module 'processors.topomap' from '/Users/sss/projects/neuroviz/backend/processors/topomap.py'>
[NeuroViz] 进入40帧触发块: send_counter=7400
[NeuroViz] values={'Fp1': 20.51, 'Fp2': 14.37}
[NeuroViz] TimeFreq已生成: 12404 chars
[NeuroViz] Topomap已生成: 56332 chars
[NeuroViz] Topomap触发: send_counter=7440, mod=0, topomap_module=<module 'processors.topomap' from '/Users/sss/projects/neuroviz/backend/processors/topomap.py'>
[NeuroViz] 进入40帧触发块: send_counter=7440
[NeuroViz] values={'Fp1': 37.79, 'Fp2': 37.74}
[NeuroViz] TimeFreq已生成: 12428 chars
[NeuroViz] Topomap已生成: 59156 chars
[NeuroViz] Topomap触发: send_counter=7480, mod=0, topomap_module=<module 'processors.topomap' from '/Users/sss/projects/neuroviz/backend/processors/topomap.py'>
[NeuroViz] 进入40帧触发块: send_counter=7480
[NeuroViz] values={'Fp1': 72.09, 'Fp2': 106.65}
[NeuroViz] TimeFreq已生成: 12416 chars
[NeuroViz] Topomap已生成: 57996 chars
[NeuroViz] Topomap触发: send_counter=7520, mod=0, topomap_module=<module 'processors.topomap' from '/Users/sss/projects/neuroviz/backend/processors/topomap.py'>
[NeuroViz] 进入40帧触发块: send_counter=7520
[NeuroViz] values={'Fp1': 99.29, 'Fp2': 49.84}
[NeuroViz] TimeFreq已生成: 12428 chars
[NeuroViz] Topomap已生成: 56644 chars
[NeuroViz] Topomap触发: send_counter=7560, mod=0, topomap_module=<module 'processors.topomap' from '/Users/sss/projects/neuroviz/backend/processors/topomap.py'>
[NeuroViz] 进入40帧触发块: send_counter=7560
[NeuroViz] values={'Fp1': 97.33, 'Fp2': 6.38}
[NeuroViz] TimeFreq已生成: 12100 chars
[NeuroViz] Topomap已生成: 56032 chars
[NeuroViz] Topomap触发: send_counter=7600, mod=0, topomap_module=<module 'processors.topomap' from '/Users/sss/projects/neuroviz/backend/processors/topomap.py'>
[NeuroViz] 进入40帧触发块: send_counter=7600
[NeuroViz] values={'Fp1': 97.24, 'Fp2': 81.19}
[NeuroViz] TimeFreq已生成: 12332 chars
[NeuroViz] Topomap已生成: 58464 chars
[NeuroViz] Topomap触发: send_counter=7640, mod=0, topomap_module=<module 'processors.topomap' from '/Users/sss/projects/neuroviz/backend/processors/topomap.py'>
[NeuroViz] 进入40帧触发块: send_counter=7640
[NeuroViz] values={'Fp1': 72.22, 'Fp2': 105.62}
[NeuroViz] TimeFreq已生成: 12348 chars
[NeuroViz] Topomap已生成: 57872 chars
[NeuroViz] Topomap触发: send_counter=7680, mod=0, topomap_module=<module 'processors.topomap' from '/Users/sss/projects/neuroviz/backend/processors/topomap.py'>
[NeuroViz] 进入40帧触发块: send_counter=7680
[NeuroViz] values={'Fp1': 53.48, 'Fp2': 5.55}
[NeuroViz] TimeFreq已生成: 12532 chars
[NeuroViz] Topomap已生成: 55908 chars
[NeuroViz] Topomap触发: send_counter=7720, mod=0, topomap_module=<module 'processors.topomap' from '/Users/sss/projects/neuroviz/backend/processors/topomap.py'>
[NeuroViz] 进入40帧触发块: send_counter=7720
[NeuroViz] values={'Fp1': 19.73, 'Fp2': 40.25}
[NeuroViz] TimeFreq已生成: 12808 chars
[NeuroViz] Topomap已生成: 60572 chars
[NeuroViz] Topomap触发: send_counter=7760, mod=0, topomap_module=<module 'processors.topomap' from '/Users/sss/projects/neuroviz/backend/processors/topomap.py'>
[NeuroViz] 进入40帧触发块: send_counter=7760
[NeuroViz] values={'Fp1': 1.66, 'Fp2': 115.37}
[NeuroViz] TimeFreq已生成: 12760 chars
[NeuroViz] Topomap已生成: 56580 chars
[NeuroViz] Topomap触发: send_counter=7800, mod=0, topomap_module=<module 'processors.topomap' from '/Users/sss/projects/neuroviz/backend/processors/topomap.py'>
[NeuroViz] 进入40帧触发块: send_counter=7800
[NeuroViz] values={'Fp1': 1.53, 'Fp2': 38.56}
[NeuroViz] TimeFreq已生成: 12428 chars
[NeuroViz] Topomap已生成: 57272 chars
[NeuroViz] Topomap触发: send_counter=7840, mod=0, topomap_module=<module 'processors.topomap' from '/Users/sss/projects/neuroviz/backend/processors/topomap.py'>
[NeuroViz] 进入40帧触发块: send_counter=7840
[NeuroViz] values={'Fp1': 20.29, 'Fp2': 6.34}
[NeuroViz] TimeFreq已生成: 12536 chars
[NeuroViz] Topomap已生成: 56576 chars
[NeuroViz] Topomap触发: send_counter=7880, mod=0, topomap_module=<module 'processors.topomap' from '/Users/sss/projects/neuroviz/backend/processors/topomap.py'>
[NeuroViz] 进入40帧触发块: send_counter=7880
[NeuroViz] values={'Fp1': 57.26, 'Fp2': 90.83}
[NeuroViz] TimeFreq已生成: 12068 chars
[NeuroViz] Topomap已生成: 57828 chars
[NeuroViz] Topomap触发: send_counter=7920, mod=0, topomap_module=<module 'processors.topomap' from '/Users/sss/projects/neuroviz/backend/processors/topomap.py'>
[NeuroViz] 进入40帧触发块: send_counter=7920
[NeuroViz] values={'Fp1': 77.68, 'Fp2': 87.07}
[NeuroViz] TimeFreq已生成: 11988 chars
[NeuroViz] Topomap已生成: 56624 chars
[NeuroViz] Topomap触发: send_counter=7960, mod=0, topomap_module=<module 'processors.topomap' from '/Users/sss/projects/neuroviz/backend/processors/topomap.py'>
[NeuroViz] 进入40帧触发块: send_counter=7960
[NeuroViz] values={'Fp1': 108.51, 'Fp2': 6.39}
[NeuroViz] TimeFreq已生成: 12352 chars
[NeuroViz] Topomap已生成: 56296 chars
[NeuroViz] Topomap触发: send_counter=8000, mod=0, topomap_module=<module 'processors.topomap' from '/Users/sss/projects/neuroviz/backend/processors/topomap.py'>
[NeuroViz] 进入40帧触发块: send_counter=8000
[NeuroViz] values={'Fp1': 105.21, 'Fp2': 45.29}
[NeuroViz] TimeFreq已生成: 12120 chars
[NeuroViz] Topomap已生成: 57056 chars
[NeuroViz] Topomap触发: send_counter=8040, mod=0, topomap_module=<module 'processors.topomap' from '/Users/sss/projects/neuroviz/backend/processors/topomap.py'>
[NeuroViz] 进入40帧触发块: send_counter=8040
[NeuroViz] values={'Fp1': 91.5, 'Fp2': 108.15}
[NeuroViz] TimeFreq已生成: 12504 chars
[NeuroViz] Topomap已生成: 59680 chars
[NeuroViz] Topomap触发: send_counter=8080, mod=0, topomap_module=<module 'processors.topomap' from '/Users/sss/projects/neuroviz/backend/processors/topomap.py'>
[NeuroViz] 进入40帧触发块: send_counter=8080
[NeuroViz] values={'Fp1': 67.99, 'Fp2': 37.99}
[NeuroViz] TimeFreq已生成: 12432 chars
[NeuroViz] Topomap已生成: 56640 chars
[NeuroViz] Topomap触发: send_counter=8120, mod=0, topomap_module=<module 'processors.topomap' from '/Users/sss/projects/neuroviz/backend/processors/topomap.py'>
[NeuroViz] 进入40帧触发块: send_counter=8120
[NeuroViz] values={'Fp1': 33.86, 'Fp2': 7.96}
[NeuroViz] TimeFreq已生成: 12500 chars
[NeuroViz] Topomap已生成: 56224 chars
[NeuroViz] Topomap触发: send_counter=8160, mod=0, topomap_module=<module 'processors.topomap' from '/Users/sss/projects/neuroviz/backend/processors/topomap.py'>
[NeuroViz] 进入40帧触发块: send_counter=8160
[NeuroViz] values={'Fp1': 16.0, 'Fp2': 100.21}
[NeuroViz] TimeFreq已生成: 12488 chars
[NeuroViz] Topomap已生成: 59004 chars
[NeuroViz] Topomap触发: send_counter=8200, mod=0, topomap_module=<module 'processors.topomap' from '/Users/sss/projects/neuroviz/backend/processors/topomap.py'>
[NeuroViz] 进入40帧触发块: send_counter=8200
[NeuroViz] values={'Fp1': 1.72, 'Fp2': 86.99}
[NeuroViz] TimeFreq已生成: 12440 chars
[NeuroViz] Topomap已生成: 58124 chars
[NeuroViz] Topomap触发: send_counter=8240, mod=0, topomap_module=<module 'processors.topomap' from '/Users/sss/projects/neuroviz/backend/processors/topomap.py'>
[NeuroViz] 进入40帧触发块: send_counter=8240
[NeuroViz] values={'Fp1': 5.21, 'Fp2': 3.14}
[NeuroViz] TimeFreq已生成: 12028 chars
[NeuroViz] Topomap已生成: 58748 chars
[NeuroViz] Topomap触发: send_counter=8280, mod=0, topomap_module=<module 'processors.topomap' from '/Users/sss/projects/neuroviz/backend/processors/topomap.py'>
[NeuroViz] 进入40帧触发块: send_counter=8280
[NeuroViz] values={'Fp1': 20.45, 'Fp2': 63.51}
[NeuroViz] TimeFreq已生成: 12384 chars
[NeuroViz] Topomap已生成: 58108 chars
[NeuroViz] Topomap触发: send_counter=8320, mod=0, topomap_module=<module 'processors.topomap' from '/Users/sss/projects/neuroviz/backend/processors/topomap.py'>
[NeuroViz] 进入40帧触发块: send_counter=8320
[NeuroViz] values={'Fp1': 56.86, 'Fp2': 119.2}
[NeuroViz] TimeFreq已生成: 12308 chars
[NeuroViz] Topomap已生成: 57272 chars
[NeuroViz] Topomap触发: send_counter=8360, mod=0, topomap_module=<module 'processors.topomap' from '/Users/sss/projects/neuroviz/backend/processors/topomap.py'>
[NeuroViz] 进入40帧触发块: send_counter=8360
[NeuroViz] values={'Fp1': 92.15, 'Fp2': 39.5}
[NeuroViz] TimeFreq已生成: 12536 chars
[NeuroViz] Topomap已生成: 57220 chars
[NeuroViz] Topomap触发: send_counter=8400, mod=0, topomap_module=<module 'processors.topomap' from '/Users/sss/projects/neuroviz/backend/processors/topomap.py'>
[NeuroViz] 进入40帧触发块: send_counter=8400
[NeuroViz] values={'Fp1': 99.21, 'Fp2': 18.9}
[NeuroViz] TimeFreq已生成: 12520 chars
[NeuroViz] Topomap已生成: 58212 chars
[NeuroViz] Topomap触发: send_counter=8440, mod=0, topomap_module=<module 'processors.topomap' from '/Users/sss/projects/neuroviz/backend/processors/topomap.py'>
[NeuroViz] 进入40帧触发块: send_counter=8440
[NeuroViz] values={'Fp1': 105.53, 'Fp2': 97.37}
[NeuroViz] TimeFreq已生成: 12324 chars
[NeuroViz] Topomap已生成: 58472 chars
[NeuroViz] Topomap触发: send_counter=8480, mod=0, topomap_module=<module 'processors.topomap' from '/Users/sss/projects/neuroviz/backend/processors/topomap.py'>
[NeuroViz] 进入40帧触发块: send_counter=8480
[NeuroViz] values={'Fp1': 89.63, 'Fp2': 78.43}
[NeuroViz] TimeFreq已生成: 12556 chars
[NeuroViz] Topomap已生成: 56880 chars
[NeuroViz] Topomap触发: send_counter=8520, mod=0, topomap_module=<module 'processors.topomap' from '/Users/sss/projects/neuroviz/backend/processors/topomap.py'>
[NeuroViz] 进入40帧触发块: send_counter=8520
[NeuroViz] values={'Fp1': 74.04, 'Fp2': 2.23}
[NeuroViz] TimeFreq已生成: 12768 chars
[NeuroViz] Topomap已生成: 56912 chars
[NeuroViz] Topomap触发: send_counter=8560, mod=0, topomap_module=<module 'processors.topomap' from '/Users/sss/projects/neuroviz/backend/processors/topomap.py'>
[NeuroViz] 进入40帧触发块: send_counter=8560
[NeuroViz] values={'Fp1': 41.46, 'Fp2': 61.53}
[NeuroViz] TimeFreq已生成: 12444 chars
[NeuroViz] Topomap已生成: 59652 chars
[NeuroViz] Topomap触发: send_counter=8600, mod=0, topomap_module=<module 'processors.topomap' from '/Users/sss/projects/neuroviz/backend/processors/topomap.py'>
[NeuroViz] 进入40帧触发块: send_counter=8600
[NeuroViz] values={'Fp1': 12.34, 'Fp2': 101.62}
[NeuroViz] TimeFreq已生成: 12424 chars
[NeuroViz] Topomap已生成: 58952 chars
[NeuroViz] Topomap触发: send_counter=8640, mod=0, topomap_module=<module 'processors.topomap' from '/Users/sss/projects/neuroviz/backend/processors/topomap.py'>
[NeuroViz] 进入40帧触发块: send_counter=8640
[NeuroViz] values={'Fp1': 1.2, 'Fp2': 21.29}
[NeuroViz] TimeFreq已生成: 12252 chars
[NeuroViz] Topomap已生成: 58740 chars
[NeuroViz] Topomap触发: send_counter=8680, mod=0, topomap_module=<module 'processors.topomap' from '/Users/sss/projects/neuroviz/backend/processors/topomap.py'>
[NeuroViz] 进入40帧触发块: send_counter=8680
[NeuroViz] values={'Fp1': 6.5, 'Fp2': 22.28}
[NeuroViz] TimeFreq已生成: 12572 chars
[NeuroViz] Topomap已生成: 57540 chars
[NeuroViz] Topomap触发: send_counter=8720, mod=0, topomap_module=<module 'processors.topomap' from '/Users/sss/projects/neuroviz/backend/processors/topomap.py'>
[NeuroViz] 进入40帧触发块: send_counter=8720
[NeuroViz] values={'Fp1': 30.81, 'Fp2': 98.67}
[NeuroViz] TimeFreq已生成: 12496 chars
[NeuroViz] Topomap已生成: 57484 chars
[NeuroViz] Topomap触发: send_counter=8760, mod=0, topomap_module=<module 'processors.topomap' from '/Users/sss/projects/neuroviz/backend/processors/topomap.py'>
[NeuroViz] 进入40帧触发块: send_counter=8760
[NeuroViz] values={'Fp1': 48.81, 'Fp2': 54.97}
[NeuroViz] TimeFreq已生成: 12464 chars
[NeuroViz] Topomap已生成: 57204 chars
[NeuroViz] Topomap触发: send_counter=8800, mod=0, topomap_module=<module 'processors.topomap' from '/Users/sss/projects/neuroviz/backend/processors/topomap.py'>
[NeuroViz] 进入40帧触发块: send_counter=8800
[NeuroViz] values={'Fp1': 83.66, 'Fp2': 0.95}
[NeuroViz] TimeFreq已生成: 12336 chars
[NeuroViz] Topomap已生成: 58076 chars
[NeuroViz] Topomap触发: send_counter=8840, mod=0, topomap_module=<module 'processors.topomap' from '/Users/sss/projects/neuroviz/backend/processors/topomap.py'>
[NeuroViz] 进入40帧触发块: send_counter=8840
[NeuroViz] values={'Fp1': 108.35, 'Fp2': 67.49}
[NeuroViz] TimeFreq已生成: 11940 chars
[NeuroViz] Topomap已生成: 58324 chars
[NeuroViz] Topomap触发: send_counter=8880, mod=0, topomap_module=<module 'processors.topomap' from '/Users/sss/projects/neuroviz/backend/processors/topomap.py'>
[NeuroViz] 进入40帧触发块: send_counter=8880
[NeuroViz] values={'Fp1': 105.15, 'Fp2': 98.9}
[NeuroViz] TimeFreq已生成: 12544 chars
[NeuroViz] Topomap已生成: 57820 chars
[NeuroViz] Topomap触发: send_counter=8920, mod=0, topomap_module=<module 'processors.topomap' from '/Users/sss/projects/neuroviz/backend/processors/topomap.py'>
[NeuroViz] 进入40帧触发块: send_counter=8920
[NeuroViz] values={'Fp1': 84.44, 'Fp2': 18.15}
[NeuroViz] TimeFreq已生成: 12464 chars
[NeuroViz] Topomap已生成: 57292 chars
[NeuroViz] Topomap触发: send_counter=8960, mod=0, topomap_module=<module 'processors.topomap' from '/Users/sss/projects/neuroviz/backend/processors/topomap.py'>
[NeuroViz] 进入40帧触发块: send_counter=8960
[NeuroViz] values={'Fp1': 59.14, 'Fp2': 19.92}
[NeuroViz] TimeFreq已生成: 12420 chars
[NeuroViz] Topomap已生成: 57572 chars
[NeuroViz] Topomap触发: send_counter=9000, mod=0, topomap_module=<module 'processors.topomap' from '/Users/sss/projects/neuroviz/backend/processors/topomap.py'>
[NeuroViz] 进入40帧触发块: send_counter=9000
[NeuroViz] values={'Fp1': 35.92, 'Fp2': 99.91}
[NeuroViz] TimeFreq已生成: 12400 chars
[NeuroViz] Topomap已生成: 57696 chars
[NeuroViz] Topomap触发: send_counter=9040, mod=0, topomap_module=<module 'processors.topomap' from '/Users/sss/projects/neuroviz/backend/processors/topomap.py'>
[NeuroViz] 进入40帧触发块: send_counter=9040
[NeuroViz] values={'Fp1': 11.59, 'Fp2': 58.69}
[NeuroViz] TimeFreq已生成: 12508 chars
[NeuroViz] Topomap已生成: 56120 chars
[NeuroViz] Topomap触发: send_counter=9080, mod=0, topomap_module=<module 'processors.topomap' from '/Users/sss/projects/neuroviz/backend/processors/topomap.py'>
[NeuroViz] 进入40帧触发块: send_counter=9080
[NeuroViz] values={'Fp1': 2.02, 'Fp2': 4.1}
[NeuroViz] TimeFreq已生成: 12496 chars
[NeuroViz] Topomap已生成: 59164 chars
[NeuroViz] Topomap触发: send_counter=9120, mod=0, topomap_module=<module 'processors.topomap' from '/Users/sss/projects/neuroviz/backend/processors/topomap.py'>
[NeuroViz] 进入40帧触发块: send_counter=9120
[NeuroViz] values={'Fp1': 7.65, 'Fp2': 79.57}
[NeuroViz] TimeFreq已生成: 12308 chars
[NeuroViz] Topomap已生成: 57596 chars
[NeuroViz] Topomap触发: send_counter=9160, mod=0, topomap_module=<module 'processors.topomap' from '/Users/sss/projects/neuroviz/backend/processors/topomap.py'>
[NeuroViz] 进入40帧触发块: send_counter=9160
[NeuroViz] values={'Fp1': 33.34, 'Fp2': 93.55}
[NeuroViz] TimeFreq已生成: 12512 chars
[NeuroViz] Topomap已生成: 57416 chars
[NeuroViz] Topomap触发: send_counter=9200, mod=0, topomap_module=<module 'processors.topomap' from '/Users/sss/projects/neuroviz/backend/processors/topomap.py'>
[NeuroViz] 进入40帧触发块: send_counter=9200
[NeuroViz] values={'Fp1': 49.3, 'Fp2': 7.31}
[NeuroViz] TimeFreq已生成: 12628 chars
[NeuroViz] Topomap已生成: 57388 chars
[NeuroViz] Topomap触发: send_counter=9240, mod=0, topomap_module=<module 'processors.topomap' from '/Users/sss/projects/neuroviz/backend/processors/topomap.py'>
[NeuroViz] 进入40帧触发块: send_counter=9240
[NeuroViz] values={'Fp1': 82.8, 'Fp2': 34.49}
[NeuroViz] TimeFreq已生成: 12484 chars
[NeuroViz] Topomap已生成: 56504 chars
[NeuroViz] Topomap触发: send_counter=9280, mod=0, topomap_module=<module 'processors.topomap' from '/Users/sss/projects/neuroviz/backend/processors/topomap.py'>
[NeuroViz] 进入40帧触发块: send_counter=9280
[NeuroViz] values={'Fp1': 109.66, 'Fp2': 111.62}
[NeuroViz] TimeFreq已生成: 12308 chars
[NeuroViz] Topomap已生成: 60240 chars
[NeuroViz] Topomap触发: send_counter=9320, mod=0, topomap_module=<module 'processors.topomap' from '/Users/sss/projects/neuroviz/backend/processors/topomap.py'>
[NeuroViz] 进入40帧触发块: send_counter=9320
[NeuroViz] values={'Fp1': 102.72, 'Fp2': 43.8}
[NeuroViz] TimeFreq已生成: 12408 chars
[NeuroViz] Topomap已生成: 56980 chars
[NeuroViz] Topomap触发: send_counter=9360, mod=0, topomap_module=<module 'processors.topomap' from '/Users/sss/projects/neuroviz/backend/processors/topomap.py'>
[NeuroViz] 进入40帧触发块: send_counter=9360
[NeuroViz] values={'Fp1': 92.03, 'Fp2': 6.86}
[NeuroViz] TimeFreq已生成: 12540 chars
[NeuroViz] Topomap已生成: 58440 chars
[NeuroViz] Topomap触发: send_counter=9400, mod=0, topomap_module=<module 'processors.topomap' from '/Users/sss/projects/neuroviz/backend/processors/topomap.py'>
[NeuroViz] 进入40帧触发块: send_counter=9400
[NeuroViz] values={'Fp1': 64.65, 'Fp2': 89.12}
[NeuroViz] TimeFreq已生成: 12476 chars
[NeuroViz] Topomap已生成: 56608 chars
[NeuroViz] Topomap触发: send_counter=9440, mod=0, topomap_module=<module 'processors.topomap' from '/Users/sss/projects/neuroviz/backend/processors/topomap.py'>
[NeuroViz] 进入40帧触发块: send_counter=9440
[NeuroViz] values={'Fp1': 36.23, 'Fp2': 87.98}
[NeuroViz] TimeFreq已生成: 12100 chars
[NeuroViz] Topomap已生成: 57008 chars
[NeuroViz] Topomap触发: send_counter=9480, mod=0, topomap_module=<module 'processors.topomap' from '/Users/sss/projects/neuroviz/backend/processors/topomap.py'>
[NeuroViz] 进入40帧触发块: send_counter=9480
[NeuroViz] values={'Fp1': 9.01, 'Fp2': 7.0}
[NeuroViz] TimeFreq已生成: 12820 chars
[NeuroViz] Topomap已生成: 60024 chars
[NeuroViz] Topomap触发: send_counter=9520, mod=0, topomap_module=<module 'processors.topomap' from '/Users/sss/projects/neuroviz/backend/processors/topomap.py'>
[NeuroViz] 进入40帧触发块: send_counter=9520
[NeuroViz] values={'Fp1': 1.07, 'Fp2': 42.16}
[NeuroViz] TimeFreq已生成: 12464 chars
[NeuroViz] Topomap已生成: 57568 chars
[NeuroViz] Topomap触发: send_counter=9560, mod=0, topomap_module=<module 'processors.topomap' from '/Users/sss/projects/neuroviz/backend/processors/topomap.py'>
[NeuroViz] 进入40帧触发块: send_counter=9560
[NeuroViz] values={'Fp1': 7.81, 'Fp2': 119.67}
[NeuroViz] TimeFreq已生成: 12844 chars
[NeuroViz] Topomap已生成: 56940 chars
[NeuroViz] Topomap触发: send_counter=9600, mod=0, topomap_module=<module 'processors.topomap' from '/Users/sss/projects/neuroviz/backend/processors/topomap.py'>
[NeuroViz] 进入40帧触发块: send_counter=9600
[NeuroViz] values={'Fp1': 37.82, 'Fp2': 47.85}
[NeuroViz] TimeFreq已生成: 12488 chars
[NeuroViz] Topomap已生成: 56508 chars
[NeuroViz] Topomap触发: send_counter=9640, mod=0, topomap_module=<module 'processors.topomap' from '/Users/sss/projects/neuroviz/backend/processors/topomap.py'>
[NeuroViz] 进入40帧触发块: send_counter=9640
[NeuroViz] values={'Fp1': 69.05, 'Fp2': 5.18}
[NeuroViz] TimeFreq已生成: 11960 chars
[NeuroViz] Topomap已生成: 56696 chars
[NeuroViz] Topomap触发: send_counter=9680, mod=0, topomap_module=<module 'processors.topomap' from '/Users/sss/projects/neuroviz/backend/processors/topomap.py'>
[NeuroViz] 进入40帧触发块: send_counter=9680
[NeuroViz] values={'Fp1': 88.88, 'Fp2': 92.66}
[NeuroViz] TimeFreq已生成: 12312 chars
[NeuroViz] Topomap已生成: 60496 chars
[NeuroViz] Topomap触发: send_counter=9720, mod=0, topomap_module=<module 'processors.topomap' from '/Users/sss/projects/neuroviz/backend/processors/topomap.py'>
[NeuroViz] 进入40帧触发块: send_counter=9720
[NeuroViz] values={'Fp1': 99.52, 'Fp2': 83.25}
[NeuroViz] TimeFreq已生成: 12368 chars
[NeuroViz] Topomap已生成: 58524 chars
[NeuroViz] Topomap触发: send_counter=9760, mod=0, topomap_module=<module 'processors.topomap' from '/Users/sss/projects/neuroviz/backend/processors/topomap.py'>
[NeuroViz] 进入40帧触发块: send_counter=9760
[NeuroViz] values={'Fp1': 108.8, 'Fp2': 9.68}
[NeuroViz] TimeFreq已生成: 12264 chars
[NeuroViz] Topomap已生成: 56492 chars
[NeuroViz] Topomap触发: send_counter=9800, mod=0, topomap_module=<module 'processors.topomap' from '/Users/sss/projects/neuroviz/backend/processors/topomap.py'>
[NeuroViz] 进入40帧触发块: send_counter=9800
[NeuroViz] values={'Fp1': 96.42, 'Fp2': 54.98}
[NeuroViz] TimeFreq已生成: 12416 chars
[NeuroViz] Topomap已生成: 58512 chars
[NeuroViz] Topomap触发: send_counter=9840, mod=0, topomap_module=<module 'processors.topomap' from '/Users/sss/projects/neuroviz/backend/processors/topomap.py'>
[NeuroViz] 进入40帧触发块: send_counter=9840
[NeuroViz] values={'Fp1': 61.32, 'Fp2': 112.68}
[NeuroViz] TimeFreq已生成: 12180 chars
[NeuroViz] Topomap已生成: 56728 chars
[NeuroViz] Topomap触发: send_counter=9880, mod=0, topomap_module=<module 'processors.topomap' from '/Users/sss/projects/neuroviz/backend/processors/topomap.py'>
[NeuroViz] 进入40帧触发块: send_counter=9880
[NeuroViz] values={'Fp1': 22.58, 'Fp2': 38.52}
[NeuroViz] TimeFreq已生成: 12436 chars
[NeuroViz] Topomap已生成: 58408 chars
[NeuroViz] Topomap触发: send_counter=9920, mod=0, topomap_module=<module 'processors.topomap' from '/Users/sss/projects/neuroviz/backend/processors/topomap.py'>
[NeuroViz] 进入40帧触发块: send_counter=9920
[NeuroViz] values={'Fp1': 8.53, 'Fp2': 13.81}
[NeuroViz] TimeFreq已生成: 12104 chars
[NeuroViz] Topomap已生成: 55816 chars
[NeuroViz] Topomap触发: send_counter=9960, mod=0, topomap_module=<module 'processors.topomap' from '/Users/sss/projects/neuroviz/backend/processors/topomap.py'>
[NeuroViz] 进入40帧触发块: send_counter=9960
[NeuroViz] values={'Fp1': 1.13, 'Fp2': 91.0}
[NeuroViz] TimeFreq已生成: 12408 chars
[NeuroViz] Topomap已生成: 58432 chars
[NeuroViz] Topomap触发: send_counter=10000, mod=0, topomap_module=<module 'processors.topomap' from '/Users/sss/projects/neuroviz/backend/processors/topomap.py'>
[NeuroViz] 进入40帧触发块: send_counter=10000
[NeuroViz] values={'Fp1': 16.32, 'Fp2': 80.72}
[NeuroViz] TimeFreq已生成: 12932 chars
[NeuroViz] Topomap已生成: 57524 chars
[NeuroViz] Topomap触发: send_counter=10040, mod=0, topomap_module=<module 'processors.topomap' from '/Users/sss/projects/neuroviz/backend/processors/topomap.py'>
[NeuroViz] 进入40帧触发块: send_counter=10040
[NeuroViz] values={'Fp1': 33.89, 'Fp2': 1.97}
[NeuroViz] TimeFreq已生成: 12536 chars
[NeuroViz] Topomap已生成: 56428 chars
[NeuroViz] Topomap触发: send_counter=10080, mod=0, topomap_module=<module 'processors.topomap' from '/Users/sss/projects/neuroviz/backend/processors/topomap.py'>
[NeuroViz] 进入40帧触发块: send_counter=10080
[NeuroViz] values={'Fp1': 71.18, 'Fp2': 56.28}
[NeuroViz] TimeFreq已生成: 12412 chars
[NeuroViz] Topomap已生成: 57376 chars
[NeuroViz] Topomap触发: send_counter=10120, mod=0, topomap_module=<module 'processors.topomap' from '/Users/sss/projects/neuroviz/backend/processors/topomap.py'>
[NeuroViz] 进入40帧触发块: send_counter=10120
[NeuroViz] values={'Fp1': 90.89, 'Fp2': 104.76}
[NeuroViz] TimeFreq已生成: 12376 chars
[NeuroViz] Topomap已生成: 58160 chars
[NeuroViz] Topomap触发: send_counter=10160, mod=0, topomap_module=<module 'processors.topomap' from '/Users/sss/projects/neuroviz/backend/processors/topomap.py'>
[NeuroViz] 进入40帧触发块: send_counter=10160
[NeuroViz] values={'Fp1': 109.44, 'Fp2': 30.54}
[NeuroViz] TimeFreq已生成: 12508 chars
[NeuroViz] Topomap已生成: 57596 chars
[NeuroViz] Topomap触发: send_counter=10200, mod=0, topomap_module=<module 'processors.topomap' from '/Users/sss/projects/neuroviz/backend/processors/topomap.py'>
[NeuroViz] 进入40帧触发块: send_counter=10200
[NeuroViz] values={'Fp1': 101.86, 'Fp2': 15.74}
[NeuroViz] TimeFreq已生成: 12508 chars
[NeuroViz] Topomap已生成: 58528 chars
[NeuroViz] Topomap触发: send_counter=10240, mod=0, topomap_module=<module 'processors.topomap' from '/Users/sss/projects/neuroviz/backend/processors/topomap.py'>
[NeuroViz] 进入40帧触发块: send_counter=10240
[NeuroViz] values={'Fp1': 76.9, 'Fp2': 98.63}
[NeuroViz] TimeFreq已生成: 12104 chars
[NeuroViz] Topomap已生成: 60908 chars
[NeuroViz] Topomap触发: send_counter=10280, mod=0, topomap_module=<module 'processors.topomap' from '/Users/sss/projects/neuroviz/backend/processors/topomap.py'>
[NeuroViz] 进入40帧触发块: send_counter=10280
[NeuroViz] values={'Fp1': 59.64, 'Fp2': 74.03}
[NeuroViz] TimeFreq已生成: 12328 chars
[NeuroViz] Topomap已生成: 58204 chars
[NeuroViz] Topomap触发: send_counter=10320, mod=0, topomap_module=<module 'processors.topomap' from '/Users/sss/projects/neuroviz/backend/processors/topomap.py'>
[NeuroViz] 进入40帧触发块: send_counter=10320
[NeuroViz] values={'Fp1': 25.09, 'Fp2': 1.83}
[NeuroViz] TimeFreq已生成: 12384 chars
[NeuroViz] Topomap已生成: 55940 chars
[NeuroViz] Topomap触发: send_counter=10360, mod=0, topomap_module=<module 'processors.topomap' from '/Users/sss/projects/neuroviz/backend/processors/topomap.py'>
[NeuroViz] 进入40帧触发块: send_counter=10360
[NeuroViz] values={'Fp1': 4.1, 'Fp2': 56.46}
[NeuroViz] TimeFreq已生成: 12044 chars
[NeuroViz] Topomap已生成: 56356 chars
[NeuroViz] Topomap触发: send_counter=10400, mod=0, topomap_module=<module 'processors.topomap' from '/Users/sss/projects/neuroviz/backend/processors/topomap.py'>
[NeuroViz] 进入40帧触发块: send_counter=10400
[NeuroViz] values={'Fp1': 0.65, 'Fp2': 106.39}
[NeuroViz] TimeFreq已生成: 12468 chars
[NeuroViz] Topomap已生成: 56728 chars
[NeuroViz] Topomap触发: send_counter=10440, mod=0, topomap_module=<module 'processors.topomap' from '/Users/sss/projects/neuroviz/backend/processors/topomap.py'>
[NeuroViz] 进入40帧触发块: send_counter=10440
[NeuroViz] values={'Fp1': 15.75, 'Fp2': 24.13}
[NeuroViz] TimeFreq已生成: 12564 chars
[NeuroViz] Topomap已生成: 58188 chars
[NeuroViz] Topomap触发: send_counter=10480, mod=0, topomap_module=<module 'processors.topomap' from '/Users/sss/projects/neuroviz/backend/processors/topomap.py'>
[NeuroViz] 进入40帧触发块: send_counter=10480
[NeuroViz] values={'Fp1': 45.71, 'Fp2': 18.13}
[NeuroViz] TimeFreq已生成: 12432 chars
[NeuroViz] Topomap已生成: 56416 chars
[NeuroViz] Topomap触发: send_counter=10520, mod=0, topomap_module=<module 'processors.topomap' from '/Users/sss/projects/neuroviz/backend/processors/topomap.py'>
[NeuroViz] 进入40帧触发块: send_counter=10520
[NeuroViz] values={'Fp1': 69.94, 'Fp2': 101.22}
[NeuroViz] TimeFreq已生成: 12392 chars
[NeuroViz] Topomap已生成: 57964 chars
[NeuroViz] Topomap触发: send_counter=10560, mod=0, topomap_module=<module 'processors.topomap' from '/Users/sss/projects/neuroviz/backend/processors/topomap.py'>
[NeuroViz] 进入40帧触发块: send_counter=10560
[NeuroViz] values={'Fp1': 95.33, 'Fp2': 67.48}
[NeuroViz] TimeFreq已生成: 12336 chars
[NeuroViz] Topomap已生成: 56980 chars
[NeuroViz] Topomap触发: send_counter=10600, mod=0, topomap_module=<module 'processors.topomap' from '/Users/sss/projects/neuroviz/backend/processors/topomap.py'>
[NeuroViz] 进入40帧触发块: send_counter=10600
[NeuroViz] values={'Fp1': 102.59, 'Fp2': 2.61}
[NeuroViz] TimeFreq已生成: 12404 chars
[NeuroViz] Topomap已生成: 56516 chars
[NeuroViz] Topomap触发: send_counter=10640, mod=0, topomap_module=<module 'processors.topomap' from '/Users/sss/projects/neuroviz/backend/processors/topomap.py'>
[NeuroViz] 进入40帧触发块: send_counter=10640
[NeuroViz] values={'Fp1': 98.46, 'Fp2': 76.43}
[NeuroViz] TimeFreq已生成: 12384 chars
[NeuroViz] Topomap已生成: 60556 chars
[NeuroViz] Topomap触发: send_counter=10680, mod=0, topomap_module=<module 'processors.topomap' from '/Users/sss/projects/neuroviz/backend/processors/topomap.py'>
[NeuroViz] 进入40帧触发块: send_counter=10680
[NeuroViz] values={'Fp1': 80.57, 'Fp2': 109.22}
[NeuroViz] TimeFreq已生成: 12416 chars
[NeuroViz] Topomap已生成: 57088 chars
[NeuroViz] Topomap触发: send_counter=10720, mod=0, topomap_module=<module 'processors.topomap' from '/Users/sss/projects/neuroviz/backend/processors/topomap.py'>
[NeuroViz] 进入40帧触发块: send_counter=10720
[NeuroViz] values={'Fp1': 52.86, 'Fp2': 15.08}
[NeuroViz] TimeFreq已生成: 12392 chars
[NeuroViz] Topomap已生成: 57260 chars
[NeuroViz] Topomap触发: send_counter=10760, mod=0, topomap_module=<module 'processors.topomap' from '/Users/sss/projects/neuroviz/backend/processors/topomap.py'>
[NeuroViz] 进入40帧触发块: send_counter=10760
[NeuroViz] values={'Fp1': 23.7, 'Fp2': 31.18}
[NeuroViz] TimeFreq已生成: 12564 chars
[NeuroViz] Topomap已生成: 58348 chars
[NeuroViz] Topomap触发: send_counter=10800, mod=0, topomap_module=<module 'processors.topomap' from '/Users/sss/projects/neuroviz/backend/processors/topomap.py'>
[NeuroViz] 进入40帧触发块: send_counter=10800
[NeuroViz] values={'Fp1': 3.0, 'Fp2': 104.08}
[NeuroViz] TimeFreq已生成: 12484 chars
[NeuroViz] Topomap已生成: 56568 chars
[NeuroViz] Topomap触发: send_counter=10840, mod=0, topomap_module=<module 'processors.topomap' from '/Users/sss/projects/neuroviz/backend/processors/topomap.py'>
[NeuroViz] 进入40帧触发块: send_counter=10840
[NeuroViz] values={'Fp1': 2.03, 'Fp2': 57.2}
[NeuroViz] TimeFreq已生成: 12392 chars
[NeuroViz] Topomap已生成: 56520 chars
[NeuroViz] Topomap触发: send_counter=10880, mod=0, topomap_module=<module 'processors.topomap' from '/Users/sss/projects/neuroviz/backend/processors/topomap.py'>
[NeuroViz] 进入40帧触发块: send_counter=10880
[NeuroViz] values={'Fp1': 17.86, 'Fp2': 2.19}
[NeuroViz] TimeFreq已生成: 12944 chars
[NeuroViz] Topomap已生成: 56468 chars
[NeuroViz] Topomap触发: send_counter=10920, mod=0, topomap_module=<module 'processors.topomap' from '/Users/sss/projects/neuroviz/backend/processors/topomap.py'>
[NeuroViz] 进入40帧触发块: send_counter=10920
[NeuroViz] values={'Fp1': 49.83, 'Fp2': 74.65}
[NeuroViz] TimeFreq已生成: 12468 chars
[NeuroViz] Topomap已生成: 56496 chars
[NeuroViz] Topomap触发: send_counter=10960, mod=0, topomap_module=<module 'processors.topomap' from '/Users/sss/projects/neuroviz/backend/processors/topomap.py'>
[NeuroViz] 进入40帧触发块: send_counter=10960
[NeuroViz] values={'Fp1': 73.91, 'Fp2': 99.15}
[NeuroViz] TimeFreq已生成: 12548 chars
[NeuroViz] Topomap已生成: 56820 chars
[NeuroViz] Topomap触发: send_counter=11000, mod=0, topomap_module=<module 'processors.topomap' from '/Users/sss/projects/neuroviz/backend/processors/topomap.py'>
[NeuroViz] 进入40帧触发块: send_counter=11000
[NeuroViz] values={'Fp1': 84.31, 'Fp2': 10.02}
[NeuroViz] TimeFreq已生成: 11940 chars
[NeuroViz] Topomap已生成: 57208 chars
[NeuroViz] Topomap触发: send_counter=11040, mod=0, topomap_module=<module 'processors.topomap' from '/Users/sss/projects/neuroviz/backend/processors/topomap.py'>
[NeuroViz] 进入40帧触发块: send_counter=11040
[NeuroViz] values={'Fp1': 112.96, 'Fp2': 29.98}
[NeuroViz] TimeFreq已生成: 12248 chars
[NeuroViz] Topomap已生成: 58460 chars
[NeuroViz] Topomap触发: send_counter=11080, mod=0, topomap_module=<module 'processors.topomap' from '/Users/sss/projects/neuroviz/backend/processors/topomap.py'>
[NeuroViz] 进入40帧触发块: send_counter=11080
[NeuroViz] values={'Fp1': 110.34, 'Fp2': 112.25}
[NeuroViz] TimeFreq已生成: 12484 chars
[NeuroViz] Topomap已生成: 59912 chars
[NeuroViz] Topomap触发: send_counter=11120, mod=0, topomap_module=<module 'processors.topomap' from '/Users/sss/projects/neuroviz/backend/processors/topomap.py'>
[NeuroViz] 进入40帧触发块: send_counter=11120
[NeuroViz] values={'Fp1': 77.71, 'Fp2': 51.45}
[NeuroViz] TimeFreq已生成: 12160 chars
[NeuroViz] Topomap已生成: 55720 chars
[NeuroViz] Topomap触发: send_counter=11160, mod=0, topomap_module=<module 'processors.topomap' from '/Users/sss/projects/neuroviz/backend/processors/topomap.py'>
[NeuroViz] 进入40帧触发块: send_counter=11160
[NeuroViz] values={'Fp1': 43.45, 'Fp2': 3.66}
[NeuroViz] TimeFreq已生成: 12552 chars
[NeuroViz] Topomap已生成: 57340 chars
[NeuroViz] Topomap触发: send_counter=11200, mod=0, topomap_module=<module 'processors.topomap' from '/Users/sss/projects/neuroviz/backend/processors/topomap.py'>
[NeuroViz] 进入40帧触发块: send_counter=11200
[NeuroViz] values={'Fp1': 22.7, 'Fp2': 91.6}
[NeuroViz] TimeFreq已生成: 12572 chars
[NeuroViz] Topomap已生成: 57832 chars
[NeuroViz] Topomap触发: send_counter=11240, mod=0, topomap_module=<module 'processors.topomap' from '/Users/sss/projects/neuroviz/backend/processors/topomap.py'>
[NeuroViz] 进入40帧触发块: send_counter=11240
[NeuroViz] values={'Fp1': 2.58, 'Fp2': 102.42}
[NeuroViz] TimeFreq已生成: 12452 chars
[NeuroViz] Topomap已生成: 56772 chars
[NeuroViz] Topomap触发: send_counter=11280, mod=0, topomap_module=<module 'processors.topomap' from '/Users/sss/projects/neuroviz/backend/processors/topomap.py'>
[NeuroViz] 进入40帧触发块: send_counter=11280
[NeuroViz] values={'Fp1': 4.55, 'Fp2': 7.75}
[NeuroViz] TimeFreq已生成: 12468 chars
[NeuroViz] Topomap已生成: 57208 chars
[NeuroViz] Topomap触发: send_counter=11320, mod=0, topomap_module=<module 'processors.topomap' from '/Users/sss/projects/neuroviz/backend/processors/topomap.py'>
[NeuroViz] 进入40帧触发块: send_counter=11320
[NeuroViz] values={'Fp1': 13.58, 'Fp2': 48.34}
[NeuroViz] TimeFreq已生成: 11940 chars
[NeuroViz] Topomap已生成: 57556 chars
[NeuroViz] Topomap触发: send_counter=11360, mod=0, topomap_module=<module 'processors.topomap' from '/Users/sss/projects/neuroviz/backend/processors/topomap.py'>
[NeuroViz] 进入40帧触发块: send_counter=11360
[NeuroViz] values={'Fp1': 41.97, 'Fp2': 114.38}
[NeuroViz] TimeFreq已生成: 12564 chars
[NeuroViz] Topomap已生成: 57880 chars
[NeuroViz] Topomap触发: send_counter=11400, mod=0, topomap_module=<module 'processors.topomap' from '/Users/sss/projects/neuroviz/backend/processors/topomap.py'>
[NeuroViz] 进入40帧触发块: send_counter=11400
[NeuroViz] values={'Fp1': 80.93, 'Fp2': 49.14}
[NeuroViz] TimeFreq已生成: 12556 chars
[NeuroViz] Topomap已生成: 57208 chars
[NeuroViz] Topomap触发: send_counter=11440, mod=0, topomap_module=<module 'processors.topomap' from '/Users/sss/projects/neuroviz/backend/processors/topomap.py'>
[NeuroViz] 进入40帧触发块: send_counter=11440
[NeuroViz] values={'Fp1': 100.12, 'Fp2': 10.9}
[NeuroViz] TimeFreq已生成: 12228 chars
[NeuroViz] Topomap已生成: 58592 chars
[NeuroViz] Topomap触发: send_counter=11480, mod=0, topomap_module=<module 'processors.topomap' from '/Users/sss/projects/neuroviz/backend/processors/topomap.py'>
[NeuroViz] 进入40帧触发块: send_counter=11480
[NeuroViz] values={'Fp1': 115.17, 'Fp2': 90.54}
[NeuroViz] TimeFreq已生成: 12272 chars
[NeuroViz] Topomap已生成: 56576 chars
[NeuroViz] Topomap触发: send_counter=11520, mod=0, topomap_module=<module 'processors.topomap' from '/Users/sss/projects/neuroviz/backend/processors/topomap.py'>
[NeuroViz] 进入40帧触发块: send_counter=11520
[NeuroViz] values={'Fp1': 94.46, 'Fp2': 91.64}
[NeuroViz] TimeFreq已生成: 12496 chars
[NeuroViz] Topomap已生成: 57884 chars
[NeuroViz] Topomap触发: send_counter=11560, mod=0, topomap_module=<module 'processors.topomap' from '/Users/sss/projects/neuroviz/backend/processors/topomap.py'>
[NeuroViz] 进入40帧触发块: send_counter=11560
[NeuroViz] values={'Fp1': 82.3, 'Fp2': 4.61}
[NeuroViz] TimeFreq已生成: 12388 chars
[NeuroViz] Topomap已生成: 57556 chars
[NeuroViz] Topomap触发: send_counter=11600, mod=0, topomap_module=<module 'processors.topomap' from '/Users/sss/projects/neuroviz/backend/processors/topomap.py'>
[NeuroViz] 进入40帧触发块: send_counter=11600
[NeuroViz] values={'Fp1': 36.12, 'Fp2': 41.22}
[NeuroViz] TimeFreq已生成: 12392 chars
[NeuroViz] Topomap已生成: 56520 chars
[NeuroViz] Topomap触发: send_counter=11640, mod=0, topomap_module=<module 'processors.topomap' from '/Users/sss/projects/neuroviz/backend/processors/topomap.py'>
[NeuroViz] 进入40帧触发块: send_counter=11640
[NeuroViz] values={'Fp1': 13.94, 'Fp2': 107.79}
[NeuroViz] TimeFreq已生成: 12400 chars
[NeuroViz] Topomap已生成: 56744 chars
[NeuroViz] Topomap触发: send_counter=11680, mod=0, topomap_module=<module 'processors.topomap' from '/Users/sss/projects/neuroviz/backend/processors/topomap.py'>
[NeuroViz] 进入40帧触发块: send_counter=11680
[NeuroViz] values={'Fp1': 2.02, 'Fp2': 32.42}
[NeuroViz] TimeFreq已生成: 13120 chars
[NeuroViz] Topomap已生成: 56728 chars
[NeuroViz] Topomap触发: send_counter=11720, mod=0, topomap_module=<module 'processors.topomap' from '/Users/sss/projects/neuroviz/backend/processors/topomap.py'>
[NeuroViz] 进入40帧触发块: send_counter=11720
[NeuroViz] values={'Fp1': 3.4, 'Fp2': 12.86}
[NeuroViz] TimeFreq已生成: 12452 chars
[NeuroViz] Topomap已生成: 55908 chars
[NeuroViz] Topomap触发: send_counter=11760, mod=0, topomap_module=<module 'processors.topomap' from '/Users/sss/projects/neuroviz/backend/processors/topomap.py'>
[NeuroViz] 进入40帧触发块: send_counter=11760
[NeuroViz] values={'Fp1': 27.76, 'Fp2': 91.63}
[NeuroViz] TimeFreq已生成: 12500 chars
[NeuroViz] Topomap已生成: 57672 chars
[NeuroViz] Topomap触发: send_counter=11800, mod=0, topomap_module=<module 'processors.topomap' from '/Users/sss/projects/neuroviz/backend/processors/topomap.py'>
[NeuroViz] 进入40帧触发块: send_counter=11800
[NeuroViz] values={'Fp1': 49.77, 'Fp2': 71.95}
[NeuroViz] TimeFreq已生成: 12472 chars
[NeuroViz] Topomap已生成: 60796 chars
[NeuroViz] Topomap触发: send_counter=11840, mod=0, topomap_module=<module 'processors.topomap' from '/Users/sss/projects/neuroviz/backend/processors/topomap.py'>
[NeuroViz] 进入40帧触发块: send_counter=11840
[NeuroViz] values={'Fp1': 73.16, 'Fp2': 1.66}
[NeuroViz] TimeFreq已生成: 12520 chars
[NeuroViz] Topomap已生成: 57292 chars
[NeuroViz] Topomap触发: send_counter=11880, mod=0, topomap_module=<module 'processors.topomap' from '/Users/sss/projects/neuroviz/backend/processors/topomap.py'>
[NeuroViz] 进入40帧触发块: send_counter=11880
[NeuroViz] values={'Fp1': 97.42, 'Fp2': 52.61}
[NeuroViz] TimeFreq已生成: 12428 chars
[NeuroViz] Topomap已生成: 58416 chars
[NeuroViz] Topomap触发: send_counter=11920, mod=0, topomap_module=<module 'processors.topomap' from '/Users/sss/projects/neuroviz/backend/processors/topomap.py'>
[NeuroViz] 进入40帧触发块: send_counter=11920
[NeuroViz] values={'Fp1': 104.95, 'Fp2': 102.41}
[NeuroViz] TimeFreq已生成: 12408 chars
[NeuroViz] Topomap已生成: 58072 chars
[NeuroViz] Topomap触发: send_counter=11960, mod=0, topomap_module=<module 'processors.topomap' from '/Users/sss/projects/neuroviz/backend/processors/topomap.py'>
[NeuroViz] 进入40帧触发块: send_counter=11960
[NeuroViz] values={'Fp1': 83.8, 'Fp2': 30.68}
[NeuroViz] TimeFreq已生成: 12392 chars
[NeuroViz] Topomap已生成: 56484 chars
[NeuroViz] Topomap触发: send_counter=12000, mod=0, topomap_module=<module 'processors.topomap' from '/Users/sss/projects/neuroviz/backend/processors/topomap.py'>
[NeuroViz] 进入40帧触发块: send_counter=12000
[NeuroViz] values={'Fp1': 63.02, 'Fp2': 12.88}
[NeuroViz] TimeFreq已生成: 12452 chars
[NeuroViz] Topomap已生成: 56288 chars
[NeuroViz] Topomap触发: send_counter=12040, mod=0, topomap_module=<module 'processors.topomap' from '/Users/sss/projects/neuroviz/backend/processors/topomap.py'>
[NeuroViz] 进入40帧触发块: send_counter=12040
[NeuroViz] values={'Fp1': 40.52, 'Fp2': 102.99}
[NeuroViz] TimeFreq已生成: 12376 chars
[NeuroViz] Topomap已生成: 57572 chars
[NeuroViz] Topomap触发: send_counter=12080, mod=0, topomap_module=<module 'processors.topomap' from '/Users/sss/projects/neuroviz/backend/processors/topomap.py'>
[NeuroViz] 进入40帧触发块: send_counter=12080
[NeuroViz] values={'Fp1': 12.69, 'Fp2': 71.04}
[NeuroViz] TimeFreq已生成: 12476 chars
[NeuroViz] Topomap已生成: 56912 chars
[NeuroViz] Topomap触发: send_counter=12120, mod=0, topomap_module=<module 'processors.topomap' from '/Users/sss/projects/neuroviz/backend/processors/topomap.py'>
[NeuroViz] 进入40帧触发块: send_counter=12120
[NeuroViz] values={'Fp1': 2.62, 'Fp2': 1.16}
[NeuroViz] TimeFreq已生成: 12428 chars
[NeuroViz] Topomap已生成: 57500 chars
[NeuroViz] Topomap触发: send_counter=12160, mod=0, topomap_module=<module 'processors.topomap' from '/Users/sss/projects/neuroviz/backend/processors/topomap.py'>
[NeuroViz] 进入40帧触发块: send_counter=12160
[NeuroViz] values={'Fp1': 5.67, 'Fp2': 66.09}
[NeuroViz] TimeFreq已生成: 12456 chars
[NeuroViz] Topomap已生成: 57028 chars
[NeuroViz] Topomap触发: send_counter=12200, mod=0, topomap_module=<module 'processors.topomap' from '/Users/sss/projects/neuroviz/backend/processors/topomap.py'>
[NeuroViz] 进入40帧触发块: send_counter=12200
[NeuroViz] values={'Fp1': 30.67, 'Fp2': 101.59}
[NeuroViz] TimeFreq已生成: 12384 chars
[NeuroViz] Topomap已生成: 57844 chars
[NeuroViz] Topomap触发: send_counter=12240, mod=0, topomap_module=<module 'processors.topomap' from '/Users/sss/projects/neuroviz/backend/processors/topomap.py'>
[NeuroViz] 进入40帧触发块: send_counter=12240
[NeuroViz] values={'Fp1': 52.46, 'Fp2': 21.82}
[NeuroViz] TimeFreq已生成: 12512 chars
[NeuroViz] Topomap已生成: 56720 chars
[NeuroViz] Topomap触发: send_counter=12280, mod=0, topomap_module=<module 'processors.topomap' from '/Users/sss/projects/neuroviz/backend/processors/topomap.py'>
[NeuroViz] 进入40帧触发块: send_counter=12280
[NeuroViz] values={'Fp1': 89.8, 'Fp2': 23.22}
[NeuroViz] TimeFreq已生成: 12552 chars
[NeuroViz] Topomap已生成: 56936 chars
[NeuroViz] Topomap触发: send_counter=12320, mod=0, topomap_module=<module 'processors.topomap' from '/Users/sss/projects/neuroviz/backend/processors/topomap.py'>
[NeuroViz] 进入40帧触发块: send_counter=12320
[NeuroViz] values={'Fp1': 112.34, 'Fp2': 101.37}
[NeuroViz] TimeFreq已生成: 12412 chars
[NeuroViz] Topomap已生成: 57052 chars
[NeuroViz] Topomap触发: send_counter=12360, mod=0, topomap_module=<module 'processors.topomap' from '/Users/sss/projects/neuroviz/backend/processors/topomap.py'>
[NeuroViz] 进入40帧触发块: send_counter=12360
[NeuroViz] values={'Fp1': 101.74, 'Fp2': 58.12}
[NeuroViz] TimeFreq已生成: 12268 chars
[NeuroViz] Topomap已生成: 58204 chars
[NeuroViz] Topomap触发: send_counter=12400, mod=0, topomap_module=<module 'processors.topomap' from '/Users/sss/projects/neuroviz/backend/processors/topomap.py'>
[NeuroViz] 进入40帧触发块: send_counter=12400
[NeuroViz] values={'Fp1': 94.56, 'Fp2': 2.93}
[NeuroViz] TimeFreq已生成: 12340 chars
[NeuroViz] Topomap已生成: 55880 chars
[NeuroViz] Topomap触发: send_counter=12440, mod=0, topomap_module=<module 'processors.topomap' from '/Users/sss/projects/neuroviz/backend/processors/topomap.py'>
[NeuroViz] 进入40帧触发块: send_counter=12440
[NeuroViz] values={'Fp1': 63.84, 'Fp2': 69.78}
[NeuroViz] TimeFreq已生成: 12304 chars
[NeuroViz] Topomap已生成: 57556 chars
[NeuroViz] Topomap触发: send_counter=12480, mod=0, topomap_module=<module 'processors.topomap' from '/Users/sss/projects/neuroviz/backend/processors/topomap.py'>
[NeuroViz] 进入40帧触发块: send_counter=12480
[NeuroViz] values={'Fp1': 43.48, 'Fp2': 100.53}
[NeuroViz] TimeFreq已生成: 12516 chars
[NeuroViz] Topomap已生成: 57480 chars
[NeuroViz] Topomap触发: send_counter=12520, mod=0, topomap_module=<module 'processors.topomap' from '/Users/sss/projects/neuroviz/backend/processors/topomap.py'>
[NeuroViz] 进入40帧触发块: send_counter=12520
[NeuroViz] values={'Fp1': 12.08, 'Fp2': 17.06}
[NeuroViz] TimeFreq已生成: 12456 chars
[NeuroViz] Topomap已生成: 55808 chars
[NeuroViz] Topomap触发: send_counter=12560, mod=0, topomap_module=<module 'processors.topomap' from '/Users/sss/projects/neuroviz/backend/processors/topomap.py'>
[NeuroViz] 进入40帧触发块: send_counter=12560
[NeuroViz] values={'Fp1': 1.35, 'Fp2': 27.95}
[NeuroViz] TimeFreq已生成: 12468 chars
[NeuroViz] Topomap已生成: 56188 chars
[NeuroViz] Topomap触发: send_counter=12600, mod=0, topomap_module=<module 'processors.topomap' from '/Users/sss/projects/neuroviz/backend/processors/topomap.py'>
[NeuroViz] 进入40帧触发块: send_counter=12600
[NeuroViz] values={'Fp1': 6.52, 'Fp2': 108.13}
[NeuroViz] TimeFreq已生成: 12836 chars
[NeuroViz] Topomap已生成: 56752 chars
[NeuroViz] Topomap触发: send_counter=12640, mod=0, topomap_module=<module 'processors.topomap' from '/Users/sss/projects/neuroviz/backend/processors/topomap.py'>
[NeuroViz] 进入40帧触发块: send_counter=12640
[NeuroViz] values={'Fp1': 32.71, 'Fp2': 62.65}
[NeuroViz] TimeFreq已生成: 12448 chars
[NeuroViz] Topomap已生成: 56988 chars
[NeuroViz] Topomap触发: send_counter=12680, mod=0, topomap_module=<module 'processors.topomap' from '/Users/sss/projects/neuroviz/backend/processors/topomap.py'>
[NeuroViz] 进入40帧触发块: send_counter=12680
[NeuroViz] values={'Fp1': 55.99, 'Fp2': 2.05}
[NeuroViz] TimeFreq已生成: 12536 chars
[NeuroViz] Topomap已生成: 56196 chars
[NeuroViz] Topomap触发: send_counter=12720, mod=0, topomap_module=<module 'processors.topomap' from '/Users/sss/projects/neuroviz/backend/processors/topomap.py'>
[NeuroViz] 进入40帧触发块: send_counter=12720
[NeuroViz] values={'Fp1': 82.55, 'Fp2': 78.01}
[NeuroViz] TimeFreq已生成: 12376 chars
[NeuroViz] Topomap已生成: 56084 chars
[NeuroViz] Topomap触发: send_counter=12760, mod=0, topomap_module=<module 'processors.topomap' from '/Users/sss/projects/neuroviz/backend/processors/topomap.py'>
[NeuroViz] 进入40帧触发块: send_counter=12760
[NeuroViz] values={'Fp1': 102.1, 'Fp2': 99.62}
[NeuroViz] TimeFreq已生成: 12576 chars
[NeuroViz] Topomap已生成: 57588 chars
[NeuroViz] Topomap触发: send_counter=12800, mod=0, topomap_module=<module 'processors.topomap' from '/Users/sss/projects/neuroviz/backend/processors/topomap.py'>
[NeuroViz] 进入40帧触发块: send_counter=12800
[NeuroViz] values={'Fp1': 100.32, 'Fp2': 15.91}
[NeuroViz] TimeFreq已生成: 12184 chars
[NeuroViz] Topomap已生成: 58664 chars
[NeuroViz] Topomap触发: send_counter=12840, mod=0, topomap_module=<module 'processors.topomap' from '/Users/sss/projects/neuroviz/backend/processors/topomap.py'>
[NeuroViz] 进入40帧触发块: send_counter=12840
[NeuroViz] values={'Fp1': 86.72, 'Fp2': 32.23}
[NeuroViz] TimeFreq已生成: 12284 chars
[NeuroViz] Topomap已生成: 56556 chars
[NeuroViz] Topomap触发: send_counter=12880, mod=0, topomap_module=<module 'processors.topomap' from '/Users/sss/projects/neuroviz/backend/processors/topomap.py'>
[NeuroViz] 进入40帧触发块: send_counter=12880
[NeuroViz] values={'Fp1': 60.84, 'Fp2': 106.88}
[NeuroViz] TimeFreq已生成: 12584 chars
[NeuroViz] Topomap已生成: 56572 chars
[NeuroViz] Topomap触发: send_counter=12920, mod=0, topomap_module=<module 'processors.topomap' from '/Users/sss/projects/neuroviz/backend/processors/topomap.py'>
[NeuroViz] 进入40帧触发块: send_counter=12920
[NeuroViz] values={'Fp1': 28.69, 'Fp2': 49.54}
[NeuroViz] TimeFreq已生成: 12472 chars
[NeuroViz] Topomap已生成: 59888 chars
[NeuroViz] Topomap触发: send_counter=12960, mod=0, topomap_module=<module 'processors.topomap' from '/Users/sss/projects/neuroviz/backend/processors/topomap.py'>
[NeuroViz] 进入40帧触发块: send_counter=12960
[NeuroViz] values={'Fp1': 13.26, 'Fp2': 6.65}
[NeuroViz] TimeFreq已生成: 12480 chars
[NeuroViz] Topomap已生成: 56112 chars
[NeuroViz] Topomap触发: send_counter=13000, mod=0, topomap_module=<module 'processors.topomap' from '/Users/sss/projects/neuroviz/backend/processors/topomap.py'>
[NeuroViz] 进入40帧触发块: send_counter=13000
[NeuroViz] values={'Fp1': 0.35, 'Fp2': 81.55}
[NeuroViz] TimeFreq已生成: 12548 chars
[NeuroViz] Topomap已生成: 58000 chars
[NeuroViz] Topomap触发: send_counter=13040, mod=0, topomap_module=<module 'processors.topomap' from '/Users/sss/projects/neuroviz/backend/processors/topomap.py'>
[NeuroViz] 进入40帧触发块: send_counter=13040
[NeuroViz] values={'Fp1': 14.03, 'Fp2': 100.85}
[NeuroViz] TimeFreq已生成: 12412 chars
[NeuroViz] Topomap已生成: 58772 chars
[NeuroViz] Topomap触发: send_counter=13080, mod=0, topomap_module=<module 'processors.topomap' from '/Users/sss/projects/neuroviz/backend/processors/topomap.py'>
[NeuroViz] 进入40帧触发块: send_counter=13080
[NeuroViz] values={'Fp1': 31.03, 'Fp2': 7.48}
[NeuroViz] TimeFreq已生成: 12456 chars
[NeuroViz] Topomap已生成: 55992 chars
[NeuroViz] Topomap触发: send_counter=13120, mod=0, topomap_module=<module 'processors.topomap' from '/Users/sss/projects/neuroviz/backend/processors/topomap.py'>
[NeuroViz] 进入40帧触发块: send_counter=13120
[NeuroViz] values={'Fp1': 64.76, 'Fp2': 43.34}
[NeuroViz] TimeFreq已生成: 12184 chars
[NeuroViz] Topomap已生成: 59240 chars
[NeuroViz] Topomap触发: send_counter=13160, mod=0, topomap_module=<module 'processors.topomap' from '/Users/sss/projects/neuroviz/backend/processors/topomap.py'>
[NeuroViz] 进入40帧触发块: send_counter=13160
[NeuroViz] values={'Fp1': 91.11, 'Fp2': 104.3}
[NeuroViz] TimeFreq已生成: 12408 chars
[NeuroViz] Topomap已生成: 58040 chars
[NeuroViz] Topomap触发: send_counter=13200, mod=0, topomap_module=<module 'processors.topomap' from '/Users/sss/projects/neuroviz/backend/processors/topomap.py'>
[NeuroViz] 进入40帧触发块: send_counter=13200
[NeuroViz] values={'Fp1': 103.45, 'Fp2': 35.1}
[NeuroViz] TimeFreq已生成: 12532 chars
[NeuroViz] Topomap已生成: 57440 chars
[NeuroViz] Topomap触发: send_counter=13240, mod=0, topomap_module=<module 'processors.topomap' from '/Users/sss/projects/neuroviz/backend/processors/topomap.py'>
[NeuroViz] 进入40帧触发块: send_counter=13240
[NeuroViz] values={'Fp1': 103.83, 'Fp2': 6.61}
[NeuroViz] TimeFreq已生成: 12452 chars
[NeuroViz] Topomap已生成: 56500 chars
[NeuroViz] Topomap触发: send_counter=13280, mod=0, topomap_module=<module 'processors.topomap' from '/Users/sss/projects/neuroviz/backend/processors/topomap.py'>
[NeuroViz] 进入40帧触发块: send_counter=13280
[NeuroViz] values={'Fp1': 78.99, 'Fp2': 85.11}
[NeuroViz] TimeFreq已生成: 12580 chars
[NeuroViz] Topomap已生成: 57828 chars
[NeuroViz] Topomap触发: send_counter=13320, mod=0, topomap_module=<module 'processors.topomap' from '/Users/sss/projects/neuroviz/backend/processors/topomap.py'>
[NeuroViz] 进入40帧触发块: send_counter=13320
[NeuroViz] values={'Fp1': 59.62, 'Fp2': 83.44}
[NeuroViz] TimeFreq已生成: 12368 chars
[NeuroViz] Topomap已生成: 56500 chars
[NeuroViz] Topomap触发: send_counter=13360, mod=0, topomap_module=<module 'processors.topomap' from '/Users/sss/projects/neuroviz/backend/processors/topomap.py'>
[NeuroViz] 进入40帧触发块: send_counter=13360
[NeuroViz] values={'Fp1': 28.87, 'Fp2': 5.52}
[NeuroViz] TimeFreq已生成: 12456 chars
[NeuroViz] Topomap已生成: 55616 chars
[NeuroViz] Topomap触发: send_counter=13400, mod=0, topomap_module=<module 'processors.topomap' from '/Users/sss/projects/neuroviz/backend/processors/topomap.py'>
[NeuroViz] 进入40帧触发块: send_counter=13400
[NeuroViz] values={'Fp1': 5.12, 'Fp2': 43.09}
[NeuroViz] TimeFreq已生成: 12464 chars
[NeuroViz] Topomap已生成: 57336 chars
[NeuroViz] Topomap触发: send_counter=13440, mod=0, topomap_module=<module 'processors.topomap' from '/Users/sss/projects/neuroviz/backend/processors/topomap.py'>
[NeuroViz] 进入40帧触发块: send_counter=13440
[NeuroViz] values={'Fp1': 1.3, 'Fp2': 109.15}
[NeuroViz] TimeFreq已生成: 12592 chars
[NeuroViz] Topomap已生成: 56712 chars
[NeuroViz] Topomap触发: send_counter=13480, mod=0, topomap_module=<module 'processors.topomap' from '/Users/sss/projects/neuroviz/backend/processors/topomap.py'>
[NeuroViz] 进入40帧触发块: send_counter=13480
[NeuroViz] values={'Fp1': 14.13, 'Fp2': 39.6}
[NeuroViz] TimeFreq已生成: 12520 chars
[NeuroViz] Topomap已生成: 56484 chars
[NeuroViz] Topomap触发: send_counter=13520, mod=0, topomap_module=<module 'processors.topomap' from '/Users/sss/projects/neuroviz/backend/processors/topomap.py'>
[NeuroViz] 进入40帧触发块: send_counter=13520
[NeuroViz] values={'Fp1': 38.07, 'Fp2': 11.06}
[NeuroViz] TimeFreq已生成: 12504 chars
[NeuroViz] Topomap已生成: 55988 chars
[NeuroViz] Topomap触发: send_counter=13560, mod=0, topomap_module=<module 'processors.topomap' from '/Users/sss/projects/neuroviz/backend/processors/topomap.py'>
[NeuroViz] 进入40帧触发块: send_counter=13560
[NeuroViz] values={'Fp1': 62.14, 'Fp2': 89.73}
[NeuroViz] TimeFreq已生成: 12504 chars
[NeuroViz] Topomap已生成: 56868 chars
[NeuroViz] Topomap触发: send_counter=13600, mod=0, topomap_module=<module 'processors.topomap' from '/Users/sss/projects/neuroviz/backend/processors/topomap.py'>
[NeuroViz] 进入40帧触发块: send_counter=13600
[NeuroViz] values={'Fp1': 86.09, 'Fp2': 76.51}
[NeuroViz] TimeFreq已生成: 12612 chars
[NeuroViz] Topomap已生成: 56724 chars
[NeuroViz] Topomap触发: send_counter=13640, mod=0, topomap_module=<module 'processors.topomap' from '/Users/sss/projects/neuroviz/backend/processors/topomap.py'>
[NeuroViz] 进入40帧触发块: send_counter=13640
[NeuroViz] values={'Fp1': 95.81, 'Fp2': 3.27}
[NeuroViz] TimeFreq已生成: 12600 chars
[NeuroViz] Topomap已生成: 56176 chars
[NeuroViz] Topomap触发: send_counter=13680, mod=0, topomap_module=<module 'processors.topomap' from '/Users/sss/projects/neuroviz/backend/processors/topomap.py'>
[NeuroViz] 进入40帧触发块: send_counter=13680
[NeuroViz] values={'Fp1': 101.75, 'Fp2': 57.73}
[NeuroViz] TimeFreq已生成: 12064 chars
[NeuroViz] Topomap已生成: 58356 chars
[NeuroViz] Topomap触发: send_counter=13720, mod=0, topomap_module=<module 'processors.topomap' from '/Users/sss/projects/neuroviz/backend/processors/topomap.py'>
[NeuroViz] 进入40帧触发块: send_counter=13720
[NeuroViz] values={'Fp1': 78.2, 'Fp2': 103.51}
[NeuroViz] TimeFreq已生成: 12360 chars
[NeuroViz] Topomap已生成: 56868 chars
[NeuroViz] Topomap触发: send_counter=13760, mod=0, topomap_module=<module 'processors.topomap' from '/Users/sss/projects/neuroviz/backend/processors/topomap.py'>
[NeuroViz] 进入40帧触发块: send_counter=13760
[NeuroViz] values={'Fp1': 58.28, 'Fp2': 21.91}
[NeuroViz] TimeFreq已生成: 12052 chars
[NeuroViz] Topomap已生成: 57288 chars
[NeuroViz] Topomap触发: send_counter=13800, mod=0, topomap_module=<module 'processors.topomap' from '/Users/sss/projects/neuroviz/backend/processors/topomap.py'>
[NeuroViz] 进入40帧触发块: send_counter=13800
[NeuroViz] values={'Fp1': 27.19, 'Fp2': 18.83}
[NeuroViz] TimeFreq已生成: 12492 chars
[NeuroViz] Topomap已生成: 58172 chars
[NeuroViz] Topomap触发: send_counter=13840, mod=0, topomap_module=<module 'processors.topomap' from '/Users/sss/projects/neuroviz/backend/processors/topomap.py'>
[NeuroViz] 进入40帧触发块: send_counter=13840
[NeuroViz] values={'Fp1': 3.87, 'Fp2': 97.54}
[NeuroViz] TimeFreq已生成: 12640 chars
[NeuroViz] Topomap已生成: 56296 chars
[NeuroViz] Topomap触发: send_counter=13880, mod=0, topomap_module=<module 'processors.topomap' from '/Users/sss/projects/neuroviz/backend/processors/topomap.py'>
[NeuroViz] 进入40帧触发块: send_counter=13880
[NeuroViz] values={'Fp1': 0.43, 'Fp2': 66.05}
[NeuroViz] TimeFreq已生成: 12476 chars
[NeuroViz] Topomap已生成: 57100 chars
[NeuroViz] Topomap触发: send_counter=13920, mod=0, topomap_module=<module 'processors.topomap' from '/Users/sss/projects/neuroviz/backend/processors/topomap.py'>
[NeuroViz] 进入40帧触发块: send_counter=13920
[NeuroViz] values={'Fp1': 13.48, 'Fp2': 1.92}
[NeuroViz] TimeFreq已生成: 12536 chars
[NeuroViz] Topomap已生成: 55888 chars
[NeuroViz] Topomap触发: send_counter=13960, mod=0, topomap_module=<module 'processors.topomap' from '/Users/sss/projects/neuroviz/backend/processors/topomap.py'>
[NeuroViz] 进入40帧触发块: send_counter=13960
[NeuroViz] values={'Fp1': 42.1, 'Fp2': 63.65}
[NeuroViz] TimeFreq已生成: 12512 chars
[NeuroViz] Topomap已生成: 60708 chars
[NeuroViz] Topomap触发: send_counter=14000, mod=0, topomap_module=<module 'processors.topomap' from '/Users/sss/projects/neuroviz/backend/processors/topomap.py'>
[NeuroViz] 进入40帧触发块: send_counter=14000
[NeuroViz] values={'Fp1': 63.66, 'Fp2': 96.44}
[NeuroViz] TimeFreq已生成: 12320 chars
[NeuroViz] Topomap已生成: 57936 chars
[NeuroViz] Topomap触发: send_counter=14040, mod=0, topomap_module=<module 'processors.topomap' from '/Users/sss/projects/neuroviz/backend/processors/topomap.py'>
[NeuroViz] 进入40帧触发块: send_counter=14040
[NeuroViz] values={'Fp1': 90.41, 'Fp2': 20.53}
[NeuroViz] TimeFreq已生成: 12412 chars
[NeuroViz] Topomap已生成: 57576 chars
[NeuroViz] Topomap触发: send_counter=14080, mod=0, topomap_module=<module 'processors.topomap' from '/Users/sss/projects/neuroviz/backend/processors/topomap.py'>
[NeuroViz] 进入40帧触发块: send_counter=14080
[NeuroViz] values={'Fp1': 106.24, 'Fp2': 20.21}
[NeuroViz] TimeFreq已生成: 12352 chars
[NeuroViz] Topomap已生成: 58112 chars
[NeuroViz] Topomap触发: send_counter=14120, mod=0, topomap_module=<module 'processors.topomap' from '/Users/sss/projects/neuroviz/backend/processors/topomap.py'>
[NeuroViz] 进入40帧触发块: send_counter=14120
[NeuroViz] values={'Fp1': 98.57, 'Fp2': 102.19}
[NeuroViz] TimeFreq已生成: 12264 chars
[NeuroViz] Topomap已生成: 59508 chars
[NeuroViz] Topomap触发: send_counter=14160, mod=0, topomap_module=<module 'processors.topomap' from '/Users/sss/projects/neuroviz/backend/processors/topomap.py'>
[NeuroViz] 进入40帧触发块: send_counter=14160
[NeuroViz] values={'Fp1': 76.69, 'Fp2': 60.59}
[NeuroViz] TimeFreq已生成: 12028 chars
[NeuroViz] Topomap已生成: 57752 chars
[NeuroViz] Topomap触发: send_counter=14200, mod=0, topomap_module=<module 'processors.topomap' from '/Users/sss/projects/neuroviz/backend/processors/topomap.py'>
[NeuroViz] 进入40帧触发块: send_counter=14200
[NeuroViz] values={'Fp1': 47.2, 'Fp2': 1.88}
[NeuroViz] TimeFreq已生成: 12408 chars
[NeuroViz] Topomap已生成: 55560 chars
[NeuroViz] Topomap触发: send_counter=14240, mod=0, topomap_module=<module 'processors.topomap' from '/Users/sss/projects/neuroviz/backend/processors/topomap.py'>
[NeuroViz] 进入40帧触发块: send_counter=14240
[NeuroViz] values={'Fp1': 25.31, 'Fp2': 76.97}
[NeuroViz] TimeFreq已生成: 12460 chars
[NeuroViz] Topomap已生成: 56560 chars
[NeuroViz] Topomap触发: send_counter=14280, mod=0, topomap_module=<module 'processors.topomap' from '/Users/sss/projects/neuroviz/backend/processors/topomap.py'>
[NeuroViz] 进入40帧触发块: send_counter=14280
[NeuroViz] values={'Fp1': 3.61, 'Fp2': 105.44}
[NeuroViz] TimeFreq已生成: 11992 chars
[NeuroViz] Topomap已生成: 56824 chars
[NeuroViz] Topomap触发: send_counter=14320, mod=0, topomap_module=<module 'processors.topomap' from '/Users/sss/projects/neuroviz/backend/processors/topomap.py'>
[NeuroViz] 进入40帧触发块: send_counter=14320
[NeuroViz] values={'Fp1': 4.42, 'Fp2': 22.08}
[NeuroViz] TimeFreq已生成: 12388 chars
[NeuroViz] Topomap已生成: 58072 chars
[NeuroViz] Topomap触发: send_counter=14360, mod=0, topomap_module=<module 'processors.topomap' from '/Users/sss/projects/neuroviz/backend/processors/topomap.py'>
[NeuroViz] 进入40帧触发块: send_counter=14360
[NeuroViz] values={'Fp1': 15.21, 'Fp2': 36.27}
[NeuroViz] TimeFreq已生成: 12260 chars
[NeuroViz] Topomap已生成: 59956 chars
[NeuroViz] Topomap触发: send_counter=14400, mod=0, topomap_module=<module 'processors.topomap' from '/Users/sss/projects/neuroviz/backend/processors/topomap.py'>
[NeuroViz] 进入40帧触发块: send_counter=14400
[NeuroViz] values={'Fp1': 47.88, 'Fp2': 116.71}
[NeuroViz] TimeFreq已生成: 12480 chars
[NeuroViz] Topomap已生成: 57888 chars
[NeuroViz] Topomap触发: send_counter=14440, mod=0, topomap_module=<module 'processors.topomap' from '/Users/sss/projects/neuroviz/backend/processors/topomap.py'>
[NeuroViz] 进入40帧触发块: send_counter=14440
[NeuroViz] values={'Fp1': 80.89, 'Fp2': 67.06}
[NeuroViz] TimeFreq已生成: 12524 chars
[NeuroViz] Topomap已生成: 57428 chars
[NeuroViz] Topomap触发: send_counter=14480, mod=0, topomap_module=<module 'processors.topomap' from '/Users/sss/projects/neuroviz/backend/processors/topomap.py'>
[NeuroViz] 进入40帧触发块: send_counter=14480
[NeuroViz] values={'Fp1': 97.74, 'Fp2': 4.0}
[NeuroViz] TimeFreq已生成: 12332 chars
[NeuroViz] Topomap已生成: 55816 chars
[NeuroViz] Topomap触发: send_counter=14520, mod=0, topomap_module=<module 'processors.topomap' from '/Users/sss/projects/neuroviz/backend/processors/topomap.py'>
[NeuroViz] 进入40帧触发块: send_counter=14520
[NeuroViz] values={'Fp1': 112.96, 'Fp2': 77.32}
[NeuroViz] TimeFreq已生成: 12664 chars
[NeuroViz] Topomap已生成: 57640 chars
[NeuroViz] Topomap触发: send_counter=14560, mod=0, topomap_module=<module 'processors.topomap' from '/Users/sss/projects/neuroviz/backend/processors/topomap.py'>
[NeuroViz] 进入40帧触发块: send_counter=14560
[NeuroViz] values={'Fp1': 96.76, 'Fp2': 101.78}
[NeuroViz] TimeFreq已生成: 12584 chars
[NeuroViz] Topomap已生成: 56936 chars
[NeuroViz] Topomap触发: send_counter=14600, mod=0, topomap_module=<module 'processors.topomap' from '/Users/sss/projects/neuroviz/backend/processors/topomap.py'>
[NeuroViz] 进入40帧触发块: send_counter=14600
[NeuroViz] values={'Fp1': 82.79, 'Fp2': 9.58}
[NeuroViz] TimeFreq已生成: 11996 chars
[NeuroViz] Topomap已生成: 57920 chars
[NeuroViz] Topomap触发: send_counter=14640, mod=0, topomap_module=<module 'processors.topomap' from '/Users/sss/projects/neuroviz/backend/processors/topomap.py'>
[NeuroViz] 进入40帧触发块: send_counter=14640
[NeuroViz] values={'Fp1': 47.67, 'Fp2': 34.99}
[NeuroViz] TimeFreq已生成: 12496 chars
[NeuroViz] Topomap已生成: 56732 chars
[NeuroViz] Topomap触发: send_counter=14680, mod=0, topomap_module=<module 'processors.topomap' from '/Users/sss/projects/neuroviz/backend/processors/topomap.py'>
[NeuroViz] 进入40帧触发块: send_counter=14680
[NeuroViz] values={'Fp1': 15.99, 'Fp2': 112.2}
[NeuroViz] TimeFreq已生成: 12368 chars
[NeuroViz] Topomap已生成: 56808 chars
[NeuroViz] Topomap触发: send_counter=14720, mod=0, topomap_module=<module 'processors.topomap' from '/Users/sss/projects/neuroviz/backend/processors/topomap.py'>
[NeuroViz] 进入40帧触发块: send_counter=14720
[NeuroViz] values={'Fp1': 4.74, 'Fp2': 43.44}
[NeuroViz] TimeFreq已生成: 12940 chars
[NeuroViz] Topomap已生成: 57516 chars
[NeuroViz] Topomap触发: send_counter=14760, mod=0, topomap_module=<module 'processors.topomap' from '/Users/sss/projects/neuroviz/backend/processors/topomap.py'>
[NeuroViz] 进入40帧触发块: send_counter=14760
[NeuroViz] values={'Fp1': 3.34, 'Fp2': 4.55}
[NeuroViz] TimeFreq已生成: 12736 chars
[NeuroViz] Topomap已生成: 57096 chars
[NeuroViz] Topomap触发: send_counter=14800, mod=0, topomap_module=<module 'processors.topomap' from '/Users/sss/projects/neuroviz/backend/processors/topomap.py'>
[NeuroViz] 进入40帧触发块: send_counter=14800
[NeuroViz] values={'Fp1': 24.85, 'Fp2': 83.08}
[NeuroViz] TimeFreq已生成: 12440 chars
[NeuroViz] Topomap已生成: 57248 chars
[NeuroViz] Topomap触发: send_counter=14840, mod=0, topomap_module=<module 'processors.topomap' from '/Users/sss/projects/neuroviz/backend/processors/topomap.py'>
[NeuroViz] 进入40帧触发块: send_counter=14840
[NeuroViz] values={'Fp1': 46.13, 'Fp2': 91.48}
[NeuroViz] TimeFreq已生成: 12400 chars
[NeuroViz] Topomap已生成: 56736 chars
[NeuroViz] Topomap触发: send_counter=14880, mod=0, topomap_module=<module 'processors.topomap' from '/Users/sss/projects/neuroviz/backend/processors/topomap.py'>
[NeuroViz] 进入40帧触发块: send_counter=14880
[NeuroViz] values={'Fp1': 77.8, 'Fp2': 7.8}
[NeuroViz] TimeFreq已生成: 12036 chars
[NeuroViz] Topomap已生成: 57288 chars
[NeuroViz] Topomap触发: send_counter=14920, mod=0, topomap_module=<module 'processors.topomap' from '/Users/sss/projects/neuroviz/backend/processors/topomap.py'>
[NeuroViz] 进入40帧触发块: send_counter=14920
[NeuroViz] values={'Fp1': 103.48, 'Fp2': 42.22}
[NeuroViz] TimeFreq已生成: 12608 chars
[NeuroViz] Topomap已生成: 57100 chars
[NeuroViz] Topomap触发: send_counter=14960, mod=0, topomap_module=<module 'processors.topomap' from '/Users/sss/projects/neuroviz/backend/processors/topomap.py'>
[NeuroViz] 进入40帧触发块: send_counter=14960
[NeuroViz] values={'Fp1': 99.58, 'Fp2': 99.61}
[NeuroViz] TimeFreq已生成: 12496 chars
[NeuroViz] Topomap已生成: 62712 chars
[NeuroViz] Topomap触发: send_counter=15000, mod=0, topomap_module=<module 'processors.topomap' from '/Users/sss/projects/neuroviz/backend/processors/topomap.py'>
[NeuroViz] 进入40帧触发块: send_counter=15000
[NeuroViz] values={'Fp1': 97.74, 'Fp2': 50.31}
[NeuroViz] TimeFreq已生成: 12448 chars
[NeuroViz] Topomap已生成: 55912 chars
[NeuroViz] Topomap触发: send_counter=15040, mod=0, topomap_module=<module 'processors.topomap' from '/Users/sss/projects/neuroviz/backend/processors/topomap.py'>
[NeuroViz] 进入40帧触发块: send_counter=15040
[NeuroViz] values={'Fp1': 61.5, 'Fp2': 4.0}
[NeuroViz] TimeFreq已生成: 12108 chars
[NeuroViz] Topomap已生成: 56636 chars
[NeuroViz] Topomap触发: send_counter=15080, mod=0, topomap_module=<module 'processors.topomap' from '/Users/sss/projects/neuroviz/backend/processors/topomap.py'>
[NeuroViz] 进入40帧触发块: send_counter=15080
[NeuroViz] values={'Fp1': 46.0, 'Fp2': 96.21}
[NeuroViz] TimeFreq已生成: 11992 chars
[NeuroViz] Topomap已生成: 57028 chars
[NeuroViz] Topomap触发: send_counter=15120, mod=0, topomap_module=<module 'processors.topomap' from '/Users/sss/projects/neuroviz/backend/processors/topomap.py'>
[NeuroViz] 进入40帧触发块: send_counter=15120
[NeuroViz] values={'Fp1': 16.41, 'Fp2': 89.03}
[NeuroViz] TimeFreq已生成: 12508 chars
[NeuroViz] Topomap已生成: 57992 chars
[NeuroViz] Topomap触发: send_counter=15160, mod=0, topomap_module=<module 'processors.topomap' from '/Users/sss/projects/neuroviz/backend/processors/topomap.py'>
[NeuroViz] 进入40帧触发块: send_counter=15160
[NeuroViz] values={'Fp1': 0.43, 'Fp2': 8.77}
[NeuroViz] TimeFreq已生成: 12452 chars
[NeuroViz] Topomap已生成: 56364 chars
[NeuroViz] Topomap触发: send_counter=15200, mod=0, topomap_module=<module 'processors.topomap' from '/Users/sss/projects/neuroviz/backend/processors/topomap.py'>
[NeuroViz] 进入40帧触发块: send_counter=15200
[NeuroViz] values={'Fp1': 3.29, 'Fp2': 54.86}
[NeuroViz] TimeFreq已生成: 12532 chars
[NeuroViz] Topomap已生成: 56540 chars
[NeuroViz] Topomap触发: send_counter=15240, mod=0, topomap_module=<module 'processors.topomap' from '/Users/sss/projects/neuroviz/backend/processors/topomap.py'>
[NeuroViz] 进入40帧触发块: send_counter=15240
[NeuroViz] values={'Fp1': 23.0, 'Fp2': 99.2}
[NeuroViz] TimeFreq已生成: 12336 chars
[NeuroViz] Topomap已生成: 57916 chars
[NeuroViz] Topomap触发: send_counter=15280, mod=0, topomap_module=<module 'processors.topomap' from '/Users/sss/projects/neuroviz/backend/processors/topomap.py'>
[NeuroViz] 进入40帧触发块: send_counter=15280
[NeuroViz] values={'Fp1': 43.87, 'Fp2': 28.77}
[NeuroViz] TimeFreq已生成: 12328 chars
[NeuroViz] Topomap已生成: 57540 chars
[NeuroViz] Topomap触发: send_counter=15320, mod=0, topomap_module=<module 'processors.topomap' from '/Users/sss/projects/neuroviz/backend/processors/topomap.py'>
[NeuroViz] 进入40帧触发块: send_counter=15320
[NeuroViz] values={'Fp1': 80.14, 'Fp2': 15.14}
[NeuroViz] TimeFreq已生成: 12524 chars
[NeuroViz] Topomap已生成: 57228 chars
[NeuroViz] Topomap触发: send_counter=15360, mod=0, topomap_module=<module 'processors.topomap' from '/Users/sss/projects/neuroviz/backend/processors/topomap.py'>
[NeuroViz] 进入40帧触发块: send_counter=15360
[NeuroViz] values={'Fp1': 99.84, 'Fp2': 91.28}
[NeuroViz] TimeFreq已生成: 12500 chars
[NeuroViz] Topomap已生成: 58276 chars
[NeuroViz] Topomap触发: send_counter=15400, mod=0, topomap_module=<module 'processors.topomap' from '/Users/sss/projects/neuroviz/backend/processors/topomap.py'>
[NeuroViz] 进入40帧触发块: send_counter=15400
[NeuroViz] values={'Fp1': 103.58, 'Fp2': 69.99}
[NeuroViz] TimeFreq已生成: 12492 chars
[NeuroViz] Topomap已生成: 57672 chars
[NeuroViz] Topomap触发: send_counter=15440, mod=0, topomap_module=<module 'processors.topomap' from '/Users/sss/projects/neuroviz/backend/processors/topomap.py'>
[NeuroViz] 进入40帧触发块: send_counter=15440
[NeuroViz] values={'Fp1': 90.09, 'Fp2': 3.02}
[NeuroViz] TimeFreq已生成: 12596 chars
[NeuroViz] Topomap已生成: 58300 chars
[NeuroViz] Topomap触发: send_counter=15480, mod=0, topomap_module=<module 'processors.topomap' from '/Users/sss/projects/neuroviz/backend/processors/topomap.py'>
[NeuroViz] 进入40帧触发块: send_counter=15480
[NeuroViz] values={'Fp1': 73.73, 'Fp2': 57.22}
[NeuroViz] TimeFreq已生成: 12312 chars
[NeuroViz] Topomap已生成: 57904 chars
[NeuroViz] Topomap触发: send_counter=15520, mod=0, topomap_module=<module 'processors.topomap' from '/Users/sss/projects/neuroviz/backend/processors/topomap.py'>
[NeuroViz] 进入40帧触发块: send_counter=15520
[NeuroViz] values={'Fp1': 44.49, 'Fp2': 108.23}
[NeuroViz] TimeFreq已生成: 12336 chars
[NeuroViz] Topomap已生成: 57424 chars
[NeuroViz] Topomap触发: send_counter=15560, mod=0, topomap_module=<module 'processors.topomap' from '/Users/sss/projects/neuroviz/backend/processors/topomap.py'>
[NeuroViz] 进入40帧触发块: send_counter=15560
[NeuroViz] values={'Fp1': 16.29, 'Fp2': 26.09}
[NeuroViz] TimeFreq已生成: 12504 chars
[NeuroViz] Topomap已生成: 56784 chars
[NeuroViz] Topomap触发: send_counter=15600, mod=0, topomap_module=<module 'processors.topomap' from '/Users/sss/projects/neuroviz/backend/processors/topomap.py'>
[NeuroViz] 进入40帧触发块: send_counter=15600
[NeuroViz] values={'Fp1': 0.72, 'Fp2': 14.2}
[NeuroViz] TimeFreq已生成: 12556 chars
[NeuroViz] Topomap已生成: 56388 chars
[NeuroViz] Topomap触发: send_counter=15640, mod=0, topomap_module=<module 'processors.topomap' from '/Users/sss/projects/neuroviz/backend/processors/topomap.py'>
[NeuroViz] 进入40帧触发块: send_counter=15640
[NeuroViz] values={'Fp1': 4.11, 'Fp2': 106.08}
[NeuroViz] TimeFreq已生成: 12816 chars
[NeuroViz] Topomap已生成: 56596 chars
[NeuroViz] Topomap触发: send_counter=15680, mod=0, topomap_module=<module 'processors.topomap' from '/Users/sss/projects/neuroviz/backend/processors/topomap.py'>
[NeuroViz] 进入40帧触发块: send_counter=15680
[NeuroViz] values={'Fp1': 27.12, 'Fp2': 75.29}
[NeuroViz] TimeFreq已生成: 12400 chars
[NeuroViz] Topomap已生成: 56544 chars
[NeuroViz] Topomap触发: send_counter=15720, mod=0, topomap_module=<module 'processors.topomap' from '/Users/sss/projects/neuroviz/backend/processors/topomap.py'>
[NeuroViz] 进入40帧触发块: send_counter=15720
[NeuroViz] values={'Fp1': 58.72, 'Fp2': 1.74}
[NeuroViz] TimeFreq已生成: 12396 chars
[NeuroViz] Topomap已生成: 56084 chars
[NeuroViz] Topomap触发: send_counter=15760, mod=0, topomap_module=<module 'processors.topomap' from '/Users/sss/projects/neuroviz/backend/processors/topomap.py'>
[NeuroViz] 进入40帧触发块: send_counter=15760
[NeuroViz] values={'Fp1': 82.17, 'Fp2': 68.16}
[NeuroViz] TimeFreq已生成: 12352 chars
[NeuroViz] Topomap已生成: 57332 chars
[NeuroViz] Topomap触发: send_counter=15800, mod=0, topomap_module=<module 'processors.topomap' from '/Users/sss/projects/neuroviz/backend/processors/topomap.py'>
[NeuroViz] 进入40帧触发块: send_counter=15800
[NeuroViz] values={'Fp1': 109.55, 'Fp2': 107.15}
[NeuroViz] TimeFreq已生成: 12304 chars
[NeuroViz] Topomap已生成: 58180 chars
[NeuroViz] Topomap触发: send_counter=15840, mod=0, topomap_module=<module 'processors.topomap' from '/Users/sss/projects/neuroviz/backend/processors/topomap.py'>
[NeuroViz] 进入40帧触发块: send_counter=15840
[NeuroViz] values={'Fp1': 112.07, 'Fp2': 31.52}
[NeuroViz] TimeFreq已生成: 12440 chars
[NeuroViz] Topomap已生成: 57776 chars
[NeuroViz] Topomap触发: send_counter=15880, mod=0, topomap_module=<module 'processors.topomap' from '/Users/sss/projects/neuroviz/backend/processors/topomap.py'>
[NeuroViz] 进入40帧触发块: send_counter=15880
[NeuroViz] values={'Fp1': 100.94, 'Fp2': 21.66}
[NeuroViz] TimeFreq已生成: 12560 chars
[NeuroViz] Topomap已生成: 57980 chars
[NeuroViz] Topomap触发: send_counter=15920, mod=0, topomap_module=<module 'processors.topomap' from '/Users/sss/projects/neuroviz/backend/processors/topomap.py'>
[NeuroViz] 进入40帧触发块: send_counter=15920
[NeuroViz] values={'Fp1': 67.74, 'Fp2': 101.31}
[NeuroViz] TimeFreq已生成: 11940 chars
[NeuroViz] Topomap已生成: 57680 chars
[NeuroViz] Topomap触发: send_counter=15960, mod=0, topomap_module=<module 'processors.topomap' from '/Users/sss/projects/neuroviz/backend/processors/topomap.py'>
[NeuroViz] 进入40帧触发块: send_counter=15960
[NeuroViz] values={'Fp1': 31.98, 'Fp2': 71.66}
[NeuroViz] TimeFreq已生成: 12444 chars
[NeuroViz] Topomap已生成: 57960 chars
[NeuroViz] Topomap触发: send_counter=16000, mod=0, topomap_module=<module 'processors.topomap' from '/Users/sss/projects/neuroviz/backend/processors/topomap.py'>
[NeuroViz] 进入40帧触发块: send_counter=16000
[NeuroViz] values={'Fp1': 15.96, 'Fp2': 2.22}
[NeuroViz] TimeFreq已生成: 12536 chars
[NeuroViz] Topomap已生成: 55932 chars
[NeuroViz] Topomap触发: send_counter=16040, mod=0, topomap_module=<module 'processors.topomap' from '/Users/sss/projects/neuroviz/backend/processors/topomap.py'>
[NeuroViz] 进入40帧触发块: send_counter=16040
[NeuroViz] values={'Fp1': 1.17, 'Fp2': 73.85}
[NeuroViz] TimeFreq已生成: 12452 chars
[NeuroViz] Topomap已生成: 57548 chars
[NeuroViz] Topomap触发: send_counter=16080, mod=0, topomap_module=<module 'processors.topomap' from '/Users/sss/projects/neuroviz/backend/processors/topomap.py'>
[NeuroViz] 进入40帧触发块: send_counter=16080
[NeuroViz] values={'Fp1': 12.12, 'Fp2': 108.92}
[NeuroViz] TimeFreq已生成: 12556 chars
[NeuroViz] Topomap已生成: 56712 chars
[NeuroViz] Topomap触发: send_counter=16120, mod=0, topomap_module=<module 'processors.topomap' from '/Users/sss/projects/neuroviz/backend/processors/topomap.py'>
[NeuroViz] 进入40帧触发块: send_counter=16120
[NeuroViz] values={'Fp1': 25.07, 'Fp2': 14.18}
[NeuroViz] TimeFreq已生成: 12372 chars
[NeuroViz] Topomap已生成: 56236 chars
[NeuroViz] Topomap触发: send_counter=16160, mod=0, topomap_module=<module 'processors.topomap' from '/Users/sss/projects/neuroviz/backend/processors/topomap.py'>
[NeuroViz] 进入40帧触发块: send_counter=16160
[NeuroViz] values={'Fp1': 54.39, 'Fp2': 30.38}
[NeuroViz] TimeFreq已生成: 12288 chars
[NeuroViz] Topomap已生成: 55632 chars
[NeuroViz] Topomap触发: send_counter=16200, mod=0, topomap_module=<module 'processors.topomap' from '/Users/sss/projects/neuroviz/backend/processors/topomap.py'>
[NeuroViz] 进入40帧触发块: send_counter=16200
[NeuroViz] values={'Fp1': 96.23, 'Fp2': 104.57}
[NeuroViz] TimeFreq已生成: 12616 chars
[NeuroViz] Topomap已生成: 58784 chars
[NeuroViz] Topomap触发: send_counter=16240, mod=0, topomap_module=<module 'processors.topomap' from '/Users/sss/projects/neuroviz/backend/processors/topomap.py'>
[NeuroViz] 进入40帧触发块: send_counter=16240
[NeuroViz] values={'Fp1': 100.91, 'Fp2': 50.75}
[NeuroViz] TimeFreq已生成: 12548 chars
[NeuroViz] Topomap已生成: 56556 chars
[NeuroViz] Topomap触发: send_counter=16280, mod=0, topomap_module=<module 'processors.topomap' from '/Users/sss/projects/neuroviz/backend/processors/topomap.py'>
[NeuroViz] 进入40帧触发块: send_counter=16280
[NeuroViz] values={'Fp1': 104.05, 'Fp2': 2.27}
[NeuroViz] TimeFreq已生成: 12528 chars
[NeuroViz] Topomap已生成: 56472 chars
[NeuroViz] Topomap触发: send_counter=16320, mod=0, topomap_module=<module 'processors.topomap' from '/Users/sss/projects/neuroviz/backend/processors/topomap.py'>
[NeuroViz] 进入40帧触发块: send_counter=16320
[NeuroViz] values={'Fp1': 82.04, 'Fp2': 74.48}
[NeuroViz] TimeFreq已生成: 12484 chars
[NeuroViz] Topomap已生成: 57952 chars
[NeuroViz] Topomap触发: send_counter=16360, mod=0, topomap_module=<module 'processors.topomap' from '/Users/sss/projects/neuroviz/backend/processors/topomap.py'>
[NeuroViz] 进入40帧触发块: send_counter=16360
[NeuroViz] values={'Fp1': 72.59, 'Fp2': 107.02}
[NeuroViz] TimeFreq已生成: 12572 chars
[NeuroViz] Topomap已生成: 58196 chars
[NeuroViz] Topomap触发: send_counter=16400, mod=0, topomap_module=<module 'processors.topomap' from '/Users/sss/projects/neuroviz/backend/processors/topomap.py'>
[NeuroViz] 进入40帧触发块: send_counter=16400
[NeuroViz] values={'Fp1': 34.19, 'Fp2': 9.15}
[NeuroViz] TimeFreq已生成: 12024 chars
[NeuroViz] Topomap已生成: 56208 chars
[NeuroViz] Topomap触发: send_counter=16440, mod=0, topomap_module=<module 'processors.topomap' from '/Users/sss/projects/neuroviz/backend/processors/topomap.py'>
[NeuroViz] 进入40帧触发块: send_counter=16440
[NeuroViz] values={'Fp1': 8.92, 'Fp2': 34.35}
[NeuroViz] TimeFreq已生成: 12476 chars
[NeuroViz] Topomap已生成: 56536 chars
[NeuroViz] Topomap触发: send_counter=16480, mod=0, topomap_module=<module 'processors.topomap' from '/Users/sss/projects/neuroviz/backend/processors/topomap.py'>
[NeuroViz] 进入40帧触发块: send_counter=16480
[NeuroViz] values={'Fp1': 1.37, 'Fp2': 112.03}
[NeuroViz] TimeFreq已生成: 12584 chars
[NeuroViz] Topomap已生成: 56724 chars
[NeuroViz] Topomap触发: send_counter=16520, mod=0, topomap_module=<module 'processors.topomap' from '/Users/sss/projects/neuroviz/backend/processors/topomap.py'>
[NeuroViz] 进入40帧触发块: send_counter=16520
[NeuroViz] values={'Fp1': 8.77, 'Fp2': 52.58}
[NeuroViz] TimeFreq已生成: 12576 chars
[NeuroViz] Topomap已生成: 58536 chars
[NeuroViz] Topomap触发: send_counter=16560, mod=0, topomap_module=<module 'processors.topomap' from '/Users/sss/projects/neuroviz/backend/processors/topomap.py'>
[NeuroViz] 进入40帧触发块: send_counter=16560
[NeuroViz] values={'Fp1': 38.39, 'Fp2': 4.05}
[NeuroViz] TimeFreq已生成: 12516 chars
[NeuroViz] Topomap已生成: 56948 chars
[NeuroViz] Topomap触发: send_counter=16600, mod=0, topomap_module=<module 'processors.topomap' from '/Users/sss/projects/neuroviz/backend/processors/topomap.py'>
[NeuroViz] 进入40帧触发块: send_counter=16600
[NeuroViz] values={'Fp1': 60.99, 'Fp2': 88.1}
[NeuroViz] TimeFreq已生成: 11940 chars
[NeuroViz] Topomap已生成: 56672 chars
[NeuroViz] Topomap触发: send_counter=16640, mod=0, topomap_module=<module 'processors.topomap' from '/Users/sss/projects/neuroviz/backend/processors/topomap.py'>
[NeuroViz] 进入40帧触发块: send_counter=16640
[NeuroViz] values={'Fp1': 90.04, 'Fp2': 92.35}
[NeuroViz] TimeFreq已生成: 12380 chars
[NeuroViz] Topomap已生成: 57316 chars
[NeuroViz] Topomap触发: send_counter=16680, mod=0, topomap_module=<module 'processors.topomap' from '/Users/sss/projects/neuroviz/backend/processors/topomap.py'>
[NeuroViz] 进入40帧触发块: send_counter=16680
[NeuroViz] values={'Fp1': 106.42, 'Fp2': 13.52}
[NeuroViz] TimeFreq已生成: 12176 chars
[NeuroViz] Topomap已生成: 56212 chars
[NeuroViz] Topomap触发: send_counter=16720, mod=0, topomap_module=<module 'processors.topomap' from '/Users/sss/projects/neuroviz/backend/processors/topomap.py'>
[NeuroViz] 进入40帧触发块: send_counter=16720
[NeuroViz] values={'Fp1': 100.93, 'Fp2': 42.95}
[NeuroViz] TimeFreq已生成: 11948 chars
[NeuroViz] Topomap已生成: 57104 chars
[NeuroViz] Topomap触发: send_counter=16760, mod=0, topomap_module=<module 'processors.topomap' from '/Users/sss/projects/neuroviz/backend/processors/topomap.py'>
[NeuroViz] 进入40帧触发块: send_counter=16760
[NeuroViz] values={'Fp1': 80.17, 'Fp2': 104.47}
[NeuroViz] TimeFreq已生成: 12416 chars
[NeuroViz] Topomap已生成: 56472 chars
[NeuroViz] Topomap触发: send_counter=16800, mod=0, topomap_module=<module 'processors.topomap' from '/Users/sss/projects/neuroviz/backend/processors/topomap.py'>
[NeuroViz] 进入40帧触发块: send_counter=16800
[NeuroViz] values={'Fp1': 68.5, 'Fp2': 33.78}
[NeuroViz] TimeFreq已生成: 12276 chars
[NeuroViz] Topomap已生成: 57092 chars
[NeuroViz] Topomap触发: send_counter=16840, mod=0, topomap_module=<module 'processors.topomap' from '/Users/sss/projects/neuroviz/backend/processors/topomap.py'>
[NeuroViz] 进入40帧触发块: send_counter=16840
[NeuroViz] values={'Fp1': 28.18, 'Fp2': 8.65}
[NeuroViz] TimeFreq已生成: 12364 chars
[NeuroViz] Topomap已生成: 58776 chars
[NeuroViz] Topomap触发: send_counter=16880, mod=0, topomap_module=<module 'processors.topomap' from '/Users/sss/projects/neuroviz/backend/processors/topomap.py'>
[NeuroViz] 进入40帧触发块: send_counter=16880
[NeuroViz] values={'Fp1': 5.9, 'Fp2': 86.67}
[NeuroViz] TimeFreq已生成: 12572 chars
[NeuroViz] Topomap已生成: 58240 chars
[NeuroViz] Topomap触发: send_counter=16920, mod=0, topomap_module=<module 'processors.topomap' from '/Users/sss/projects/neuroviz/backend/processors/topomap.py'>
[NeuroViz] 进入40帧触发块: send_counter=16920
[NeuroViz] values={'Fp1': 0.47, 'Fp2': 77.36}
[NeuroViz] TimeFreq已生成: 12552 chars
[NeuroViz] Topomap已生成: 57568 chars
[NeuroViz] Topomap触发: send_counter=16960, mod=0, topomap_module=<module 'processors.topomap' from '/Users/sss/projects/neuroviz/backend/processors/topomap.py'>
[NeuroViz] 进入40帧触发块: send_counter=16960
[NeuroViz] values={'Fp1': 12.71, 'Fp2': 5.11}
[NeuroViz] TimeFreq已生成: 12456 chars
[NeuroViz] Topomap已生成: 55880 chars
[NeuroViz] Topomap触发: send_counter=17000, mod=0, topomap_module=<module 'processors.topomap' from '/Users/sss/projects/neuroviz/backend/processors/topomap.py'>
[NeuroViz] 进入40帧触发块: send_counter=17000
[NeuroViz] values={'Fp1': 37.03, 'Fp2': 46.18}
[NeuroViz] TimeFreq已生成: 12716 chars
[NeuroViz] Topomap已生成: 56460 chars
[NeuroViz] Topomap触发: send_counter=17040, mod=0, topomap_module=<module 'processors.topomap' from '/Users/sss/projects/neuroviz/backend/processors/topomap.py'>
[NeuroViz] 进入40帧触发块: send_counter=17040
[NeuroViz] values={'Fp1': 60.34, 'Fp2': 109.6}
[NeuroViz] TimeFreq已生成: 12360 chars
[NeuroViz] Topomap已生成: 56472 chars
[NeuroViz] Topomap触发: send_counter=17080, mod=0, topomap_module=<module 'processors.topomap' from '/Users/sss/projects/neuroviz/backend/processors/topomap.py'>
[NeuroViz] 进入40帧触发块: send_counter=17080
[NeuroViz] values={'Fp1': 91.45, 'Fp2': 37.97}
[NeuroViz] TimeFreq已生成: 12016 chars
[NeuroViz] Topomap已生成: 57024 chars
[NeuroViz] Topomap触发: send_counter=17120, mod=0, topomap_module=<module 'processors.topomap' from '/Users/sss/projects/neuroviz/backend/processors/topomap.py'>
[NeuroViz] 进入40帧触发块: send_counter=17120
[NeuroViz] values={'Fp1': 107.96, 'Fp2': 10.07}
[NeuroViz] TimeFreq已生成: 12372 chars
[NeuroViz] Topomap已生成: 56252 chars
[NeuroViz] Topomap触发: send_counter=17160, mod=0, topomap_module=<module 'processors.topomap' from '/Users/sss/projects/neuroviz/backend/processors/topomap.py'>
[NeuroViz] 进入40帧触发块: send_counter=17160
[NeuroViz] values={'Fp1': 103.65, 'Fp2': 99.07}
[NeuroViz] TimeFreq已生成: 12472 chars
[NeuroViz] Topomap已生成: 55988 chars
[NeuroViz] Topomap触发: send_counter=17200, mod=0, topomap_module=<module 'processors.topomap' from '/Users/sss/projects/neuroviz/backend/processors/topomap.py'>
[NeuroViz] 进入40帧触发块: send_counter=17200
[NeuroViz] values={'Fp1': 81.92, 'Fp2': 80.37}
[NeuroViz] TimeFreq已生成: 12552 chars
[NeuroViz] Topomap已生成: 59764 chars
[NeuroViz] Topomap触发: send_counter=17240, mod=0, topomap_module=<module 'processors.topomap' from '/Users/sss/projects/neuroviz/backend/processors/topomap.py'>
[NeuroViz] 进入40帧触发块: send_counter=17240
[NeuroViz] values={'Fp1': 50.19, 'Fp2': 4.14}
[NeuroViz] TimeFreq已生成: 12468 chars
[NeuroViz] Topomap已生成: 56056 chars
[NeuroViz] Topomap触发: send_counter=17280, mod=0, topomap_module=<module 'processors.topomap' from '/Users/sss/projects/neuroviz/backend/processors/topomap.py'>
[NeuroViz] 进入40帧触发块: send_counter=17280
[NeuroViz] values={'Fp1': 33.75, 'Fp2': 65.57}
[NeuroViz] TimeFreq已生成: 12472 chars
[NeuroViz] Topomap已生成: 57572 chars
[NeuroViz] Topomap触发: send_counter=17320, mod=0, topomap_module=<module 'processors.topomap' from '/Users/sss/projects/neuroviz/backend/processors/topomap.py'>
[NeuroViz] 进入40帧触发块: send_counter=17320
[NeuroViz] values={'Fp1': 4.43, 'Fp2': 99.99}
[NeuroViz] TimeFreq已生成: 12340 chars
[NeuroViz] Topomap已生成: 56172 chars
[NeuroViz] Topomap触发: send_counter=17360, mod=0, topomap_module=<module 'processors.topomap' from '/Users/sss/projects/neuroviz/backend/processors/topomap.py'>
[NeuroViz] 进入40帧触发块: send_counter=17360
[NeuroViz] values={'Fp1': 2.05, 'Fp2': 33.13}
[NeuroViz] TimeFreq已生成: 12528 chars
[NeuroViz] Topomap已生成: 56540 chars
[NeuroViz] Topomap触发: send_counter=17400, mod=0, topomap_module=<module 'processors.topomap' from '/Users/sss/projects/neuroviz/backend/processors/topomap.py'>
[NeuroViz] 进入40帧触发块: send_counter=17400
[NeuroViz] values={'Fp1': 9.88, 'Fp2': 21.84}
[NeuroViz] TimeFreq已生成: 12404 chars
[NeuroViz] Topomap已生成: 56724 chars
[NeuroViz] Topomap触发: send_counter=17440, mod=0, topomap_module=<module 'processors.topomap' from '/Users/sss/projects/neuroviz/backend/processors/topomap.py'>
[NeuroViz] 进入40帧触发块: send_counter=17440
[NeuroViz] values={'Fp1': 36.29, 'Fp2': 98.82}
[NeuroViz] TimeFreq已生成: 12496 chars
[NeuroViz] Topomap已生成: 57360 chars
[NeuroViz] Topomap触发: send_counter=17480, mod=0, topomap_module=<module 'processors.topomap' from '/Users/sss/projects/neuroviz/backend/processors/topomap.py'>
[NeuroViz] 进入40帧触发块: send_counter=17480
[NeuroViz] values={'Fp1': 76.94, 'Fp2': 74.86}
[NeuroViz] TimeFreq已生成: 12380 chars
[NeuroViz] Topomap已生成: 60508 chars
[NeuroViz] Topomap触发: send_counter=17520, mod=0, topomap_module=<module 'processors.topomap' from '/Users/sss/projects/neuroviz/backend/processors/topomap.py'>
[NeuroViz] 进入40帧触发块: send_counter=17520
[NeuroViz] values={'Fp1': 97.55, 'Fp2': 1.34}
[NeuroViz] TimeFreq已生成: 12540 chars
[NeuroViz] Topomap已生成: 55752 chars
[NeuroViz] Topomap触发: send_counter=17560, mod=0, topomap_module=<module 'processors.topomap' from '/Users/sss/projects/neuroviz/backend/processors/topomap.py'>
[NeuroViz] 进入40帧触发块: send_counter=17560
[NeuroViz] values={'Fp1': 103.72, 'Fp2': 59.25}
[NeuroViz] TimeFreq已生成: 12028 chars
[NeuroViz] Topomap已生成: 58472 chars
[NeuroViz] Topomap触发: send_counter=17600, mod=0, topomap_module=<module 'processors.topomap' from '/Users/sss/projects/neuroviz/backend/processors/topomap.py'>
[NeuroViz] 进入40帧触发块: send_counter=17600
[NeuroViz] values={'Fp1': 89.54, 'Fp2': 105.76}
[NeuroViz] TimeFreq已生成: 12580 chars
[NeuroViz] Topomap已生成: 59092 chars
[NeuroViz] Topomap触发: send_counter=17640, mod=0, topomap_module=<module 'processors.topomap' from '/Users/sss/projects/neuroviz/backend/processors/topomap.py'>
[NeuroViz] 进入40帧触发块: send_counter=17640
[NeuroViz] values={'Fp1': 84.11, 'Fp2': 22.84}
[NeuroViz] TimeFreq已生成: 12516 chars
[NeuroViz] Topomap已生成: 56916 chars
[NeuroViz] Topomap触发: send_counter=17680, mod=0, topomap_module=<module 'processors.topomap' from '/Users/sss/projects/neuroviz/backend/processors/topomap.py'>
[NeuroViz] 进入40帧触发块: send_counter=17680
[NeuroViz] values={'Fp1': 51.77, 'Fp2': 24.0}
[NeuroViz] TimeFreq已生成: 12468 chars
[NeuroViz] Topomap已生成: 56552 chars
[NeuroViz] Topomap触发: send_counter=17720, mod=0, topomap_module=<module 'processors.topomap' from '/Users/sss/projects/neuroviz/backend/processors/topomap.py'>
[NeuroViz] 进入40帧触发块: send_counter=17720
[NeuroViz] values={'Fp1': 18.15, 'Fp2': 102.8}
[NeuroViz] TimeFreq已生成: 12680 chars
[NeuroViz] Topomap已生成: 58764 chars
[NeuroViz] Topomap触发: send_counter=17760, mod=0, topomap_module=<module 'processors.topomap' from '/Users/sss/projects/neuroviz/backend/processors/topomap.py'>
[NeuroViz] 进入40帧触发块: send_counter=17760
[NeuroViz] values={'Fp1': 5.7, 'Fp2': 61.54}
[NeuroViz] TimeFreq已生成: 12796 chars
[NeuroViz] Topomap已生成: 56724 chars
[NeuroViz] Topomap触发: send_counter=17800, mod=0, topomap_module=<module 'processors.topomap' from '/Users/sss/projects/neuroviz/backend/processors/topomap.py'>
[NeuroViz] 进入40帧触发块: send_counter=17800
[NeuroViz] values={'Fp1': 2.02, 'Fp2': 1.67}
[NeuroViz] TimeFreq已生成: 12420 chars
[NeuroViz] Topomap已生成: 57872 chars
[NeuroViz] Topomap触发: send_counter=17840, mod=0, topomap_module=<module 'processors.topomap' from '/Users/sss/projects/neuroviz/backend/processors/topomap.py'>
[NeuroViz] 进入40帧触发块: send_counter=17840
[NeuroViz] values={'Fp1': 20.39, 'Fp2': 67.79}
[NeuroViz] TimeFreq已生成: 12504 chars
[NeuroViz] Topomap已生成: 56168 chars
[NeuroViz] Topomap触发: send_counter=17880, mod=0, topomap_module=<module 'processors.topomap' from '/Users/sss/projects/neuroviz/backend/processors/topomap.py'>
[NeuroViz] 进入40帧触发块: send_counter=17880
[NeuroViz] values={'Fp1': 43.01, 'Fp2': 100.75}
[NeuroViz] TimeFreq已生成: 12436 chars
[NeuroViz] Topomap已生成: 57452 chars
[NeuroViz] Topomap触发: send_counter=17920, mod=0, topomap_module=<module 'processors.topomap' from '/Users/sss/projects/neuroviz/backend/processors/topomap.py'>
[NeuroViz] 进入40帧触发块: send_counter=17920
[NeuroViz] values={'Fp1': 70.83, 'Fp2': 15.37}
[NeuroViz] TimeFreq已生成: 11976 chars
[NeuroViz] Topomap已生成: 56704 chars
[NeuroViz] Topomap触发: send_counter=17960, mod=0, topomap_module=<module 'processors.topomap' from '/Users/sss/projects/neuroviz/backend/processors/topomap.py'>
[NeuroViz] 进入40帧触发块: send_counter=17960
[NeuroViz] values={'Fp1': 107.22, 'Fp2': 25.38}
[NeuroViz] TimeFreq已生成: 12468 chars
[NeuroViz] Topomap已生成: 57984 chars
[NeuroViz] Topomap触发: send_counter=18000, mod=0, topomap_module=<module 'processors.topomap' from '/Users/sss/projects/neuroviz/backend/processors/topomap.py'>
[NeuroViz] 进入40帧触发块: send_counter=18000
[NeuroViz] values={'Fp1': 110.65, 'Fp2': 112.27}
[NeuroViz] TimeFreq已生成: 12236 chars
[NeuroViz] Topomap已生成: 58460 chars
[NeuroViz] Topomap触发: send_counter=18040, mod=0, topomap_module=<module 'processors.topomap' from '/Users/sss/projects/neuroviz/backend/processors/topomap.py'>
[NeuroViz] 进入40帧触发块: send_counter=18040
[NeuroViz] values={'Fp1': 96.65, 'Fp2': 55.72}
[NeuroViz] TimeFreq已生成: 12560 chars
[NeuroViz] Topomap已生成: 58004 chars
[NeuroViz] Topomap触发: send_counter=18080, mod=0, topomap_module=<module 'processors.topomap' from '/Users/sss/projects/neuroviz/backend/processors/topomap.py'>
[NeuroViz] 进入40帧触发块: send_counter=18080
[NeuroViz] values={'Fp1': 70.23, 'Fp2': 1.8}
[NeuroViz] TimeFreq已生成: 12500 chars
[NeuroViz] Topomap已生成: 57104 chars
[NeuroViz] Topomap触发: send_counter=18120, mod=0, topomap_module=<module 'processors.topomap' from '/Users/sss/projects/neuroviz/backend/processors/topomap.py'>
[NeuroViz] 进入40帧触发块: send_counter=18120
[NeuroViz] values={'Fp1': 45.6, 'Fp2': 76.77}
[NeuroViz] TimeFreq已生成: 12468 chars
[NeuroViz] Topomap已生成: 56992 chars
[NeuroViz] Topomap触发: send_counter=18160, mod=0, topomap_module=<module 'processors.topomap' from '/Users/sss/projects/neuroviz/backend/processors/topomap.py'>
[NeuroViz] 进入40帧触发块: send_counter=18160
[NeuroViz] values={'Fp1': 19.18, 'Fp2': 96.49}
[NeuroViz] TimeFreq已生成: 12452 chars
[NeuroViz] Topomap已生成: 58316 chars
[NeuroViz] Topomap触发: send_counter=18200, mod=0, topomap_module=<module 'processors.topomap' from '/Users/sss/projects/neuroviz/backend/processors/topomap.py'>
[NeuroViz] 进入40帧触发块: send_counter=18200
[NeuroViz] values={'Fp1': 1.59, 'Fp2': 16.07}
[NeuroViz] TimeFreq已生成: 12644 chars
[NeuroViz] Topomap已生成: 56836 chars
[NeuroViz] Topomap触发: send_counter=18240, mod=0, topomap_module=<module 'processors.topomap' from '/Users/sss/projects/neuroviz/backend/processors/topomap.py'>
[NeuroViz] 进入40帧触发块: send_counter=18240
[NeuroViz] values={'Fp1': 3.24, 'Fp2': 39.33}
[NeuroViz] TimeFreq已生成: 12548 chars
[NeuroViz] Topomap已生成: 57348 chars
[NeuroViz] Topomap触发: send_counter=18280, mod=0, topomap_module=<module 'processors.topomap' from '/Users/sss/projects/neuroviz/backend/processors/topomap.py'>
[NeuroViz] 进入40帧触发块: send_counter=18280
[NeuroViz] values={'Fp1': 22.04, 'Fp2': 110.24}
[NeuroViz] TimeFreq已生成: 12372 chars
[NeuroViz] Topomap已生成: 58784 chars
[NeuroViz] Topomap触发: send_counter=18320, mod=0, topomap_module=<module 'processors.topomap' from '/Users/sss/projects/neuroviz/backend/processors/topomap.py'>
[NeuroViz] 进入40帧触发块: send_counter=18320
[NeuroViz] values={'Fp1': 56.53, 'Fp2': 60.93}
[NeuroViz] TimeFreq已生成: 11928 chars
[NeuroViz] Topomap已生成: 60344 chars
[NeuroViz] Topomap触发: send_counter=18360, mod=0, topomap_module=<module 'processors.topomap' from '/Users/sss/projects/neuroviz/backend/processors/topomap.py'>
[NeuroViz] 进入40帧触发块: send_counter=18360
[NeuroViz] values={'Fp1': 73.97, 'Fp2': 6.32}
[NeuroViz] TimeFreq已生成: 12260 chars
[NeuroViz] Topomap已生成: 57276 chars
[NeuroViz] Topomap触发: send_counter=18400, mod=0, topomap_module=<module 'processors.topomap' from '/Users/sss/projects/neuroviz/backend/processors/topomap.py'>
[NeuroViz] 进入40帧触发块: send_counter=18400
[NeuroViz] values={'Fp1': 105.28, 'Fp2': 83.86}
[NeuroViz] TimeFreq已生成: 12576 chars
[NeuroViz] Topomap已生成: 61020 chars
[NeuroViz] Topomap触发: send_counter=18440, mod=0, topomap_module=<module 'processors.topomap' from '/Users/sss/projects/neuroviz/backend/processors/topomap.py'>
[NeuroViz] 进入40帧触发块: send_counter=18440
[NeuroViz] values={'Fp1': 105.17, 'Fp2': 85.75}
[NeuroViz] TimeFreq已生成: 12612 chars
[NeuroViz] Topomap已生成: 59980 chars
[NeuroViz] Topomap触发: send_counter=18480, mod=0, topomap_module=<module 'processors.topomap' from '/Users/sss/projects/neuroviz/backend/processors/topomap.py'>
[NeuroViz] 进入40帧触发块: send_counter=18480
[NeuroViz] values={'Fp1': 100.91, 'Fp2': 7.44}
[NeuroViz] TimeFreq已生成: 12608 chars
[NeuroViz] Topomap已生成: 56332 chars
[NeuroViz] Topomap触发: send_counter=18520, mod=0, topomap_module=<module 'processors.topomap' from '/Users/sss/projects/neuroviz/backend/processors/topomap.py'>
[NeuroViz] 进入40帧触发块: send_counter=18520
[NeuroViz] values={'Fp1': 70.19, 'Fp2': 41.89}
[NeuroViz] TimeFreq已生成: 12520 chars
[NeuroViz] Topomap已生成: 56436 chars
[NeuroViz] Topomap触发: send_counter=18560, mod=0, topomap_module=<module 'processors.topomap' from '/Users/sss/projects/neuroviz/backend/processors/topomap.py'>
[NeuroViz] 进入40帧触发块: send_counter=18560
[NeuroViz] values={'Fp1': 47.3, 'Fp2': 110.85}
[NeuroViz] TimeFreq已生成: 12428 chars
[NeuroViz] Topomap已生成: 57640 chars
[NeuroViz] Topomap触发: send_counter=18600, mod=0, topomap_module=<module 'processors.topomap' from '/Users/sss/projects/neuroviz/backend/processors/topomap.py'>
[NeuroViz] 进入40帧触发块: send_counter=18600
[NeuroViz] values={'Fp1': 18.16, 'Fp2': 41.08}
[NeuroViz] TimeFreq已生成: 12508 chars
[NeuroViz] Topomap已生成: 56368 chars
[NeuroViz] Topomap触发: send_counter=18640, mod=0, topomap_module=<module 'processors.topomap' from '/Users/sss/projects/neuroviz/backend/processors/topomap.py'>
[NeuroViz] 进入40帧触发块: send_counter=18640
[NeuroViz] values={'Fp1': 1.64, 'Fp2': 6.09}
[NeuroViz] TimeFreq已生成: 12504 chars
[NeuroViz] Topomap已生成: 58716 chars
[NeuroViz] Topomap触发: send_counter=18680, mod=0, topomap_module=<module 'processors.topomap' from '/Users/sss/projects/neuroviz/backend/processors/topomap.py'>
[NeuroViz] 进入40帧触发块: send_counter=18680
[NeuroViz] values={'Fp1': 2.51, 'Fp2': 99.03}
[NeuroViz] TimeFreq已生成: 12776 chars
[NeuroViz] Topomap已生成: 56436 chars
[NeuroViz] Topomap触发: send_counter=18720, mod=0, topomap_module=<module 'processors.topomap' from '/Users/sss/projects/neuroviz/backend/processors/topomap.py'>
[NeuroViz] 进入40帧触发块: send_counter=18720
[NeuroViz] values={'Fp1': 23.97, 'Fp2': 84.14}
[NeuroViz] TimeFreq已生成: 12424 chars
[NeuroViz] Topomap已生成: 57124 chars
[NeuroViz] Topomap触发: send_counter=18760, mod=0, topomap_module=<module 'processors.topomap' from '/Users/sss/projects/neuroviz/backend/processors/topomap.py'>
[NeuroViz] 进入40帧触发块: send_counter=18760
[NeuroViz] values={'Fp1': 55.25, 'Fp2': 4.79}
[NeuroViz] TimeFreq已生成: 12396 chars
[NeuroViz] Topomap已生成: 56036 chars
[NeuroViz] Topomap触发: send_counter=18800, mod=0, topomap_module=<module 'processors.topomap' from '/Users/sss/projects/neuroviz/backend/processors/topomap.py'>
[NeuroViz] 进入40帧触发块: send_counter=18800
[NeuroViz] values={'Fp1': 75.38, 'Fp2': 58.61}
[NeuroViz] TimeFreq已生成: 12416 chars
[NeuroViz] Topomap已生成: 57948 chars
[NeuroViz] Topomap触发: send_counter=18840, mod=0, topomap_module=<module 'processors.topomap' from '/Users/sss/projects/neuroviz/backend/processors/topomap.py'>
[NeuroViz] 进入40帧触发块: send_counter=18840
[NeuroViz] values={'Fp1': 101.61, 'Fp2': 107.3}
[NeuroViz] TimeFreq已生成: 11920 chars
[NeuroViz] Topomap已生成: 57852 chars
[NeuroViz] Topomap触发: send_counter=18880, mod=0, topomap_module=<module 'processors.topomap' from '/Users/sss/projects/neuroviz/backend/processors/topomap.py'>
[NeuroViz] 进入40帧触发块: send_counter=18880
[NeuroViz] values={'Fp1': 100.81, 'Fp2': 38.4}
[NeuroViz] TimeFreq已生成: 12372 chars
[NeuroViz] Topomap已生成: 57572 chars
[NeuroViz] Topomap触发: send_counter=18920, mod=0, topomap_module=<module 'processors.topomap' from '/Users/sss/projects/neuroviz/backend/processors/topomap.py'>
[NeuroViz] 进入40帧触发块: send_counter=18920
[NeuroViz] values={'Fp1': 103.2, 'Fp2': 15.93}
[NeuroViz] TimeFreq已生成: 12364 chars
[NeuroViz] Topomap已生成: 58592 chars
[NeuroViz] Topomap触发: send_counter=18960, mod=0, topomap_module=<module 'processors.topomap' from '/Users/sss/projects/neuroviz/backend/processors/topomap.py'>
[NeuroViz] 进入40帧触发块: send_counter=18960
[NeuroViz] values={'Fp1': 77.8, 'Fp2': 94.95}
[NeuroViz] TimeFreq已生成: 12492 chars
[NeuroViz] Topomap已生成: 59256 chars
[NeuroViz] Topomap触发: send_counter=19000, mod=0, topomap_module=<module 'processors.topomap' from '/Users/sss/projects/neuroviz/backend/processors/topomap.py'>
[NeuroViz] 进入40帧触发块: send_counter=19000
[NeuroViz] values={'Fp1': 37.33, 'Fp2': 84.11}
[NeuroViz] TimeFreq已生成: 12592 chars
[NeuroViz] Topomap已生成: 56556 chars
[NeuroViz] Topomap触发: send_counter=19040, mod=0, topomap_module=<module 'processors.topomap' from '/Users/sss/projects/neuroviz/backend/processors/topomap.py'>
[NeuroViz] 进入40帧触发块: send_counter=19040
[NeuroViz] values={'Fp1': 14.99, 'Fp2': 2.05}
[NeuroViz] TimeFreq已生成: 12468 chars
[NeuroViz] Topomap已生成: 55788 chars
[NeuroViz] Topomap触发: send_counter=19080, mod=0, topomap_module=<module 'processors.topomap' from '/Users/sss/projects/neuroviz/backend/processors/topomap.py'>
[NeuroViz] 进入40帧触发块: send_counter=19080
[NeuroViz] values={'Fp1': 2.77, 'Fp2': 61.19}
[NeuroViz] TimeFreq已生成: 12792 chars
[NeuroViz] Topomap已生成: 57052 chars
[NeuroViz] Topomap触发: send_counter=19120, mod=0, topomap_module=<module 'processors.topomap' from '/Users/sss/projects/neuroviz/backend/processors/topomap.py'>
[NeuroViz] 进入40帧触发块: send_counter=19120
[NeuroViz] values={'Fp1': 8.28, 'Fp2': 100.14}
[NeuroViz] TimeFreq已生成: 12844 chars
[NeuroViz] Topomap已生成: 56752 chars
[NeuroViz] Topomap触发: send_counter=19160, mod=0, topomap_module=<module 'processors.topomap' from '/Users/sss/projects/neuroviz/backend/processors/topomap.py'>
[NeuroViz] 进入40帧触发块: send_counter=19160
[NeuroViz] values={'Fp1': 22.95, 'Fp2': 26.21}
[NeuroViz] TimeFreq已生成: 11968 chars
[NeuroViz] Topomap已生成: 59532 chars
[NeuroViz] Topomap触发: send_counter=19200, mod=0, topomap_module=<module 'processors.topomap' from '/Users/sss/projects/neuroviz/backend/processors/topomap.py'>
[NeuroViz] 进入40帧触发块: send_counter=19200
[NeuroViz] values={'Fp1': 54.66, 'Fp2': 20.12}
[NeuroViz] TimeFreq已生成: 12512 chars
[NeuroViz] Topomap已生成: 56720 chars
[NeuroViz] Topomap触发: send_counter=19240, mod=0, topomap_module=<module 'processors.topomap' from '/Users/sss/projects/neuroviz/backend/processors/topomap.py'>
[NeuroViz] 进入40帧触发块: send_counter=19240
[NeuroViz] values={'Fp1': 95.55, 'Fp2': 103.05}
[NeuroViz] TimeFreq已生成: 12292 chars
[NeuroViz] Topomap已生成: 58672 chars
[NeuroViz] Topomap触发: send_counter=19280, mod=0, topomap_module=<module 'processors.topomap' from '/Users/sss/projects/neuroviz/backend/processors/topomap.py'>
[NeuroViz] 进入40帧触发块: send_counter=19280
[NeuroViz] values={'Fp1': 104.31, 'Fp2': 69.36}
[NeuroViz] TimeFreq已生成: 12520 chars
[NeuroViz] Topomap已生成: 57744 chars
[NeuroViz] Topomap触发: send_counter=19320, mod=0, topomap_module=<module 'processors.topomap' from '/Users/sss/projects/neuroviz/backend/processors/topomap.py'>
[NeuroViz] 进入40帧触发块: send_counter=19320
[NeuroViz] values={'Fp1': 118.81, 'Fp2': 2.65}
[NeuroViz] TimeFreq已生成: 12532 chars
[NeuroViz] Topomap已生成: 56368 chars
[NeuroViz] Topomap触发: send_counter=19360, mod=0, topomap_module=<module 'processors.topomap' from '/Users/sss/projects/neuroviz/backend/processors/topomap.py'>
[NeuroViz] 进入40帧触发块: send_counter=19360
[NeuroViz] values={'Fp1': 95.81, 'Fp2': 64.58}
[NeuroViz] TimeFreq已生成: 12572 chars
[NeuroViz] Topomap已生成: 57568 chars
[NeuroViz] Topomap触发: send_counter=19400, mod=0, topomap_module=<module 'processors.topomap' from '/Users/sss/projects/neuroviz/backend/processors/topomap.py'>
[NeuroViz] 进入40帧触发块: send_counter=19400
[NeuroViz] values={'Fp1': 60.75, 'Fp2': 92.58}
[NeuroViz] TimeFreq已生成: 12568 chars
[NeuroViz] Topomap已生成: 57404 chars
[NeuroViz] Topomap触发: send_counter=19440, mod=0, topomap_module=<module 'processors.topomap' from '/Users/sss/projects/neuroviz/backend/processors/topomap.py'>
[NeuroViz] 进入40帧触发块: send_counter=19440
[NeuroViz] values={'Fp1': 34.29, 'Fp2': 21.22}
[NeuroViz] TimeFreq已生成: 12520 chars
[NeuroViz] Topomap已生成: 57152 chars
[NeuroViz] Topomap触发: send_counter=19480, mod=0, topomap_module=<module 'processors.topomap' from '/Users/sss/projects/neuroviz/backend/processors/topomap.py'>
[NeuroViz] 进入40帧触发块: send_counter=19480
[NeuroViz] values={'Fp1': 9.46, 'Fp2': 20.67}
[NeuroViz] TimeFreq已生成: 12452 chars
[NeuroViz] Topomap已生成: 56608 chars
[NeuroViz] Topomap触发: send_counter=19520, mod=0, topomap_module=<module 'processors.topomap' from '/Users/sss/projects/neuroviz/backend/processors/topomap.py'>
[NeuroViz] 进入40帧触发块: send_counter=19520
[NeuroViz] values={'Fp1': 2.38, 'Fp2': 111.24}
[NeuroViz] TimeFreq已生成: 12452 chars
[NeuroViz] Topomap已生成: 56492 chars
[NeuroViz] Topomap触发: send_counter=19560, mod=0, topomap_module=<module 'processors.topomap' from '/Users/sss/projects/neuroviz/backend/processors/topomap.py'>
[NeuroViz] 进入40帧触发块: send_counter=19560
[NeuroViz] values={'Fp1': 7.2, 'Fp2': 62.21}
[NeuroViz] TimeFreq已生成: 12456 chars
[NeuroViz] Topomap已生成: 56996 chars
[NeuroViz] Topomap触发: send_counter=19600, mod=0, topomap_module=<module 'processors.topomap' from '/Users/sss/projects/neuroviz/backend/processors/topomap.py'>
[NeuroViz] 进入40帧触发块: send_counter=19600
[NeuroViz] values={'Fp1': 30.96, 'Fp2': 1.43}
[NeuroViz] TimeFreq已生成: 12500 chars
[NeuroViz] Topomap已生成: 55976 chars
[NeuroViz] Topomap触发: send_counter=19640, mod=0, topomap_module=<module 'processors.topomap' from '/Users/sss/projects/neuroviz/backend/processors/topomap.py'>
[NeuroViz] 进入40帧触发块: send_counter=19640
[NeuroViz] values={'Fp1': 57.88, 'Fp2': 75.74}
[NeuroViz] TimeFreq已生成: 12504 chars
[NeuroViz] Topomap已生成: 58712 chars
[NeuroViz] Topomap触发: send_counter=19680, mod=0, topomap_module=<module 'processors.topomap' from '/Users/sss/projects/neuroviz/backend/processors/topomap.py'>
[NeuroViz] 进入40帧触发块: send_counter=19680
[NeuroViz] values={'Fp1': 82.05, 'Fp2': 94.67}
[NeuroViz] TimeFreq已生成: 12388 chars
[NeuroViz] Topomap已生成: 57708 chars
[NeuroViz] Topomap触发: send_counter=19720, mod=0, topomap_module=<module 'processors.topomap' from '/Users/sss/projects/neuroviz/backend/processors/topomap.py'>
[NeuroViz] 进入40帧触发块: send_counter=19720
[NeuroViz] values={'Fp1': 101.24, 'Fp2': 17.16}
[NeuroViz] TimeFreq已生成: 12576 chars
[NeuroViz] Topomap已生成: 58260 chars
[NeuroViz] Topomap触发: send_counter=19760, mod=0, topomap_module=<module 'processors.topomap' from '/Users/sss/projects/neuroviz/backend/processors/topomap.py'>
[NeuroViz] 进入40帧触发块: send_counter=19760
[NeuroViz] values={'Fp1': 109.63, 'Fp2': 28.16}
[NeuroViz] TimeFreq已生成: 12488 chars
[NeuroViz] Topomap已生成: 58132 chars
[NeuroViz] Topomap触发: send_counter=19800, mod=0, topomap_module=<module 'processors.topomap' from '/Users/sss/projects/neuroviz/backend/processors/topomap.py'>
[NeuroViz] 进入40帧触发块: send_counter=19800
[NeuroViz] values={'Fp1': 91.04, 'Fp2': 104.49}
[NeuroViz] TimeFreq已生成: 12372 chars
[NeuroViz] Topomap已生成: 58100 chars
[NeuroViz] Topomap触发: send_counter=19840, mod=0, topomap_module=<module 'processors.topomap' from '/Users/sss/projects/neuroviz/backend/processors/topomap.py'>
[NeuroViz] 进入40帧触发块: send_counter=19840
[NeuroViz] values={'Fp1': 55.67, 'Fp2': 60.91}
[NeuroViz] TimeFreq已生成: 12280 chars
[NeuroViz] Topomap已生成: 56880 chars
[NeuroViz] Topomap触发: send_counter=19880, mod=0, topomap_module=<module 'processors.topomap' from '/Users/sss/projects/neuroviz/backend/processors/topomap.py'>
[NeuroViz] 进入40帧触发块: send_counter=19880
[NeuroViz] values={'Fp1': 35.88, 'Fp2': 5.48}
[NeuroViz] TimeFreq已生成: 12464 chars
[NeuroViz] Topomap已生成: 56460 chars
[NeuroViz] Topomap触发: send_counter=19920, mod=0, topomap_module=<module 'processors.topomap' from '/Users/sss/projects/neuroviz/backend/processors/topomap.py'>
[NeuroViz] 进入40帧触发块: send_counter=19920
[NeuroViz] values={'Fp1': 9.66, 'Fp2': 74.79}
[NeuroViz] TimeFreq已生成: 12692 chars
[NeuroViz] Topomap已生成: 57684 chars
[NeuroViz] Topomap触发: send_counter=19960, mod=0, topomap_module=<module 'processors.topomap' from '/Users/sss/projects/neuroviz/backend/processors/topomap.py'>
[NeuroViz] 进入40帧触发块: send_counter=19960
[NeuroViz] values={'Fp1': 1.85, 'Fp2': 93.7}
[NeuroViz] TimeFreq已生成: 12512 chars
[NeuroViz] Topomap已生成: 56112 chars
[NeuroViz] Topomap触发: send_counter=20000, mod=0, topomap_module=<module 'processors.topomap' from '/Users/sss/projects/neuroviz/backend/processors/topomap.py'>
[NeuroViz] 进入40帧触发块: send_counter=20000
[NeuroViz] values={'Fp1': 8.39, 'Fp2': 9.62}
[NeuroViz] TimeFreq已生成: 12868 chars
[NeuroViz] Topomap已生成: 58436 chars
[NeuroViz] Topomap触发: send_counter=20040, mod=0, topomap_module=<module 'processors.topomap' from '/Users/sss/projects/neuroviz/backend/processors/topomap.py'>
[NeuroViz] 进入40帧触发块: send_counter=20040
[NeuroViz] values={'Fp1': 33.03, 'Fp2': 37.36}
[NeuroViz] TimeFreq已生成: 12480 chars
[NeuroViz] Topomap已生成: 59856 chars
[NeuroViz] Topomap触发: send_counter=20080, mod=0, topomap_module=<module 'processors.topomap' from '/Users/sss/projects/neuroviz/backend/processors/topomap.py'>
[NeuroViz] 进入40帧触发块: send_counter=20080
[NeuroViz] values={'Fp1': 51.15, 'Fp2': 112.38}
[NeuroViz] TimeFreq已生成: 12048 chars
[NeuroViz] Topomap已生成: 57160 chars
[NeuroViz] Topomap触发: send_counter=20120, mod=0, topomap_module=<module 'processors.topomap' from '/Users/sss/projects/neuroviz/backend/processors/topomap.py'>
[NeuroViz] 进入40帧触发块: send_counter=20120
[NeuroViz] values={'Fp1': 89.35, 'Fp2': 47.16}
[NeuroViz] TimeFreq已生成: 12608 chars
[NeuroViz] Topomap已生成: 57600 chars
[NeuroViz] Topomap触发: send_counter=20160, mod=0, topomap_module=<module 'processors.topomap' from '/Users/sss/projects/neuroviz/backend/processors/topomap.py'>
[NeuroViz] 进入40帧触发块: send_counter=20160
[NeuroViz] values={'Fp1': 109.34, 'Fp2': 3.03}
[NeuroViz] TimeFreq已生成: 12500 chars
[NeuroViz] Topomap已生成: 56588 chars
[NeuroViz] Topomap触发: send_counter=20200, mod=0, topomap_module=<module 'processors.topomap' from '/Users/sss/projects/neuroviz/backend/processors/topomap.py'>
[NeuroViz] 进入40帧触发块: send_counter=20200
[NeuroViz] values={'Fp1': 101.66, 'Fp2': 92.1}
[NeuroViz] TimeFreq已生成: 12504 chars
[NeuroViz] Topomap已生成: 55984 chars
[NeuroViz] Topomap触发: send_counter=20240, mod=0, topomap_module=<module 'processors.topomap' from '/Users/sss/projects/neuroviz/backend/processors/topomap.py'>
[NeuroViz] 进入40帧触发块: send_counter=20240
[NeuroViz] values={'Fp1': 86.68, 'Fp2': 91.87}
[NeuroViz] TimeFreq已生成: 12004 chars
[NeuroViz] Topomap已生成: 56924 chars
[NeuroViz] Topomap触发: send_counter=20280, mod=0, topomap_module=<module 'processors.topomap' from '/Users/sss/projects/neuroviz/backend/processors/topomap.py'>
[NeuroViz] 进入40帧触发块: send_counter=20280
[NeuroViz] values={'Fp1': 52.77, 'Fp2': 11.46}
[NeuroViz] TimeFreq已生成: 12304 chars
[NeuroViz] Topomap已生成: 57504 chars
[NeuroViz] Topomap触发: send_counter=20320, mod=0, topomap_module=<module 'processors.topomap' from '/Users/sss/projects/neuroviz/backend/processors/topomap.py'>
[NeuroViz] 进入40帧触发块: send_counter=20320
[NeuroViz] values={'Fp1': 31.64, 'Fp2': 43.0}
[NeuroViz] TimeFreq已生成: 12496 chars
[NeuroViz] Topomap已生成: 57120 chars
[NeuroViz] Topomap触发: send_counter=20360, mod=0, topomap_module=<module 'processors.topomap' from '/Users/sss/projects/neuroviz/backend/processors/topomap.py'>
[NeuroViz] 进入40帧触发块: send_counter=20360
[NeuroViz] values={'Fp1': 9.23, 'Fp2': 99.62}
[NeuroViz] TimeFreq已生成: 12424 chars
[NeuroViz] Topomap已生成: 56340 chars
[NeuroViz] Topomap触发: send_counter=20400, mod=0, topomap_module=<module 'processors.topomap' from '/Users/sss/projects/neuroviz/backend/processors/topomap.py'>
[NeuroViz] 进入40帧触发块: send_counter=20400
[NeuroViz] values={'Fp1': 0.97, 'Fp2': 44.21}
[NeuroViz] TimeFreq已生成: 12428 chars
[NeuroViz] Topomap已生成: 57728 chars
[NeuroViz] Topomap触发: send_counter=20440, mod=0, topomap_module=<module 'processors.topomap' from '/Users/sss/projects/neuroviz/backend/processors/topomap.py'>
[NeuroViz] 进入40帧触发块: send_counter=20440
[NeuroViz] values={'Fp1': 10.5, 'Fp2': 11.55}
[NeuroViz] TimeFreq已生成: 12424 chars
[NeuroViz] Topomap已生成: 56892 chars
[NeuroViz] Topomap触发: send_counter=20480, mod=0, topomap_module=<module 'processors.topomap' from '/Users/sss/projects/neuroviz/backend/processors/topomap.py'>
[NeuroViz] 进入40帧触发块: send_counter=20480
[NeuroViz] values={'Fp1': 37.6, 'Fp2': 93.27}
[NeuroViz] TimeFreq已生成: 12320 chars
[NeuroViz] Topomap已生成: 57372 chars
[NeuroViz] Topomap触发: send_counter=20520, mod=0, topomap_module=<module 'processors.topomap' from '/Users/sss/projects/neuroviz/backend/processors/topomap.py'>
[NeuroViz] 进入40帧触发块: send_counter=20520
[NeuroViz] values={'Fp1': 71.23, 'Fp2': 95.22}
[NeuroViz] TimeFreq已生成: 12468 chars
[NeuroViz] Topomap已生成: 56740 chars
[NeuroViz] Topomap触发: send_counter=20560, mod=0, topomap_module=<module 'processors.topomap' from '/Users/sss/projects/neuroviz/backend/processors/topomap.py'>
[NeuroViz] 进入40帧触发块: send_counter=20560
[NeuroViz] values={'Fp1': 84.67, 'Fp2': 2.94}
[NeuroViz] TimeFreq已生成: 12352 chars
[NeuroViz] Topomap已生成: 57696 chars
[NeuroViz] Topomap触发: send_counter=20600, mod=0, topomap_module=<module 'processors.topomap' from '/Users/sss/projects/neuroviz/backend/processors/topomap.py'>
[NeuroViz] 进入40帧触发块: send_counter=20600
[NeuroViz] values={'Fp1': 106.12, 'Fp2': 53.42}
[NeuroViz] TimeFreq已生成: 12524 chars
[NeuroViz] Topomap已生成: 56580 chars
[NeuroViz] Topomap触发: send_counter=20640, mod=0, topomap_module=<module 'processors.topomap' from '/Users/sss/projects/neuroviz/backend/processors/topomap.py'>
[NeuroViz] 进入40帧触发块: send_counter=20640
[NeuroViz] values={'Fp1': 106.48, 'Fp2': 120.3}
[NeuroViz] TimeFreq已生成: 12564 chars
[NeuroViz] Topomap已生成: 57832 chars
[NeuroViz] Topomap触发: send_counter=20680, mod=0, topomap_module=<module 'processors.topomap' from '/Users/sss/projects/neuroviz/backend/processors/topomap.py'>
[NeuroViz] 进入40帧触发块: send_counter=20680
[NeuroViz] values={'Fp1': 90.33, 'Fp2': 32.74}
[NeuroViz] TimeFreq已生成: 12384 chars
[NeuroViz] Topomap已生成: 57012 chars
[NeuroViz] Topomap触发: send_counter=20720, mod=0, topomap_module=<module 'processors.topomap' from '/Users/sss/projects/neuroviz/backend/processors/topomap.py'>
[NeuroViz] 进入40帧触发块: send_counter=20720
[NeuroViz] values={'Fp1': 53.15, 'Fp2': 12.57}
[NeuroViz] TimeFreq已生成: 12408 chars
[NeuroViz] Topomap已生成: 57560 chars
[NeuroViz] Topomap触发: send_counter=20760, mod=0, topomap_module=<module 'processors.topomap' from '/Users/sss/projects/neuroviz/backend/processors/topomap.py'>
[NeuroViz] 进入40帧触发块: send_counter=20760
[NeuroViz] values={'Fp1': 25.29, 'Fp2': 101.67}
[NeuroViz] TimeFreq已生成: 12536 chars
[NeuroViz] Topomap已生成: 58336 chars
[NeuroViz] Topomap触发: send_counter=20800, mod=0, topomap_module=<module 'processors.topomap' from '/Users/sss/projects/neuroviz/backend/processors/topomap.py'>
[NeuroViz] 进入40帧触发块: send_counter=20800
[NeuroViz] values={'Fp1': 6.87, 'Fp2': 82.19}
[NeuroViz] TimeFreq已生成: 12856 chars
[NeuroViz] Topomap已生成: 58256 chars
[NeuroViz] Topomap触发: send_counter=20840, mod=0, topomap_module=<module 'processors.topomap' from '/Users/sss/projects/neuroviz/backend/processors/topomap.py'>
[NeuroViz] 进入40帧触发块: send_counter=20840
[NeuroViz] values={'Fp1': 2.29, 'Fp2': 2.94}
[NeuroViz] TimeFreq已生成: 12768 chars
[NeuroViz] Topomap已生成: 57808 chars
[NeuroViz] Topomap触发: send_counter=20880, mod=0, topomap_module=<module 'processors.topomap' from '/Users/sss/projects/neuroviz/backend/processors/topomap.py'>
[NeuroViz] 进入40帧触发块: send_counter=20880
[NeuroViz] values={'Fp1': 14.52, 'Fp2': 53.69}
[NeuroViz] TimeFreq已生成: 12748 chars
[NeuroViz] Topomap已生成: 57872 chars
[NeuroViz] Topomap触发: send_counter=20920, mod=0, topomap_module=<module 'processors.topomap' from '/Users/sss/projects/neuroviz/backend/processors/topomap.py'>
[NeuroViz] 进入40帧触发块: send_counter=20920
[NeuroViz] values={'Fp1': 37.37, 'Fp2': 103.71}
[NeuroViz] TimeFreq已生成: 12464 chars
[NeuroViz] Topomap已生成: 57776 chars
[NeuroViz] Topomap触发: send_counter=20960, mod=0, topomap_module=<module 'processors.topomap' from '/Users/sss/projects/neuroviz/backend/processors/topomap.py'>
[NeuroViz] 进入40帧触发块: send_counter=20960
[NeuroViz] values={'Fp1': 63.93, 'Fp2': 27.53}
[NeuroViz] TimeFreq已生成: 12452 chars
[NeuroViz] Topomap已生成: 57044 chars
[NeuroViz] Topomap触发: send_counter=21000, mod=0, topomap_module=<module 'processors.topomap' from '/Users/sss/projects/neuroviz/backend/processors/topomap.py'>
[NeuroViz] 进入40帧触发块: send_counter=21000
[NeuroViz] values={'Fp1': 100.35, 'Fp2': 13.02}
[NeuroViz] TimeFreq已生成: 12308 chars
[NeuroViz] Topomap已生成: 58640 chars
[NeuroViz] Topomap触发: send_counter=21040, mod=0, topomap_module=<module 'processors.topomap' from '/Users/sss/projects/neuroviz/backend/processors/topomap.py'>
[NeuroViz] 进入40帧触发块: send_counter=21040
[NeuroViz] values={'Fp1': 100.06, 'Fp2': 93.58}
[NeuroViz] TimeFreq已生成: 11960 chars
[NeuroViz] Topomap已生成: 57708 chars
[NeuroViz] Topomap触发: send_counter=21080, mod=0, topomap_module=<module 'processors.topomap' from '/Users/sss/projects/neuroviz/backend/processors/topomap.py'>
[NeuroViz] 进入40帧触发块: send_counter=21080
[NeuroViz] values={'Fp1': 99.02, 'Fp2': 82.66}
[NeuroViz] TimeFreq已生成: 12284 chars
[NeuroViz] Topomap已生成: 58520 chars
[NeuroViz] Topomap触发: send_counter=21120, mod=0, topomap_module=<module 'processors.topomap' from '/Users/sss/projects/neuroviz/backend/processors/topomap.py'>
[NeuroViz] 进入40帧触发块: send_counter=21120
[NeuroViz] values={'Fp1': 75.94, 'Fp2': 2.15}
[NeuroViz] TimeFreq已生成: 12024 chars
[NeuroViz] Topomap已生成: 57184 chars
[NeuroViz] Topomap触发: send_counter=21160, mod=0, topomap_module=<module 'processors.topomap' from '/Users/sss/projects/neuroviz/backend/processors/topomap.py'>
[NeuroViz] 进入40帧触发块: send_counter=21160
[NeuroViz] values={'Fp1': 55.91, 'Fp2': 69.86}
[NeuroViz] TimeFreq已生成: 11948 chars
[NeuroViz] Topomap已生成: 58104 chars
[NeuroViz] Topomap触发: send_counter=21200, mod=0, topomap_module=<module 'processors.topomap' from '/Users/sss/projects/neuroviz/backend/processors/topomap.py'>
[NeuroViz] 进入40帧触发块: send_counter=21200
[NeuroViz] values={'Fp1': 22.06, 'Fp2': 103.93}
[NeuroViz] TimeFreq已生成: 12484 chars
[NeuroViz] Topomap已生成: 58480 chars
[NeuroViz] Topomap触发: send_counter=21240, mod=0, topomap_module=<module 'processors.topomap' from '/Users/sss/projects/neuroviz/backend/processors/topomap.py'>
[NeuroViz] 进入40帧触发块: send_counter=21240
[NeuroViz] values={'Fp1': 2.68, 'Fp2': 25.7}
[NeuroViz] TimeFreq已生成: 12804 chars
[NeuroViz] Topomap已生成: 56036 chars
[NeuroViz] Topomap触发: send_counter=21280, mod=0, topomap_module=<module 'processors.topomap' from '/Users/sss/projects/neuroviz/backend/processors/topomap.py'>
[NeuroViz] 进入40帧触发块: send_counter=21280
[NeuroViz] values={'Fp1': 1.62, 'Fp2': 27.12}
[NeuroViz] TimeFreq已生成: 12116 chars
[NeuroViz] Topomap已生成: 56136 chars
[NeuroViz] Topomap触发: send_counter=21320, mod=0, topomap_module=<module 'processors.topomap' from '/Users/sss/projects/neuroviz/backend/processors/topomap.py'>
[NeuroViz] 进入40帧触发块: send_counter=21320
[NeuroViz] values={'Fp1': 20.32, 'Fp2': 105.81}
[NeuroViz] TimeFreq已生成: 12480 chars
[NeuroViz] Topomap已生成: 58620 chars
[NeuroViz] Topomap触发: send_counter=21360, mod=0, topomap_module=<module 'processors.topomap' from '/Users/sss/projects/neuroviz/backend/processors/topomap.py'>
[NeuroViz] 进入40帧触发块: send_counter=21360
[NeuroViz] values={'Fp1': 49.66, 'Fp2': 70.08}
[NeuroViz] TimeFreq已生成: 12528 chars
[NeuroViz] Topomap已生成: 60520 chars
[NeuroViz] Topomap触发: send_counter=21400, mod=0, topomap_module=<module 'processors.topomap' from '/Users/sss/projects/neuroviz/backend/processors/topomap.py'>
[NeuroViz] 进入40帧触发块: send_counter=21400
[NeuroViz] values={'Fp1': 69.61, 'Fp2': 1.63}
[NeuroViz] TimeFreq已生成: 12564 chars
[NeuroViz] Topomap已生成: 56660 chars
[NeuroViz] Topomap触发: send_counter=21440, mod=0, topomap_module=<module 'processors.topomap' from '/Users/sss/projects/neuroviz/backend/processors/topomap.py'>
[NeuroViz] 进入40帧触发块: send_counter=21440
[NeuroViz] values={'Fp1': 96.3, 'Fp2': 73.47}
[NeuroViz] TimeFreq已生成: 12560 chars
[NeuroViz] Topomap已生成: 56456 chars
[NeuroViz] Topomap触发: send_counter=21480, mod=0, topomap_module=<module 'processors.topomap' from '/Users/sss/projects/neuroviz/backend/processors/topomap.py'>
[NeuroViz] 进入40帧触发块: send_counter=21480
[NeuroViz] values={'Fp1': 104.8, 'Fp2': 98.98}
[NeuroViz] TimeFreq已生成: 12488 chars
[NeuroViz] Topomap已生成: 57296 chars
[NeuroViz] Topomap触发: send_counter=21520, mod=0, topomap_module=<module 'processors.topomap' from '/Users/sss/projects/neuroviz/backend/processors/topomap.py'>
[NeuroViz] 进入40帧触发块: send_counter=21520
[NeuroViz] values={'Fp1': 97.68, 'Fp2': 14.64}
[NeuroViz] TimeFreq已生成: 12576 chars
[NeuroViz] Topomap已生成: 58008 chars
[NeuroViz] Topomap触发: send_counter=21560, mod=0, topomap_module=<module 'processors.topomap' from '/Users/sss/projects/neuroviz/backend/processors/topomap.py'>
[NeuroViz] 进入40帧触发块: send_counter=21560
[NeuroViz] values={'Fp1': 79.61, 'Fp2': 30.39}
[NeuroViz] TimeFreq已生成: 12520 chars
[NeuroViz] Topomap已生成: 55844 chars
[NeuroViz] Topomap触发: send_counter=21600, mod=0, topomap_module=<module 'processors.topomap' from '/Users/sss/projects/neuroviz/backend/processors/topomap.py'>
[NeuroViz] 进入40帧触发块: send_counter=21600
[NeuroViz] values={'Fp1': 55.92, 'Fp2': 106.35}
[NeuroViz] TimeFreq已生成: 12400 chars
[NeuroViz] Topomap已生成: 57124 chars
[NeuroViz] Topomap触发: send_counter=21640, mod=0, topomap_module=<module 'processors.topomap' from '/Users/sss/projects/neuroviz/backend/processors/topomap.py'>
[NeuroViz] 进入40帧触发块: send_counter=21640
[NeuroViz] values={'Fp1': 22.59, 'Fp2': 49.16}
[NeuroViz] TimeFreq已生成: 12500 chars
[NeuroViz] Topomap已生成: 56672 chars
[NeuroViz] Topomap触发: send_counter=21680, mod=0, topomap_module=<module 'processors.topomap' from '/Users/sss/projects/neuroviz/backend/processors/topomap.py'>
[NeuroViz] 进入40帧触发块: send_counter=21680
[NeuroViz] values={'Fp1': 2.26, 'Fp2': 2.44}
[NeuroViz] TimeFreq已生成: 12520 chars
[NeuroViz] Topomap已生成: 60060 chars
[NeuroViz] Topomap触发: send_counter=21720, mod=0, topomap_module=<module 'processors.topomap' from '/Users/sss/projects/neuroviz/backend/processors/topomap.py'>
[NeuroViz] 进入40帧触发块: send_counter=21720
[NeuroViz] values={'Fp1': 2.19, 'Fp2': 82.99}
[NeuroViz] TimeFreq已生成: 12740 chars
[NeuroViz] Topomap已生成: 58144 chars
[NeuroViz] Topomap触发: send_counter=21760, mod=0, topomap_module=<module 'processors.topomap' from '/Users/sss/projects/neuroviz/backend/processors/topomap.py'>
[NeuroViz] 进入40帧触发块: send_counter=21760
[NeuroViz] values={'Fp1': 16.88, 'Fp2': 92.63}
[NeuroViz] TimeFreq已生成: 12464 chars
[NeuroViz] Topomap已生成: 58532 chars
[NeuroViz] Topomap触发: send_counter=21800, mod=0, topomap_module=<module 'processors.topomap' from '/Users/sss/projects/neuroviz/backend/processors/topomap.py'>
[NeuroViz] 进入40帧触发块: send_counter=21800
[NeuroViz] values={'Fp1': 52.09, 'Fp2': 14.18}
[NeuroViz] TimeFreq已生成: 12552 chars
[NeuroViz] Topomap已生成: 57280 chars
[NeuroViz] Topomap触发: send_counter=21840, mod=0, topomap_module=<module 'processors.topomap' from '/Users/sss/projects/neuroviz/backend/processors/topomap.py'>
[NeuroViz] 进入40帧触发块: send_counter=21840
[NeuroViz] values={'Fp1': 72.46, 'Fp2': 46.7}
[NeuroViz] TimeFreq已生成: 12460 chars
[NeuroViz] Topomap已生成: 56164 chars
[NeuroViz] Topomap触发: send_counter=21880, mod=0, topomap_module=<module 'processors.topomap' from '/Users/sss/projects/neuroviz/backend/processors/topomap.py'>
[NeuroViz] 进入40帧触发块: send_counter=21880
[NeuroViz] values={'Fp1': 103.03, 'Fp2': 113.3}
[NeuroViz] TimeFreq已生成: 11932 chars
[NeuroViz] Topomap已生成: 57140 chars
[NeuroViz] Topomap触发: send_counter=21920, mod=0, topomap_module=<module 'processors.topomap' from '/Users/sss/projects/neuroviz/backend/processors/topomap.py'>
[NeuroViz] 进入40帧触发块: send_counter=21920
[NeuroViz] values={'Fp1': 108.48, 'Fp2': 55.12}
[NeuroViz] TimeFreq已生成: 12496 chars
[NeuroViz] Topomap已生成: 56428 chars
[NeuroViz] Topomap触发: send_counter=21960, mod=0, topomap_module=<module 'processors.topomap' from '/Users/sss/projects/neuroviz/backend/processors/topomap.py'>
[NeuroViz] 进入40帧触发块: send_counter=21960
[NeuroViz] values={'Fp1': 108.86, 'Fp2': 9.45}
[NeuroViz] TimeFreq已生成: 12456 chars
[NeuroViz] Topomap已生成: 56476 chars
[NeuroViz] Topomap触发: send_counter=22000, mod=0, topomap_module=<module 'processors.topomap' from '/Users/sss/projects/neuroviz/backend/processors/topomap.py'>
[NeuroViz] 进入40帧触发块: send_counter=22000
[NeuroViz] values={'Fp1': 77.84, 'Fp2': 87.73}
[NeuroViz] TimeFreq已生成: 12412 chars
[NeuroViz] Topomap已生成: 56908 chars
[NeuroViz] Topomap触发: send_counter=22040, mod=0, topomap_module=<module 'processors.topomap' from '/Users/sss/projects/neuroviz/backend/processors/topomap.py'>
[NeuroViz] 进入40帧触发块: send_counter=22040
[NeuroViz] values={'Fp1': 42.13, 'Fp2': 93.93}
[NeuroViz] TimeFreq已生成: 12420 chars
[NeuroViz] Topomap已生成: 56988 chars
[NeuroViz] Topomap触发: send_counter=22080, mod=0, topomap_module=<module 'processors.topomap' from '/Users/sss/projects/neuroviz/backend/processors/topomap.py'>
[NeuroViz] 进入40帧触发块: send_counter=22080
[NeuroViz] values={'Fp1': 22.28, 'Fp2': 5.49}
[NeuroViz] TimeFreq已生成: 12068 chars
[NeuroViz] Topomap已生成: 57700 chars
[NeuroViz] Topomap触发: send_counter=22120, mod=0, topomap_module=<module 'processors.topomap' from '/Users/sss/projects/neuroviz/backend/processors/topomap.py'>
[NeuroViz] 进入40帧触发块: send_counter=22120
[NeuroViz] values={'Fp1': 1.4, 'Fp2': 36.94}
[NeuroViz] TimeFreq已生成: 12828 chars
[NeuroViz] Topomap已生成: 57052 chars
[NeuroViz] Topomap触发: send_counter=22160, mod=0, topomap_module=<module 'processors.topomap' from '/Users/sss/projects/neuroviz/backend/processors/topomap.py'>
[NeuroViz] 进入40帧触发块: send_counter=22160
[NeuroViz] values={'Fp1': 7.82, 'Fp2': 120.55}
[NeuroViz] TimeFreq已生成: 12544 chars
[NeuroViz] Topomap已生成: 57468 chars
[NeuroViz] Topomap触发: send_counter=22200, mod=0, topomap_module=<module 'processors.topomap' from '/Users/sss/projects/neuroviz/backend/processors/topomap.py'>
[NeuroViz] 进入40帧触发块: send_counter=22200
[NeuroViz] values={'Fp1': 18.84, 'Fp2': 43.49}
[NeuroViz] TimeFreq已生成: 12496 chars
[NeuroViz] Topomap已生成: 56524 chars
[NeuroViz] Topomap触发: send_counter=22240, mod=0, topomap_module=<module 'processors.topomap' from '/Users/sss/projects/neuroviz/backend/processors/topomap.py'>
[NeuroViz] 进入40帧触发块: send_counter=22240
[NeuroViz] values={'Fp1': 52.81, 'Fp2': 8.91}
[NeuroViz] TimeFreq已生成: 12364 chars
[NeuroViz] Topomap已生成: 58316 chars
[NeuroViz] Topomap触发: send_counter=22280, mod=0, topomap_module=<module 'processors.topomap' from '/Users/sss/projects/neuroviz/backend/processors/topomap.py'>
[NeuroViz] 进入40帧触发块: send_counter=22280
[NeuroViz] values={'Fp1': 87.87, 'Fp2': 90.81}
[NeuroViz] TimeFreq已生成: 12572 chars
[NeuroViz] Topomap已生成: 59076 chars
[NeuroViz] Topomap触发: send_counter=22320, mod=0, topomap_module=<module 'processors.topomap' from '/Users/sss/projects/neuroviz/backend/processors/topomap.py'>
[NeuroViz] 进入40帧触发块: send_counter=22320
[NeuroViz] values={'Fp1': 101.27, 'Fp2': 79.58}
[NeuroViz] TimeFreq已生成: 12560 chars
[NeuroViz] Topomap已生成: 60520 chars
[NeuroViz] Topomap触发: send_counter=22360, mod=0, topomap_module=<module 'processors.topomap' from '/Users/sss/projects/neuroviz/backend/processors/topomap.py'>
[NeuroViz] 进入40帧触发块: send_counter=22360
[NeuroViz] values={'Fp1': 106.57, 'Fp2': 3.04}
[NeuroViz] TimeFreq已生成: 12696 chars
[NeuroViz] Topomap已生成: 56516 chars
[NeuroViz] Topomap触发: send_counter=22400, mod=0, topomap_module=<module 'processors.topomap' from '/Users/sss/projects/neuroviz/backend/processors/topomap.py'>
[NeuroViz] 进入40帧触发块: send_counter=22400
[NeuroViz] values={'Fp1': 90.89, 'Fp2': 41.17}
[NeuroViz] TimeFreq已生成: 12556 chars
[NeuroViz] Topomap已生成: 56548 chars
[NeuroViz] Topomap触发: send_counter=22440, mod=0, topomap_module=<module 'processors.topomap' from '/Users/sss/projects/neuroviz/backend/processors/topomap.py'>
[NeuroViz] 进入40帧触发块: send_counter=22440
[NeuroViz] values={'Fp1': 78.54, 'Fp2': 112.55}
[NeuroViz] TimeFreq已生成: 12584 chars
[NeuroViz] Topomap已生成: 58076 chars
[NeuroViz] Topomap触发: send_counter=22480, mod=0, topomap_module=<module 'processors.topomap' from '/Users/sss/projects/neuroviz/backend/processors/topomap.py'>
[NeuroViz] 进入40帧触发块: send_counter=22480
[NeuroViz] values={'Fp1': 37.49, 'Fp2': 38.27}
[NeuroViz] TimeFreq已生成: 12592 chars
[NeuroViz] Topomap已生成: 60160 chars
[NeuroViz] Topomap触发: send_counter=22520, mod=0, topomap_module=<module 'processors.topomap' from '/Users/sss/projects/neuroviz/backend/processors/topomap.py'>
[NeuroViz] 进入40帧触发块: send_counter=22520
[NeuroViz] values={'Fp1': 10.73, 'Fp2': 9.66}
[NeuroViz] TimeFreq已生成: 12432 chars
[NeuroViz] Topomap已生成: 57164 chars
[NeuroViz] Topomap触发: send_counter=22560, mod=0, topomap_module=<module 'processors.topomap' from '/Users/sss/projects/neuroviz/backend/processors/topomap.py'>
[NeuroViz] 进入40帧触发块: send_counter=22560
[NeuroViz] values={'Fp1': 3.06, 'Fp2': 99.76}
[NeuroViz] TimeFreq已生成: 12432 chars
[NeuroViz] Topomap已生成: 56236 chars
[NeuroViz] Topomap触发: send_counter=22600, mod=0, topomap_module=<module 'processors.topomap' from '/Users/sss/projects/neuroviz/backend/processors/topomap.py'>
[NeuroViz] 进入40帧触发块: send_counter=22600
[NeuroViz] values={'Fp1': 6.87, 'Fp2': 83.48}
[NeuroViz] TimeFreq已生成: 12500 chars
[NeuroViz] Topomap已生成: 58508 chars
[NeuroViz] Topomap触发: send_counter=22640, mod=0, topomap_module=<module 'processors.topomap' from '/Users/sss/projects/neuroviz/backend/processors/topomap.py'>
[NeuroViz] 进入40帧触发块: send_counter=22640
[NeuroViz] values={'Fp1': 33.18, 'Fp2': 4.88}
[NeuroViz] TimeFreq已生成: 12340 chars
[NeuroViz] Topomap已生成: 56592 chars
[NeuroViz] Topomap触发: send_counter=22680, mod=0, topomap_module=<module 'processors.topomap' from '/Users/sss/projects/neuroviz/backend/processors/topomap.py'>
[NeuroViz] 进入40帧触发块: send_counter=22680
[NeuroViz] values={'Fp1': 46.36, 'Fp2': 69.92}
[NeuroViz] TimeFreq已生成: 12104 chars
[NeuroViz] Topomap已生成: 56268 chars
[NeuroViz] Topomap触发: send_counter=22720, mod=0, topomap_module=<module 'processors.topomap' from '/Users/sss/projects/neuroviz/backend/processors/topomap.py'>
[NeuroViz] 进入40帧触发块: send_counter=22720
[NeuroViz] values={'Fp1': 88.93, 'Fp2': 110.53}
[NeuroViz] TimeFreq已生成: 12472 chars
[NeuroViz] Topomap已生成: 60988 chars
[NeuroViz] Topomap触发: send_counter=22760, mod=0, topomap_module=<module 'processors.topomap' from '/Users/sss/projects/neuroviz/backend/processors/topomap.py'>
[NeuroViz] 进入40帧触发块: send_counter=22760
[NeuroViz] values={'Fp1': 112.47, 'Fp2': 36.94}
[NeuroViz] TimeFreq已生成: 12624 chars
[NeuroViz] Topomap已生成: 58080 chars
[NeuroViz] Topomap触发: send_counter=22800, mod=0, topomap_module=<module 'processors.topomap' from '/Users/sss/projects/neuroviz/backend/processors/topomap.py'>
[NeuroViz] 进入40帧触发块: send_counter=22800
[NeuroViz] values={'Fp1': 104.48, 'Fp2': 16.16}
[NeuroViz] TimeFreq已生成: 11924 chars
[NeuroViz] Topomap已生成: 58572 chars
[NeuroViz] Topomap触发: send_counter=22840, mod=0, topomap_module=<module 'processors.topomap' from '/Users/sss/projects/neuroviz/backend/processors/topomap.py'>
[NeuroViz] 进入40帧触发块: send_counter=22840
[NeuroViz] values={'Fp1': 98.81, 'Fp2': 105.68}
[NeuroViz] TimeFreq已生成: 12384 chars
[NeuroViz] Topomap已生成: 58324 chars
[NeuroViz] Topomap触发: send_counter=22880, mod=0, topomap_module=<module 'processors.topomap' from '/Users/sss/projects/neuroviz/backend/processors/topomap.py'>
[NeuroViz] 进入40帧触发块: send_counter=22880
[NeuroViz] values={'Fp1': 58.56, 'Fp2': 77.34}
[NeuroViz] TimeFreq已生成: 12448 chars
[NeuroViz] Topomap已生成: 59276 chars
[NeuroViz] Topomap触发: send_counter=22920, mod=0, topomap_module=<module 'processors.topomap' from '/Users/sss/projects/neuroviz/backend/processors/topomap.py'>
[NeuroViz] 进入40帧触发块: send_counter=22920
[NeuroViz] values={'Fp1': 39.27, 'Fp2': 2.25}
[NeuroViz] TimeFreq已生成: 12400 chars
[NeuroViz] Topomap已生成: 56820 chars
[NeuroViz] Topomap触发: send_counter=22960, mod=0, topomap_module=<module 'processors.topomap' from '/Users/sss/projects/neuroviz/backend/processors/topomap.py'>
[NeuroViz] 进入40帧触发块: send_counter=22960
[NeuroViz] values={'Fp1': 11.85, 'Fp2': 65.21}
[NeuroViz] TimeFreq已生成: 12936 chars
[NeuroViz] Topomap已生成: 56784 chars
[NeuroViz] Topomap触发: send_counter=23000, mod=0, topomap_module=<module 'processors.topomap' from '/Users/sss/projects/neuroviz/backend/processors/topomap.py'>
[NeuroViz] 进入40帧触发块: send_counter=23000
[NeuroViz] values={'Fp1': 0.51, 'Fp2': 97.08}
[NeuroViz] TimeFreq已生成: 12792 chars
[NeuroViz] Topomap已生成: 56092 chars
[NeuroViz] Topomap触发: send_counter=23040, mod=0, topomap_module=<module 'processors.topomap' from '/Users/sss/projects/neuroviz/backend/processors/topomap.py'>
[NeuroViz] 进入40帧触发块: send_counter=23040
[NeuroViz] values={'Fp1': 8.68, 'Fp2': 22.97}
[NeuroViz] TimeFreq已生成: 12456 chars
[NeuroViz] Topomap已生成: 57292 chars
[NeuroViz] Topomap触发: send_counter=23080, mod=0, topomap_module=<module 'processors.topomap' from '/Users/sss/projects/neuroviz/backend/processors/topomap.py'>
[NeuroViz] 进入40帧触发块: send_counter=23080
[NeuroViz] values={'Fp1': 32.93, 'Fp2': 24.24}
[NeuroViz] TimeFreq已生成: 12628 chars
[NeuroViz] Topomap已生成: 58108 chars
[NeuroViz] Topomap触发: send_counter=23120, mod=0, topomap_module=<module 'processors.topomap' from '/Users/sss/projects/neuroviz/backend/processors/topomap.py'>
[NeuroViz] 进入40帧触发块: send_counter=23120
[NeuroViz] values={'Fp1': 52.78, 'Fp2': 109.3}
[NeuroViz] TimeFreq已生成: 12316 chars
[NeuroViz] Topomap已生成: 57032 chars
[NeuroViz] Topomap触发: send_counter=23160, mod=0, topomap_module=<module 'processors.topomap' from '/Users/sss/projects/neuroviz/backend/processors/topomap.py'>
[NeuroViz] 进入40帧触发块: send_counter=23160
[NeuroViz] values={'Fp1': 87.63, 'Fp2': 68.26}
[NeuroViz] TimeFreq已生成: 12572 chars
[NeuroViz] Topomap已生成: 59792 chars
[NeuroViz] Topomap触发: send_counter=23200, mod=0, topomap_module=<module 'processors.topomap' from '/Users/sss/projects/neuroviz/backend/processors/topomap.py'>
[NeuroViz] 进入40帧触发块: send_counter=23200
[NeuroViz] values={'Fp1': 98.58, 'Fp2': 1.17}
[NeuroViz] TimeFreq已生成: 12640 chars
[NeuroViz] Topomap已生成: 55896 chars
[NeuroViz] Topomap触发: send_counter=23240, mod=0, topomap_module=<module 'processors.topomap' from '/Users/sss/projects/neuroviz/backend/processors/topomap.py'>
[NeuroViz] 进入40帧触发块: send_counter=23240
[NeuroViz] values={'Fp1': 100.86, 'Fp2': 76.12}
[NeuroViz] TimeFreq已生成: 12508 chars
[NeuroViz] Topomap已生成: 56316 chars
[NeuroViz] Topomap触发: send_counter=23280, mod=0, topomap_module=<module 'processors.topomap' from '/Users/sss/projects/neuroviz/backend/processors/topomap.py'>
[NeuroViz] 进入40帧触发块: send_counter=23280
[NeuroViz] values={'Fp1': 91.02, 'Fp2': 101.02}
[NeuroViz] TimeFreq已生成: 12520 chars
[NeuroViz] Topomap已生成: 56724 chars
[NeuroViz] Topomap触发: send_counter=23320, mod=0, topomap_module=<module 'processors.topomap' from '/Users/sss/projects/neuroviz/backend/processors/topomap.py'>
[NeuroViz] 进入40帧触发块: send_counter=23320
[NeuroViz] values={'Fp1': 64.32, 'Fp2': 19.19}
[NeuroViz] TimeFreq已生成: 12412 chars
[NeuroViz] Topomap已生成: 56272 chars
[NeuroViz] Topomap触发: send_counter=23360, mod=0, topomap_module=<module 'processors.topomap' from '/Users/sss/projects/neuroviz/backend/processors/topomap.py'>
[NeuroViz] 进入40帧触发块: send_counter=23360
[NeuroViz] values={'Fp1': 34.17, 'Fp2': 32.32}
[NeuroViz] TimeFreq已生成: 12568 chars
[NeuroViz] Topomap已生成: 59224 chars
[NeuroViz] Topomap触发: send_counter=23400, mod=0, topomap_module=<module 'processors.topomap' from '/Users/sss/projects/neuroviz/backend/processors/topomap.py'>
[NeuroViz] 进入40帧触发块: send_counter=23400
[NeuroViz] values={'Fp1': 12.2, 'Fp2': 118.71}
[NeuroViz] TimeFreq已生成: 12384 chars
[NeuroViz] Topomap已生成: 56828 chars
[NeuroViz] Topomap触发: send_counter=23440, mod=0, topomap_module=<module 'processors.topomap' from '/Users/sss/projects/neuroviz/backend/processors/topomap.py'>
[NeuroViz] 进入40帧触发块: send_counter=23440
[NeuroViz] values={'Fp1': 0.65, 'Fp2': 59.39}
[NeuroViz] TimeFreq已生成: 12444 chars
[NeuroViz] Topomap已生成: 56632 chars
[NeuroViz] Topomap触发: send_counter=23480, mod=0, topomap_module=<module 'processors.topomap' from '/Users/sss/projects/neuroviz/backend/processors/topomap.py'>
[NeuroViz] 进入40帧触发块: send_counter=23480
[NeuroViz] values={'Fp1': 7.04, 'Fp2': 4.93}
[NeuroViz] TimeFreq已生成: 12444 chars
[NeuroViz] Topomap已生成: 59548 chars
[NeuroViz] Topomap触发: send_counter=23520, mod=0, topomap_module=<module 'processors.topomap' from '/Users/sss/projects/neuroviz/backend/processors/topomap.py'>
[NeuroViz] 进入40帧触发块: send_counter=23520
[NeuroViz] values={'Fp1': 36.05, 'Fp2': 80.11}
[NeuroViz] TimeFreq已生成: 12456 chars
[NeuroViz] Topomap已生成: 58508 chars
[NeuroViz] Topomap触发: send_counter=23560, mod=0, topomap_module=<module 'processors.topomap' from '/Users/sss/projects/neuroviz/backend/processors/topomap.py'>
[NeuroViz] 进入40帧触发块: send_counter=23560
[NeuroViz] values={'Fp1': 61.19, 'Fp2': 95.07}
[NeuroViz] TimeFreq已生成: 12424 chars
[NeuroViz] Topomap已生成: 57732 chars
[NeuroViz] Topomap触发: send_counter=23600, mod=0, topomap_module=<module 'processors.topomap' from '/Users/sss/projects/neuroviz/backend/processors/topomap.py'>
[NeuroViz] 进入40帧触发块: send_counter=23600
[NeuroViz] values={'Fp1': 85.35, 'Fp2': 8.54}
[NeuroViz] TimeFreq已生成: 12380 chars
[NeuroViz] Topomap已生成: 57664 chars
[NeuroViz] Topomap触发: send_counter=23640, mod=0, topomap_module=<module 'processors.topomap' from '/Users/sss/projects/neuroviz/backend/processors/topomap.py'>
[NeuroViz] 进入40帧触发块: send_counter=23640
[NeuroViz] values={'Fp1': 99.77, 'Fp2': 28.66}
[NeuroViz] TimeFreq已生成: 12208 chars
[NeuroViz] Topomap已生成: 57664 chars
[NeuroViz] Topomap触发: send_counter=23680, mod=0, topomap_module=<module 'processors.topomap' from '/Users/sss/projects/neuroviz/backend/processors/topomap.py'>
[NeuroViz] 进入40帧触发块: send_counter=23680
[NeuroViz] values={'Fp1': 107.82, 'Fp2': 113.29}
[NeuroViz] TimeFreq已生成: 12552 chars
[NeuroViz] Topomap已生成: 57120 chars
[NeuroViz] Topomap触发: send_counter=23720, mod=0, topomap_module=<module 'processors.topomap' from '/Users/sss/projects/neuroviz/backend/processors/topomap.py'>
[NeuroViz] 进入40帧触发块: send_counter=23720
[NeuroViz] values={'Fp1': 88.74, 'Fp2': 46.48}
[NeuroViz] TimeFreq已生成: 11924 chars
[NeuroViz] Topomap已生成: 57856 chars
[NeuroViz] Topomap触发: send_counter=23760, mod=0, topomap_module=<module 'processors.topomap' from '/Users/sss/projects/neuroviz/backend/processors/topomap.py'>
[NeuroViz] 进入40帧触发块: send_counter=23760
[NeuroViz] values={'Fp1': 64.17, 'Fp2': 6.63}
[NeuroViz] TimeFreq已生成: 12368 chars
[NeuroViz] Topomap已生成: 56688 chars
[NeuroViz] Topomap触发: send_counter=23800, mod=0, topomap_module=<module 'processors.topomap' from '/Users/sss/projects/neuroviz/backend/processors/topomap.py'>
[NeuroViz] 进入40帧触发块: send_counter=23800
[NeuroViz] values={'Fp1': 21.26, 'Fp2': 73.47}
[NeuroViz] TimeFreq已生成: 12452 chars
[NeuroViz] Topomap已生成: 56596 chars
[NeuroViz] Topomap触发: send_counter=23840, mod=0, topomap_module=<module 'processors.topomap' from '/Users/sss/projects/neuroviz/backend/processors/topomap.py'>
[NeuroViz] 进入40帧触发块: send_counter=23840
[NeuroViz] values={'Fp1': 10.93, 'Fp2': 82.52}
[NeuroViz] TimeFreq已生成: 12944 chars
[NeuroViz] Topomap已生成: 57788 chars
[NeuroViz] Topomap触发: send_counter=23880, mod=0, topomap_module=<module 'processors.topomap' from '/Users/sss/projects/neuroviz/backend/processors/topomap.py'>
[NeuroViz] 进入40帧触发块: send_counter=23880
[NeuroViz] values={'Fp1': 0.91, 'Fp2': 8.44}
[NeuroViz] TimeFreq已生成: 12632 chars
[NeuroViz] Topomap已生成: 56004 chars
[NeuroViz] Topomap触发: send_counter=23920, mod=0, topomap_module=<module 'processors.topomap' from '/Users/sss/projects/neuroviz/backend/processors/topomap.py'>
[NeuroViz] 进入40帧触发块: send_counter=23920
[NeuroViz] values={'Fp1': 15.86, 'Fp2': 39.84}
[NeuroViz] TimeFreq已生成: 12404 chars
[NeuroViz] Topomap已生成: 56204 chars
[NeuroViz] Topomap触发: send_counter=23960, mod=0, topomap_module=<module 'processors.topomap' from '/Users/sss/projects/neuroviz/backend/processors/topomap.py'>
[NeuroViz] 进入40帧触发块: send_counter=23960
[NeuroViz] values={'Fp1': 31.06, 'Fp2': 112.78}
[NeuroViz] TimeFreq已生成: 12356 chars
[NeuroViz] Topomap已生成: 58180 chars
[NeuroViz] Topomap触发: send_counter=24000, mod=0, topomap_module=<module 'processors.topomap' from '/Users/sss/projects/neuroviz/backend/processors/topomap.py'>
[NeuroViz] 进入40帧触发块: send_counter=24000
[NeuroViz] values={'Fp1': 60.01, 'Fp2': 42.14}
[NeuroViz] TimeFreq已生成: 12440 chars
[NeuroViz] Topomap已生成: 58492 chars
[NeuroViz] Topomap触发: send_counter=24040, mod=0, topomap_module=<module 'processors.topomap' from '/Users/sss/projects/neuroviz/backend/processors/topomap.py'>
[NeuroViz] 进入40帧触发块: send_counter=24040
[NeuroViz] values={'Fp1': 92.29, 'Fp2': 4.43}
[NeuroViz] TimeFreq已生成: 12284 chars
[NeuroViz] Topomap已生成: 58264 chars
[NeuroViz] Topomap触发: send_counter=24080, mod=0, topomap_module=<module 'processors.topomap' from '/Users/sss/projects/neuroviz/backend/processors/topomap.py'>
[NeuroViz] 进入40帧触发块: send_counter=24080
[NeuroViz] values={'Fp1': 109.14, 'Fp2': 95.97}
[NeuroViz] TimeFreq已生成: 12216 chars
[NeuroViz] Topomap已生成: 58256 chars
[NeuroViz] Topomap触发: send_counter=24120, mod=0, topomap_module=<module 'processors.topomap' from '/Users/sss/projects/neuroviz/backend/processors/topomap.py'>
[NeuroViz] 进入40帧触发块: send_counter=24120
[NeuroViz] values={'Fp1': 96.25, 'Fp2': 84.62}
[NeuroViz] TimeFreq已生成: 12088 chars
[NeuroViz] Topomap已生成: 57356 chars
[NeuroViz] Topomap触发: send_counter=24160, mod=0, topomap_module=<module 'processors.topomap' from '/Users/sss/projects/neuroviz/backend/processors/topomap.py'>
[NeuroViz] 进入40帧触发块: send_counter=24160
[NeuroViz] values={'Fp1': 79.36, 'Fp2': 6.48}
[NeuroViz] TimeFreq已生成: 12008 chars
[NeuroViz] Topomap已生成: 57416 chars
[NeuroViz] Topomap触发: send_counter=24200, mod=0, topomap_module=<module 'processors.topomap' from '/Users/sss/projects/neuroviz/backend/processors/topomap.py'>
[NeuroViz] 进入40帧触发块: send_counter=24200
[NeuroViz] values={'Fp1': 63.76, 'Fp2': 56.71}
[NeuroViz] TimeFreq已生成: 12428 chars
[NeuroViz] Topomap已生成: 57444 chars
[NeuroViz] Topomap触发: send_counter=24240, mod=0, topomap_module=<module 'processors.topomap' from '/Users/sss/projects/neuroviz/backend/processors/topomap.py'>
[NeuroViz] 进入40帧触发块: send_counter=24240
[NeuroViz] values={'Fp1': 21.03, 'Fp2': 100.0}
[NeuroViz] TimeFreq已生成: 12460 chars
[NeuroViz] Topomap已生成: 58432 chars
[NeuroViz] Topomap触发: send_counter=24280, mod=0, topomap_module=<module 'processors.topomap' from '/Users/sss/projects/neuroviz/backend/processors/topomap.py'>
[NeuroViz] 进入40帧触发块: send_counter=24280
[NeuroViz] values={'Fp1': 4.24, 'Fp2': 39.58}
[NeuroViz] TimeFreq已生成: 12416 chars
[NeuroViz] Topomap已生成: 57148 chars
[NeuroViz] Topomap触发: send_counter=24320, mod=0, topomap_module=<module 'processors.topomap' from '/Users/sss/projects/neuroviz/backend/processors/topomap.py'>
[NeuroViz] 进入40帧触发块: send_counter=24320
[NeuroViz] values={'Fp1': 0.82, 'Fp2': 17.9}
[NeuroViz] TimeFreq已生成: 12496 chars
[NeuroViz] Topomap已生成: 57164 chars
[NeuroViz] Topomap触发: send_counter=24360, mod=0, topomap_module=<module 'processors.topomap' from '/Users/sss/projects/neuroviz/backend/processors/topomap.py'>
[NeuroViz] 进入40帧触发块: send_counter=24360
[NeuroViz] values={'Fp1': 12.85, 'Fp2': 99.67}
[NeuroViz] TimeFreq已生成: 12392 chars
[NeuroViz] Topomap已生成: 58492 chars
[NeuroViz] Topomap触发: send_counter=24400, mod=0, topomap_module=<module 'processors.topomap' from '/Users/sss/projects/neuroviz/backend/processors/topomap.py'>
[NeuroViz] 进入40帧触发块: send_counter=24400
[NeuroViz] values={'Fp1': 48.66, 'Fp2': 85.53}
[NeuroViz] TimeFreq已生成: 12404 chars
[NeuroViz] Topomap已生成: 58228 chars
[NeuroViz] Topomap触发: send_counter=24440, mod=0, topomap_module=<module 'processors.topomap' from '/Users/sss/projects/neuroviz/backend/processors/topomap.py'>
[NeuroViz] 进入40帧触发块: send_counter=24440
[NeuroViz] values={'Fp1': 64.97, 'Fp2': 1.54}
[NeuroViz] TimeFreq已生成: 12596 chars
[NeuroViz] Topomap已生成: 56520 chars
[NeuroViz] Topomap触发: send_counter=24480, mod=0, topomap_module=<module 'processors.topomap' from '/Users/sss/projects/neuroviz/backend/processors/topomap.py'>
[NeuroViz] 进入40帧触发块: send_counter=24480
[NeuroViz] values={'Fp1': 94.55, 'Fp2': 60.05}
[NeuroViz] TimeFreq已生成: 12500 chars
[NeuroViz] Topomap已生成: 56996 chars
[NeuroViz] Topomap触发: send_counter=24520, mod=0, topomap_module=<module 'processors.topomap' from '/Users/sss/projects/neuroviz/backend/processors/topomap.py'>
[NeuroViz] 进入40帧触发块: send_counter=24520
[NeuroViz] values={'Fp1': 106.63, 'Fp2': 112.34}
[NeuroViz] TimeFreq已生成: 12144 chars
[NeuroViz] Topomap已生成: 57224 chars
[NeuroViz] Topomap触发: send_counter=24560, mod=0, topomap_module=<module 'processors.topomap' from '/Users/sss/projects/neuroviz/backend/processors/topomap.py'>
[NeuroViz] 进入40帧触发块: send_counter=24560
[NeuroViz] values={'Fp1': 107.43, 'Fp2': 30.34}
[NeuroViz] TimeFreq已生成: 12508 chars
[NeuroViz] Topomap已生成: 57656 chars
[NeuroViz] Topomap触发: send_counter=24600, mod=0, topomap_module=<module 'processors.topomap' from '/Users/sss/projects/neuroviz/backend/processors/topomap.py'>
[NeuroViz] 进入40帧触发块: send_counter=24600
[NeuroViz] values={'Fp1': 74.75, 'Fp2': 14.8}
[NeuroViz] TimeFreq已生成: 12360 chars
[NeuroViz] Topomap已生成: 56696 chars
[NeuroViz] Topomap触发: send_counter=24640, mod=0, topomap_module=<module 'processors.topomap' from '/Users/sss/projects/neuroviz/backend/processors/topomap.py'>
[NeuroViz] 进入40帧触发块: send_counter=24640
[NeuroViz] values={'Fp1': 61.28, 'Fp2': 106.94}
[NeuroViz] TimeFreq已生成: 12500 chars
[NeuroViz] Topomap已生成: 56292 chars
[NeuroViz] Topomap触发: send_counter=24680, mod=0, topomap_module=<module 'processors.topomap' from '/Users/sss/projects/neuroviz/backend/processors/topomap.py'>
[NeuroViz] 进入40帧触发块: send_counter=24680
[NeuroViz] values={'Fp1': 25.13, 'Fp2': 64.06}
[NeuroViz] TimeFreq已生成: 11992 chars
[NeuroViz] Topomap已生成: 57372 chars
[NeuroViz] Topomap触发: send_counter=24720, mod=0, topomap_module=<module 'processors.topomap' from '/Users/sss/projects/neuroviz/backend/processors/topomap.py'>
[NeuroViz] 进入40帧触发块: send_counter=24720
[NeuroViz] values={'Fp1': 3.44, 'Fp2': 1.41}
[NeuroViz] TimeFreq已生成: 12432 chars
[NeuroViz] Topomap已生成: 58572 chars
[NeuroViz] Topomap触发: send_counter=24760, mod=0, topomap_module=<module 'processors.topomap' from '/Users/sss/projects/neuroviz/backend/processors/topomap.py'>
[NeuroViz] 进入40帧触发块: send_counter=24760
[NeuroViz] values={'Fp1': 1.5, 'Fp2': 70.64}
[NeuroViz] TimeFreq已生成: 12280 chars
[NeuroViz] Topomap已生成: 57368 chars
[NeuroViz] Topomap触发: send_counter=24800, mod=0, topomap_module=<module 'processors.topomap' from '/Users/sss/projects/neuroviz/backend/processors/topomap.py'>
[NeuroViz] 进入40帧触发块: send_counter=24800
[NeuroViz] values={'Fp1': 15.02, 'Fp2': 106.24}
[NeuroViz] TimeFreq已生成: 12900 chars
[NeuroViz] Topomap已生成: 56680 chars
[NeuroViz] Topomap触发: send_counter=24840, mod=0, topomap_module=<module 'processors.topomap' from '/Users/sss/projects/neuroviz/backend/processors/topomap.py'>
[NeuroViz] 进入40帧触发块: send_counter=24840
[NeuroViz] values={'Fp1': 39.55, 'Fp2': 18.48}
[NeuroViz] TimeFreq已生成: 12428 chars
[NeuroViz] Topomap已生成: 59592 chars
[NeuroViz] Topomap触发: send_counter=24880, mod=0, topomap_module=<module 'processors.topomap' from '/Users/sss/projects/neuroviz/backend/processors/topomap.py'>
[NeuroViz] 进入40帧触发块: send_counter=24880
[NeuroViz] values={'Fp1': 68.87, 'Fp2': 28.08}
[NeuroViz] TimeFreq已生成: 12004 chars
[NeuroViz] Topomap已生成: 57584 chars
[NeuroViz] Topomap触发: send_counter=24920, mod=0, topomap_module=<module 'processors.topomap' from '/Users/sss/projects/neuroviz/backend/processors/topomap.py'>
[NeuroViz] 进入40帧触发块: send_counter=24920
[NeuroViz] values={'Fp1': 101.24, 'Fp2': 106.15}
[NeuroViz] TimeFreq已生成: 12692 chars
[NeuroViz] Topomap已生成: 57312 chars
[NeuroViz] Topomap触发: send_counter=24960, mod=0, topomap_module=<module 'processors.topomap' from '/Users/sss/projects/neuroviz/backend/processors/topomap.py'>
[NeuroViz] 进入40帧触发块: send_counter=24960
[NeuroViz] values={'Fp1': 114.94, 'Fp2': 71.16}
[NeuroViz] TimeFreq已生成: 12572 chars
[NeuroViz] Topomap已生成: 57960 chars
[NeuroViz] Topomap触发: send_counter=25000, mod=0, topomap_module=<module 'processors.topomap' from '/Users/sss/projects/neuroviz/backend/processors/topomap.py'>
[NeuroViz] 进入40帧触发块: send_counter=25000
[NeuroViz] values={'Fp1': 100.12, 'Fp2': 2.34}
[NeuroViz] TimeFreq已生成: 12456 chars
[NeuroViz] Topomap已生成: 56516 chars
[NeuroViz] Topomap触发: send_counter=25040, mod=0, topomap_module=<module 'processors.topomap' from '/Users/sss/projects/neuroviz/backend/processors/topomap.py'>
[NeuroViz] 进入40帧触发块: send_counter=25040
[NeuroViz] values={'Fp1': 77.75, 'Fp2': 73.96}
[NeuroViz] TimeFreq已生成: 12356 chars
[NeuroViz] Topomap已生成: 59104 chars
[NeuroViz] Topomap触发: send_counter=25080, mod=0, topomap_module=<module 'processors.topomap' from '/Users/sss/projects/neuroviz/backend/processors/topomap.py'>
[NeuroViz] 进入40帧触发块: send_counter=25080
[NeuroViz] values={'Fp1': 41.21, 'Fp2': 96.97}
[NeuroViz] TimeFreq已生成: 12432 chars
[NeuroViz] Topomap已生成: 56848 chars
[NeuroViz] Topomap触发: send_counter=25120, mod=0, topomap_module=<module 'processors.topomap' from '/Users/sss/projects/neuroviz/backend/processors/topomap.py'>
[NeuroViz] 进入40帧触发块: send_counter=25120
[NeuroViz] values={'Fp1': 26.94, 'Fp2': 11.84}
[NeuroViz] TimeFreq已生成: 12480 chars
[NeuroViz] Topomap已生成: 57492 chars
[NeuroViz] Topomap触发: send_counter=25160, mod=0, topomap_module=<module 'processors.topomap' from '/Users/sss/projects/neuroviz/backend/processors/topomap.py'>
[NeuroViz] 进入40帧触发块: send_counter=25160
[NeuroViz] values={'Fp1': 4.0, 'Fp2': 34.6}
[NeuroViz] TimeFreq已生成: 12452 chars
[NeuroViz] Topomap已生成: 56852 chars
[NeuroViz] Topomap触发: send_counter=25200, mod=0, topomap_module=<module 'processors.topomap' from '/Users/sss/projects/neuroviz/backend/processors/topomap.py'>
[NeuroViz] 进入40帧触发块: send_counter=25200
[NeuroViz] values={'Fp1': 4.29, 'Fp2': 109.35}
[NeuroViz] TimeFreq已生成: 12696 chars
[NeuroViz] Topomap已生成: 56828 chars
[NeuroViz] Topomap触发: send_counter=25240, mod=0, topomap_module=<module 'processors.topomap' from '/Users/sss/projects/neuroviz/backend/processors/topomap.py'>
[NeuroViz] 进入40帧触发块: send_counter=25240
[NeuroViz] values={'Fp1': 16.2, 'Fp2': 50.41}
[NeuroViz] TimeFreq已生成: 11948 chars
[NeuroViz] Topomap已生成: 57476 chars
[NeuroViz] Topomap触发: send_counter=25280, mod=0, topomap_module=<module 'processors.topomap' from '/Users/sss/projects/neuroviz/backend/processors/topomap.py'>
[NeuroViz] 进入40帧触发块: send_counter=25280
[NeuroViz] values={'Fp1': 44.87, 'Fp2': 2.29}
[NeuroViz] TimeFreq已生成: 12428 chars
[NeuroViz] Topomap已生成: 57496 chars
[NeuroViz] Topomap触发: send_counter=25320, mod=0, topomap_module=<module 'processors.topomap' from '/Users/sss/projects/neuroviz/backend/processors/topomap.py'>
[NeuroViz] 进入40帧触发块: send_counter=25320
[NeuroViz] values={'Fp1': 86.65, 'Fp2': 84.25}
[NeuroViz] TimeFreq已生成: 12344 chars
[NeuroViz] Topomap已生成: 57832 chars
[NeuroViz] Topomap触发: send_counter=25360, mod=0, topomap_module=<module 'processors.topomap' from '/Users/sss/projects/neuroviz/backend/processors/topomap.py'>
[NeuroViz] 进入40帧触发块: send_counter=25360
[NeuroViz] values={'Fp1': 97.02, 'Fp2': 95.23}
[NeuroViz] TimeFreq已生成: 12580 chars
[NeuroViz] Topomap已生成: 61196 chars
[NeuroViz] Topomap触发: send_counter=25400, mod=0, topomap_module=<module 'processors.topomap' from '/Users/sss/projects/neuroviz/backend/processors/topomap.py'>
[NeuroViz] 进入40帧触发块: send_counter=25400
[NeuroViz] values={'Fp1': 102.54, 'Fp2': 11.82}
[NeuroViz] TimeFreq已生成: 12608 chars
[NeuroViz] Topomap已生成: 56056 chars
[NeuroViz] Topomap触发: send_counter=25440, mod=0, topomap_module=<module 'processors.topomap' from '/Users/sss/projects/neuroviz/backend/processors/topomap.py'>
[NeuroViz] 进入40帧触发块: send_counter=25440
[NeuroViz] values={'Fp1': 91.11, 'Fp2': 29.64}
[NeuroViz] TimeFreq已生成: 12312 chars
[NeuroViz] Topomap已生成: 57472 chars
[NeuroViz] Topomap触发: send_counter=25480, mod=0, topomap_module=<module 'processors.topomap' from '/Users/sss/projects/neuroviz/backend/processors/topomap.py'>
[NeuroViz] 进入40帧触发块: send_counter=25480
[NeuroViz] values={'Fp1': 75.38, 'Fp2': 107.37}
[NeuroViz] TimeFreq已生成: 12216 chars
[NeuroViz] Topomap已生成: 57516 chars
[NeuroViz] Topomap触发: send_counter=25520, mod=0, topomap_module=<module 'processors.topomap' from '/Users/sss/projects/neuroviz/backend/processors/topomap.py'>
[NeuroViz] 进入40帧触发块: send_counter=25520
[NeuroViz] values={'Fp1': 41.71, 'Fp2': 44.91}
[NeuroViz] TimeFreq已生成: 12308 chars
[NeuroViz] Topomap已生成: 58160 chars
[NeuroViz] Topomap触发: send_counter=25560, mod=0, topomap_module=<module 'processors.topomap' from '/Users/sss/projects/neuroviz/backend/processors/topomap.py'>
[NeuroViz] 进入40帧触发块: send_counter=25560
[NeuroViz] values={'Fp1': 14.13, 'Fp2': 4.49}
[NeuroViz] TimeFreq已生成: 12364 chars
[NeuroViz] Topomap已生成: 55368 chars
[NeuroViz] Topomap触发: send_counter=25600, mod=0, topomap_module=<module 'processors.topomap' from '/Users/sss/projects/neuroviz/backend/processors/topomap.py'>
[NeuroViz] 进入40帧触发块: send_counter=25600
[NeuroViz] values={'Fp1': 2.53, 'Fp2': 85.84}
[NeuroViz] TimeFreq已生成: 12524 chars
[NeuroViz] Topomap已生成: 58132 chars
[NeuroViz] Topomap触发: send_counter=25640, mod=0, topomap_module=<module 'processors.topomap' from '/Users/sss/projects/neuroviz/backend/processors/topomap.py'>
[NeuroViz] 进入40帧触发块: send_counter=25640
[NeuroViz] values={'Fp1': 4.15, 'Fp2': 96.51}
[NeuroViz] TimeFreq已生成: 12428 chars
[NeuroViz] Topomap已生成: 56320 chars
[NeuroViz] Topomap触发: send_counter=25680, mod=0, topomap_module=<module 'processors.topomap' from '/Users/sss/projects/neuroviz/backend/processors/topomap.py'>
[NeuroViz] 进入40帧触发块: send_counter=25680
[NeuroViz] values={'Fp1': 26.6, 'Fp2': 12.01}
[NeuroViz] TimeFreq已生成: 12360 chars
[NeuroViz] Topomap已生成: 57220 chars
[NeuroViz] Topomap触发: send_counter=25720, mod=0, topomap_module=<module 'processors.topomap' from '/Users/sss/projects/neuroviz/backend/processors/topomap.py'>
[NeuroViz] 进入40帧触发块: send_counter=25720
[NeuroViz] values={'Fp1': 43.33, 'Fp2': 51.48}
[NeuroViz] TimeFreq已生成: 12528 chars
[NeuroViz] Topomap已生成: 57900 chars
[NeuroViz] Topomap触发: send_counter=25760, mod=0, topomap_module=<module 'processors.topomap' from '/Users/sss/projects/neuroviz/backend/processors/topomap.py'>
[NeuroViz] 进入40帧触发块: send_counter=25760
[NeuroViz] values={'Fp1': 86.06, 'Fp2': 122.57}
[NeuroViz] TimeFreq已生成: 12220 chars
[NeuroViz] Topomap已生成: 58048 chars
[NeuroViz] Topomap触发: send_counter=25800, mod=0, topomap_module=<module 'processors.topomap' from '/Users/sss/projects/neuroviz/backend/processors/topomap.py'>
[NeuroViz] 进入40帧触发块: send_counter=25800
[NeuroViz] values={'Fp1': 102.73, 'Fp2': 49.15}
[NeuroViz] TimeFreq已生成: 12212 chars
[NeuroViz] Topomap已生成: 57008 chars
[NeuroViz] Topomap触发: send_counter=25840, mod=0, topomap_module=<module 'processors.topomap' from '/Users/sss/projects/neuroviz/backend/processors/topomap.py'>
[NeuroViz] 进入40帧触发块: send_counter=25840
[NeuroViz] values={'Fp1': 99.61, 'Fp2': 9.74}
[NeuroViz] TimeFreq已生成: 12156 chars
[NeuroViz] Topomap已生成: 58296 chars
[NeuroViz] Topomap触发: send_counter=25880, mod=0, topomap_module=<module 'processors.topomap' from '/Users/sss/projects/neuroviz/backend/processors/topomap.py'>
[NeuroViz] 进入40帧触发块: send_counter=25880
[NeuroViz] values={'Fp1': 90.75, 'Fp2': 83.17}
[NeuroViz] TimeFreq已生成: 12356 chars
[NeuroViz] Topomap已生成: 57836 chars
[NeuroViz] Topomap触发: send_counter=25920, mod=0, topomap_module=<module 'processors.topomap' from '/Users/sss/projects/neuroviz/backend/processors/topomap.py'>
[NeuroViz] 进入40帧触发块: send_counter=25920
[NeuroViz] values={'Fp1': 65.09, 'Fp2': 101.63}
[NeuroViz] TimeFreq已生成: 12540 chars
[NeuroViz] Topomap已生成: 57984 chars
[NeuroViz] Topomap触发: send_counter=25960, mod=0, topomap_module=<module 'processors.topomap' from '/Users/sss/projects/neuroviz/backend/processors/topomap.py'>
[NeuroViz] 进入40帧触发块: send_counter=25960
[NeuroViz] values={'Fp1': 42.94, 'Fp2': 104.39}
[NeuroViz] TimeFreq已生成: 12440 chars
[NeuroViz] Topomap已生成: 57656 chars
[NeuroViz] Topomap触发: send_counter=26000, mod=0, topomap_module=<module 'processors.topomap' from '/Users/sss/projects/neuroviz/backend/processors/topomap.py'>
[NeuroViz] 进入40帧触发块: send_counter=26000
[NeuroViz] values={'Fp1': 14.91, 'Fp2': 96.94}
[NeuroViz] TimeFreq已生成: 12832 chars
[NeuroViz] Topomap已生成: 58540 chars
[NeuroViz] Topomap触发: send_counter=26040, mod=0, topomap_module=<module 'processors.topomap' from '/Users/sss/projects/neuroviz/backend/processors/topomap.py'>
[NeuroViz] 进入40帧触发块: send_counter=26040
[NeuroViz] values={'Fp1': 1.57, 'Fp2': 88.33}
[NeuroViz] TimeFreq已生成: 12828 chars
[NeuroViz] Topomap已生成: 58296 chars
[NeuroViz] Topomap触发: send_counter=26080, mod=0, topomap_module=<module 'processors.topomap' from '/Users/sss/projects/neuroviz/backend/processors/topomap.py'>
[NeuroViz] 进入40帧触发块: send_counter=26080
[NeuroViz] values={'Fp1': 5.63, 'Fp2': 49.41}
[NeuroViz] TimeFreq已生成: 12500 chars
[NeuroViz] Topomap已生成: 57920 chars
[NeuroViz] Topomap触发: send_counter=26120, mod=0, topomap_module=<module 'processors.topomap' from '/Users/sss/projects/neuroviz/backend/processors/topomap.py'>
[NeuroViz] 进入40帧触发块: send_counter=26120
[NeuroViz] values={'Fp1': 27.83, 'Fp2': 22.99}
[NeuroViz] TimeFreq已生成: 12488 chars
[NeuroViz] Topomap已生成: 56476 chars
[NeuroViz] Topomap触发: send_counter=26160, mod=0, topomap_module=<module 'processors.topomap' from '/Users/sss/projects/neuroviz/backend/processors/topomap.py'>
[NeuroViz] 进入40帧触发块: send_counter=26160
[NeuroViz] values={'Fp1': 48.6, 'Fp2': 2.98}
[NeuroViz] TimeFreq已生成: 12384 chars
[NeuroViz] Topomap已生成: 55752 chars
[NeuroViz] Topomap触发: send_counter=26200, mod=0, topomap_module=<module 'processors.topomap' from '/Users/sss/projects/neuroviz/backend/processors/topomap.py'>
[NeuroViz] 进入40帧触发块: send_counter=26200
[NeuroViz] values={'Fp1': 78.56, 'Fp2': 3.24}
[NeuroViz] TimeFreq已生成: 12540 chars
[NeuroViz] Topomap已生成: 57108 chars
[NeuroViz] Topomap触发: send_counter=26240, mod=0, topomap_module=<module 'processors.topomap' from '/Users/sss/projects/neuroviz/backend/processors/topomap.py'>
[NeuroViz] 进入40帧触发块: send_counter=26240
[NeuroViz] values={'Fp1': 100.86, 'Fp2': 11.4}
[NeuroViz] TimeFreq已生成: 12548 chars
[NeuroViz] Topomap已生成: 58524 chars
INFO:     127.0.0.1:62425 - "GET /static/index.html HTTP/1.1" 200 OK
INFO:     connection closed
INFO:     127.0.0.1:62426 - "WebSocket /ws" [accepted]
INFO:     connection open
[NeuroViz] 客户端连接, 当前4个
INFO:     127.0.0.1:62425 - "GET /static/index.html HTTP/1.1" 200 OK
INFO:     connection closed
INFO:     127.0.0.1:62430 - "WebSocket /ws" [accepted]
INFO:     connection open
[NeuroViz] 客户端连接, 当前5个
INFO:     127.0.0.1:62425 - "GET /static/index.html HTTP/1.1" 200 OK
INFO:     connection closed
INFO:     127.0.0.1:62431 - "WebSocket /ws" [accepted]
INFO:     connection open
[NeuroViz] 客户端连接, 当前6个
INFO:     127.0.0.1:62425 - "GET /static/index.html HTTP/1.1" 200 OK
INFO:     connection closed
INFO:     127.0.0.1:62432 - "WebSocket /ws" [accepted]
INFO:     connection open
[NeuroViz] 客户端连接, 当前7个
INFO:     127.0.0.1:62425 - "GET /static/index.html HTTP/1.1" 200 OK
INFO:     connection closed
INFO:     127.0.0.1:62434 - "WebSocket /ws" [accepted]
INFO:     connection open
[NeuroViz] 客户端连接, 当前8个
INFO:     127.0.0.1:62425 - "GET /static/index.html HTTP/1.1" 200 OK
INFO:     connection closed
INFO:     127.0.0.1:62435 - "WebSocket /ws" [accepted]
INFO:     connection open
