0.0000,433.357639,421.445005,432.822411,400.794218,405.670815,438.400009,450.026897,498.679405
0.0156,277.386747,293.743250,336.913521,372.776018,332.257341,316.899915,329.625864,363.892809
0.0312,66.096858,72.831801,201.515922,208.709510,248.589789,206.790054,182.545234,187.677968
0.0469,114.523877,124.879123,84.330314,119.422652,104.400922,74.563994,22.664531,17.903917
0.0625,131.426838,129.733893,64.060567,100.875883,74.912436,48.227792,-48.954420,-49.948405
0.0781,-26.024131,-21.604382,88.214494,95.236144,120.826963,92.594172,-51.483883,-45.216871
0.0938,17.639942,2.635819,31.578426,38.524239,-24.403616,30.064389,50.646743,57.348715
0.1094,86.626776,79.493277,-80.049820,-79.001582,-60.913045,-57.766043,99.303795,83.537559
0.1250,-68.395827,-59.253272,-91.013312,-105.831539,-102.602109,-63.468529,86.280240,61.447418
0.1406,-0.761632,-7.019430,3.197153,-19.235086,-24.356335,-1.284615,-18.562682,-23.780753
0.1562,49.021631,84.445821,19.331166,43.880608,53.197284,-1.425758,-63.811472,-77.158568
0.1719,-32.750619,-10.843042,-11.194954,9.510320,-6.418306,-10.067692,-75.266996,-73.548243
0.1875,-36.729833,-46.976683,7.219583,-16.562721,13.295524,11.066051,6.687513,-1.220452
0.2031,79.880158,49.759595,93.262594,86.005116,96.228249,70.055444,74.994431,99.046629
0.2188,-45.846169,49.915680,116.189305,98.506904,101.749640,89.518421,90.305742,86.687887
0.2344,-60.574826,-29.479960,0.032904,50.597617,20.215595,53.494568,46.378875,7.846366
0.2500,71.632958,47.635524,-52.532518,-83.561331,-39.854154,-42.433893,-76.675059,-95.351168
0.2656,15.709212,45.676999,-37.540930,-51.436874,-58.296931,-40.020252,-92.336124,-71.052481
0.2812,-66.830599,-81.949271,-1.669919,-5.561721,-35.951172,27.832346,-25.797522,-59.950434
0.2969,-10.561109,20.106880,-20.205202,-63.489659,-40.183442,-44.145095,40.901753,80.930023
0.3125,29.331191,68.699724,-116.938897,-109.418035,-76.893728,-103.191563,86.844980,84.607379
0.3281,-59.923093,-58.467459,-24.384214,-29.121903,-45.956202,-43.669992,48.835739,58.998272
0.3438,17.295279,2.505880,76.584878,63.989603,79.054807,68.907358,-27.706413,-24.334497
0.3594,73.003513,13.734034,23.666173,100.042726,74.855048,74.430291,-109.937063,-97.370272
0.3750,-54.473028,-82.953476,17.493886,53.258473,31.067491,41.622995,-85.811804,-33.764009
0.3906,-55.340818,-56.014853,1.220917,20.814544,-14.616236,6.737249,24.800471,25.793284
0.4062,67.547416,80.456096,73.078950,71.948193,41.259679,39.320341,82.809510,108.053387
0.4219,-42.986197,32.697683,29.025483,10.835399,2.345263,24.312550,91.913560,35.596606
0.4375,-81.130146,-90.414778,-73.264298,-91.091982,-50.023629,-84.817965,-21.962599,22.659241
0.4531,65.430916,82.571897,-123.126431,-113.085222,-67.332423,-91.725167,-88.622075,-121.410981
0.4688,-11.641388,24.078868,-30.512768,-47.054712,-78.930146,-42.298277,-133.828295,-118.481716
0.4844,-33.057581,-91.214820,32.282893,8.877568,-7.284738,47.692888,-0.943768,9.497085
0.5000,119.178109,14.310058,-13.624176,19.905402,8.509419,-24.240902,88.835473,62.677278
0.5156,27.277122,11.152408,-45.718081,-26.739609,-36.737556,5.013969,118.366711,90.612786
0.5312,-60.004578,-72.361737,58.638722,77.370606,21.208349,30.109254,36.303869,22.438104
0.5469,-10.308394,31.450220,89.775981,128.720047,88.090209,112.085159,-41.492957,-67.850806
0.5625,60.886820,25.092951,109.318003,68.320921,49.084740,57.363055,-120.638535,-72.255541
0.5781,-81.754552,-71.031830,-51.152927,-63.469455,-32.009021,-8.573831,-59.172163,0.020998
0.5938,8.767509,6.425507,-56.604982,-45.582074,-50.590009,-68.229610,-1.508328,62.606859
0.6094,35.668148,52.832132,12.776308,-16.620189,-14.962384,-9.036568,76.903731,102.571263
0.6250,-76.757203,-53.855347,1.092506,-31.082005,-18.205265,-60.745378,73.500755,38.063089
0.6406,-52.227539,-24.874512,-73.429110,-88.503373,-75.035313,-69.886013,-67.996510,-41.201457
0.6562,90.751569,43.024466,-61.142208,-99.699946,-79.329964,-62.550780,-98.933574,-105.677143
0.6719,-58.999743,-2.464230,-23.371539,59.539503,-12.218555,59.069482,-82.597094,-77.141089
0.6875,-56.662980,-59.936144,75.056005,95.764233,151.674930,91.574862,-26.616852,2.215807
0.7031,89.832072,57.934333,22.681743,29.365847,68.686764,5.716404,64.296633,94.000067
0.7188,-26.713031,22.694420,22.187974,-6.544434,-4.613545,-0.172782,46.087371,74.028534
0.7344,-71.928466,-40.633337,48.708688,45.300237,46.826413,67.305335,22.578643,19.780607
0.7500,29.840124,11.468643,46.608123,30.422369,59.099481,80.101775,-105.809163,-68.598518
0.7656,36.134024,42.309241,-34.550634,-21.274005,-24.761749,-5.116961,-83.718393,-78.290287
0.7812,-86.235504,-86.228297,-107.381596,-86.125931,-78.842193,-112.293345,-34.864952,-29.304007
0.7969,42.570861,2.935351,-53.219961,-35.650309,-112.032127,-55.487187,35.298808,71.845220
0.8125,54.891573,42.538536,-17.285138,11.297064,-42.590200,-13.851107,103.620829,129.187028
0.8281,-94.099863,-52.336087,18.835407,10.030115,5.301122,-16.981636,87.326974,63.464028
0.8438,-6.769618,-17.040166,-35.520851,-32.177641,-29.495668,-4.097625,-25.950690,-56.520453
0.8594,30.018374,51.033468,39.017188,28.659143,-4.914571,46.617843,-96.627742,-112.107997
0.8750,-36.901523,-43.588833,63.854506,95.048313,106.583254,96.444633,-75.930500,-26.401427
0.8906,-20.661278,-16.966545,112.958137,87.432623,93.907581,93.179146,13.987197,24.875599
0.9062,64.003874,84.435539,-0.492173,4.702185,5.642521,-35.288405,69.812991,83.012883
0.9219,-8.024059,4.759143,-13.184355,-80.055917,-40.213789,-38.464540,92.621056,43.441664
0.9375,-55.638484,-68.457189,2.415417,14.978400,-25.396254,-8.326884,-67.714083,-0.346419
0.9531,103.263059,14.835080,-9.277177,-20.169473,-31.018861,1.648310,-130.012995,-77.062021
0.9688,1.076640,41.585750,-81.320254,-50.312732,-57.648152,-67.155498,-97.055543,-58.874010
0.9844,-74.155812,-43.954681,-73.102446,-50.145174,-68.204816,-108.133244,-34.916555,-9.469181
1.0000,70.242365,34.246158,34.599494,3.813587,-23.654800,26.229644,64.410861,79.491381
1.0156,26.980032,31.757116,81.414581,77.227223,70.564269,72.374781,107.095196,103.367294
1.0312,-80.519360,-71.744467,63.980789,71.490699,84.803149,35.605042,50.126288,19.981734
1.0469,30.786174,34.077011,-23.465612,19.362017,14.880807,-6.422870,-63.617913,-83.533135
1.0625,75.346503,75.727173,46.838054,12.585895,-0.109026,61.574389,-135.651313,-111.192565
1.0781,-88.285788,-41.274157,80.108510,37.757163,51.827006,47.241554,-51.879328,17.541137
1.0938,1.863683,-9.271052,23.765611,8.310212,29.156855,30.723074,63.831247,30.020626
1.1094,64.132233,42.469488,-88.995949,-79.634173,-85.796931,-119.495349,95.758857,79.252274
1.1250,-46.655200,-28.848272,-124.210067,-55.177328,-89.298687,-91.804532,58.835181,52.274506
1.1406,-13.247974,-29.390826,-23.272822,-26.235152,-11.238094,16.780393,-30.210375,-32.098671
1.1562,77.556597,67.443314,32.769734,30.439865,2.378790,20.676208,-121.179127,-82.246261
1.1719,-19.430512,-26.993376,-12.833564,1.846126,-1.201892,-9.077281,-102.134645,-86.555290
1.1875,-45.948393,-83.845297,1.629100,40.940636,5.766506,-37.481014,22.221023,44.889603
1.2031,76.334978,75.876434,91.035657,52.964395,104.554469,69.093702,76.034478,83.162890
1.2188,26.729250,14.378224,62.076327,123.798970,130.895451,121.813672,97.470677,71.066109
1.2344,-85.160652,-49.555523,46.333035,56.363206,43.249132,50.318265,-12.322393,38.058148
1.2500,69.628198,68.181321,-49.779340,-23.303310,-15.230247,-40.435352,-102.384916,-84.301260
1.2656,24.946475,-7.860944,-22.551217,-70.377954,-62.513501,-23.939789,-112.957491,-105.293845
1.2812,-89.855142,-78.023203,-3.343179,-23.131563,2.269084,-31.965314,-34.191159,-41.223168
1.2969,25.661855,11.889205,-15.270733,-51.579189,-42.755883,-64.105511,39.895648,103.681225
1.3125,45.345259,82.526790,-124.183203,-101.745290,-82.688955,-68.498486,56.380437,96.625382
1.3281,-53.141381,-36.975475,-32.808128,-37.974847,-8.443458,-42.889848,35.011922,69.773540
1.3438,22.787490,-2.082401,51.119380,58.285299,93.165584,69.754481,-59.992934,-80.090719
1.3594,74.013208,50.960744,61.395368,82.619474,58.546696,92.145237,-103.997857,-63.653410
1.3750,-54.121072,-74.232061,27.687512,33.754059,22.969891,15.164099,-61.945225,-85.689162
1.3906,-26.897452,-18.724004,18.598952,17.887671,-26.740509,7.667422,14.592601,4.078894
1.4062,47.724990,32.209503,51.064047,29.851679,83.983370,95.852158,103.445287,125.898563
1.4219,-43.462483,16.114847,47.856335,35.247415,57.533193,44.258056,87.410429,76.656704
1.4375,-56.229748,-50.827471,-63.756441,-53.672587,-77.641476,-17.195496,-2.426068,11.994500
1.4531,53.354816,111.278450,-131.131207,-97.922527,-120.771072,-122.796704,-84.451982,-116.319398
1.4688,26.679264,-7.183642,-32.752885,-63.426797,-48.178900,-55.953519,-83.306676,-121.137454
1.4844,-77.469343,-64.688754,29.168858,-13.420712,37.026692,46.794253,-17.858123,-4.560893
1.5000,57.554108,60.135456,9.062249,-8.087888,-12.819136,-32.854965,60.826990,95.945652
1.5156,26.188638,37.776801,14.828399,-8.634359,-9.209078,17.634577,56.487704,90.829954
1.5312,-55.691964,-84.728874,26.273124,61.017416,58.813488,25.073477,18.724228,13.914339
1.5469,33.883418,3.227902,119.012396,140.123924,63.841607,114.439822,-54.356359,-94.140626
1.5625,83.914685,89.753431,74.744901,61.374545,96.228444,87.828139,-77.808173,-66.980303
1.5781,-93.162003,-98.590012,-18.353510,-27.356062,-59.915576,-39.064250,-75.414128,-59.714351
1.5938,-20.155903,21.329848,-50.026934,-50.740133,-75.135727,-66.224984,64.934897,68.701283
1.6094,71.089843,55.507353,39.540960,-5.323631,-12.206521,-37.315625,109.201843,104.896166
1.6250,-59.580671,-44.237039,-14.815162,-51.845143,-31.904943,-26.600884,73.130354,62.386772
1.6406,-17.517666,-32.351595,-46.490010,-99.938231,-95.028909,-105.108440,-38.108394,-22.850491
1.6562,65.683935,66.262556,-60.448711,-84.614673,-58.067886,-59.808714,-85.037038,-93.355865
1.6719,-45.836076,-8.082537,22.042980,44.529555,20.028394,38.365277,-79.594736,-117.448341
1.6875,-27.730634,-55.521501,104.602644,112.423688,107.136280,91.315782,-20.198405,11.153915
1.7031,60.240970,43.316839,49.515484,22.152657,49.848363,51.523817,98.883326,115.614757
1.7188,-29.427452,51.108310,-9.910384,-1.965247,-26.457084,16.600891,71.753255,78.276000
1.7344,-60.637731,-17.214202,68.362592,49.629260,23.417032,41.114085,-24.208885,-13.391700
1.7500,21.127922,60.091538,57.186005,63.918529,31.907072,80.090733,-57.569823,-79.983633
1.7656,-2.381963,38.361681,-17.617976,-42.863388,-56.023173,9.959654,-83.639082,-89.245767
1.7812,-87.677235,-87.332649,-97.119578,-119.993042,-103.735059,-91.717067,-13.217279,-40.740911
1.7969,44.514017,38.669997,-69.540079,-83.185782,-58.489192,-71.407980,68.322971,73.841130
1.8125,55.735202,55.016008,34.650382,-4.422437,7.198847,6.561831,82.215171,119.026662
1.8281,-82.314019,-32.693983,-2.721079,43.239374,34.158148,-10.438453,32.972232,65.902441
1.8438,-21.361566,-27.037491,-49.714032,0.034729,12.785365,-18.833665,-11.063610,-38.688224
1.8594,47.935600,42.905599,10.958265,24.273465,-0.633803,13.660928,-99.562391,-64.486856
1.8750,-77.175145,-5.244789,77.297359,109.152855,98.111153,66.402721,-65.673394,-71.854197
1.8906,-6.740217,-48.147838,55.098514,91.261871,96.676437,58.240760,4.633082,32.972779
1.9062,54.268624,100.483494,5.866139,-14.314297,-10.371436,18.849096,99.936415,57.026336
1.9219,-50.042601,16.081398,-27.659252,-70.323419,-38.893218,-54.268877,44.540607,76.071855
1.9375,-30.347221,-43.285284,17.250402,0.219799,-45.525076,-41.642137,-39.882567,0.827317
1.9531,46.221208,62.441522,-18.590236,17.331797,-3.543451,37.733258,-122.969791,-69.189338
1.9688,-23.620028,-5.540034,-74.604367,-54.155160,-48.316787,-61.352425,-127.836970,-95.907931
1.9844,-67.462310,-41.729675,-82.705935,-116.780394,-71.039640,-84.791825,8.988031,13.282938
2.0000,54.093355,68.975728,-3.124248,1.308849,-0.030405,-8.309246,71.535140,91.732746
2.0156,5.038201,34.608691,91.543434,94.295188,91.202998,101.749489,97.791779,120.515299
2.0312,-63.644882,-61.656441,51.613119,91.665298,43.610086,65.764437,23.424651,23.724930
2.0469,4.147958,10.825173,23.583634,9.329415,42.088921,16.195335,-31.212730,-66.803412
2.0625,36.425968,48.462032,33.813672,40.292222,21.518318,32.142135,-127.447520,-98.414094
2.0781,-65.964507,-71.333476,31.669974,48.272492,57.092044,43.441419,-31.981983,-36.833829
2.0938,-4.080893,7.555425,6.632799,-3.656778,8.242116,8.394282,60.735363,23.743306
2.1094,80.680698,72.458346,-69.225282,-81.219383,-92.149148,-75.774722,107.168229,79.155542
2.1250,-64.192904,-51.852186,-80.084445,-121.374647,-160.693144,-99.240655,63.017066,59.182410
2.1406,-19.379135,-63.990888,-14.789981,-69.026541,-48.791532,1.297655,-24.843425,-10.259473
2.1562,32.760404,82.343888,-5.250239,37.914651,23.812204,18.851209,-102.966330,-96.823539
2.1719,-24.240067,2.329723,-21.930814,-69.492897,-23.537453,-7.474682,-84.776670,-85.426267
2.1875,-39.151191,-66.313594,14.808158,-42.166313,5.511428,1.954202,-15.384513,1.769588
2.2031,79.601717,32.336968,22.096701,78.135064,69.866571,41.511832,86.206723,94.783713
2.2188,26.188035,-14.935671,51.713364,124.478520,114.479725,76.618510,97.337589,48.960907
2.2344,-36.369040,-66.358900,39.268517,48.033771,8.155831,16.031704,3.361030,59.724794
2.2500,36.318820,28.209118,-38.593686,-54.222250,-62.651913,-41.469307,-84.852318,-61.523520
2.2656,11.410803,19.592705,-43.549963,-37.829435,-35.089957,-24.351172,-71.826109,-57.795730
2.2812,-63.048729,-81.567800,-26.124885,32.472190,14.228583,-21.910987,-5.014489,0.049745
2.2969,48.630296,46.882575,-59.273927,-27.900159,-72.050130,-66.736947,72.880529,60.555990
2.3125,62.376962,21.533840,-99.299059,-73.391858,-95.034185,-57.209960,91.804271,118.205634
2.3281,-53.805173,-51.401987,-3.998426,-44.612235,-3.241342,-26.983245,55.740652,36.485659
2.3438,7.306029,-18.777504,80.720453,53.107492,97.585022,66.666606,-19.235043,-76.697439
2.3594,93.701580,67.805137,69.924218,125.968424,54.540975,98.007989,-97.542347,-107.832348
2.3750,-75.143607,-30.200754,27.782183,27.351084,24.928270,25.095017,-73.385132,-46.299714
2.3906,-52.340229,-44.844323,-9.213348,19.700019,-22.974799,-12.278000,17.880292,38.830431
2.4062,50.966799,18.393879,39.907077,85.361300,67.310076,35.713219,84.723894,67.225062
2.4219,-73.073477,-13.172468,11.468265,49.975006,8.758987,6.105050,60.127910,81.412842
2.4375,-39.154036,-62.353863,-79.089006,-37.088921,-76.047561,-64.476419,-0.897226,-50.029869
2.4531,39.826085,53.184687,-112.723622,-89.295684,-137.978854,-126.512070,-81.082289,-89.235966
2.4688,-25.034977,-21.143151,-63.558697,-47.730827,-61.326956,-23.599006,-90.173671,-125.704787
2.4844,-92.935672,-39.394956,5.040507,12.668738,12.775566,10.031601,-4.666881,2.282341
2.5000,76.415743,9.341404,11.233011,8.143300,5.830330,19.803687,74.335288,101.968357
2.5156,7.676610,6.978986,30.162258,2.711242,-23.882755,-29.380543,110.792902,117.763807
2.5312,-49.447579,-77.102311,39.124578,32.894266,35.062309,60.226450,39.194097,16.490863
2.5469,34.941466,41.014299,129.861796,91.671353,135.058645,127.945134,-68.754303,-64.158913
2.5625,14.266446,22.888532,53.145698,60.637409,66.548840,86.757534,-100.794583,-94.952907
2.5781,-104.001578,-80.819384,-78.261251,-49.850842,-60.459316,-14.679784,-13.320240,-60.268496
2.5938,7.305338,-19.235323,-21.157028,-48.610480,-72.257093,-63.123677,33.489600,41.398465
2.6094,63.518366,76.232488,-21.062644,-47.248107,-10.197708,-11.450461,108.101377,78.169371
2.6250,-60.527025,-37.941470,25.104988,-48.519882,14.997394,-47.292872,91.950362,35.150772
2.6406,-10.402794,-39.294096,-82.611304,-134.567473,-61.810856,-75.901149,-20.974920,-16.133767
2.6562,56.787716,76.945752,-63.698184,-97.327771,-66.611056,-75.223999,-85.738490,-99.495464
2.6719,-42.206960,-55.098024,38.571897,15.487183,34.120211,39.674151,-61.582134,-61.397476
2.6875,-33.760394,-72.612367,99.643676,66.647730,69.130621,54.029860,30.570926,-4.105336
2.7031,36.429132,71.188373,33.587895,31.986318,57.724168,41.359161,95.675042,95.420660
2.7188,-21.153518,10.190456,32.975038,-0.870345,-10.523141,20.824384,66.895424,70.483199
2.7344,-81.381364,-60.835972,71.549884,30.214749,16.371680,-19.125685,30.815995,38.736590
2.7500,59.126730,33.825329,24.715811,48.061956,41.298007,16.146477,-106.053199,-67.687169
2.7656,-13.966024,28.892146,-17.740412,-28.732827,-24.452247,-9.992632,-85.090354,-100.848037
2.7812,-82.117569,-73.357974,-95.685735,-114.899376,-137.060112,-126.520307,-39.187693,-5.504341
2.7969,30.653067,43.313106,-56.577523,-93.992928,-64.936718,-90.643991,58.672070,46.471664
2.8125,54.704923,74.326954,1.808955,1.076888,5.158472,-4.234458,101.511894,105.566627
2.8281,-69.337113,-86.025290,33.454879,44.218197,9.992630,53.752146,42.235296,53.020256
2.8438,2.292426,3.797175,-26.015586,1.664947,10.619999,-26.339464,-46.570470,-25.726222
2.8594,68.811904,36.919540,54.548010,-17.851564,24.443745,25.225874,-50.120648,-111.630516
2.8750,-42.419359,-46.795156,76.757951,102.029999,85.079943,106.762089,-67.336508,-47.743797
2.8906,0.352848,-41.508035,117.734508,38.312884,81.448348,75.139099,70.719837,37.525522
2.9062,48.015401,71.583275,5.423774,21.978279,15.466084,-8.482932,118.159535,98.645703
2.9219,-5.063179,-28.259974,-69.192499,-70.219435,-73.268884,-52.105617,67.067198,39.722478
2.9375,-32.397458,-62.399772,-40.306673,-51.945313,-43.074635,-16.630931,16.287857,-19.885183
2.9531,83.515941,39.928976,-13.107314,-17.691570,11.292760,5.264941,-76.576861,-102.546179
2.9688,-0.657614,-11.640664,-36.954611,-63.394710,-88.807015,-40.333995,-68.507624,-75.338080
2.9844,-31.476075,-104.103012,-106.982268,-52.259222,-117.604795,-92.626768,-4.174159,-32.181007
3.0000,38.190162,48.984373,-8.672142,-4.780530,0.930381,46.072962,87.483021,56.298976
3.0156,-23.087109,45.327926,83.099450,96.255270,78.819359,91.862400,108.842571,96.628394
3.0312,-77.066260,-72.289314,55.731782,114.838593,26.169332,41.825225,26.326034,1.765294
3.0469,25.913468,-9.199703,6.590504,-2.213760,22.099003,-36.014115,-76.737528,-91.860340
3.0625,10.890341,72.195605,61.877088,4.921722,32.498417,49.309018,-107.116819,-89.205539
3.0781,-66.587082,-59.537724,58.110991,45.686349,75.260191,23.813601,-63.099747,-16.815012
3.0938,-22.288767,1.213156,20.726498,9.820562,6.781802,13.299190,25.581035,34.288058
3.1094,75.902103,87.281746,-80.787806,-59.669745,-33.838422,-51.146202,91.524749,115.104039
3.1250,-58.276006,-80.127514,-87.717086,-70.960256,-100.578737,-94.673497,61.719227,65.562081
3.1406,-8.102452,-21.921109,29.752200,-15.014889,7.351008,-30.064127,-3.693309,-50.084264
3.1562,126.102218,55.579148,33.321652,3.797285,22.279878,19.595503,-99.886915,-107.795087
3.1719,-46.763285,-6.347367,1.931406,-31.367110,-13.444383,-49.234545,-88.324233,-67.971417
3.1875,-62.802642,-50.625656,-20.603933,2.272238,13.115406,-11.801991,6.480303,0.715038
3.2031,89.663860,70.188142,79.659093,80.881562,59.123921,67.430378,69.172153,68.312205
3.2188,-17.308965,-4.984439,100.985593,105.003491,101.847592,80.755989,59.761364,113.645232
3.2344,-39.693005,-96.382204,19.835772,35.492192,9.615076,53.486595,27.480902,10.680576
3.2500,48.195743,32.466134,-49.805521,-99.016895,-19.490044,-1.687118,-74.090612,-85.939664
3.2656,36.446006,62.548216,-27.084008,-45.988920,-18.231846,-14.363631,-90.042521,-84.828521
3.2812,-81.758261,-71.167937,-1.717969,-20.995344,-29.247487,-18.674799,-9.680515,-66.103238
3.2969,46.102428,40.525349,-46.961691,-30.652825,-50.354879,-61.923975,61.592845,64.835135
3.3125,44.604431,78.492573,-69.205179,-63.038669,-88.768746,-97.385930,124.416090,73.769956
3.3281,-79.232592,-25.578913,-34.277667,-73.155394,-49.027769,-11.225412,33.125685,34.426154
3.3438,1.819894,-22.874631,86.241209,29.579590,78.948085,75.553891,-45.215148,-25.867812
3.3594,46.487370,103.240025,97.250981,72.785906,57.641519,125.718697,-101.252419,-72.224435
3.3750,-39.883418,-22.578279,36.860703,37.468252,31.197712,3.820603,-26.905636,-48.263048
3.3906,-1.646209,-47.590534,50.277515,10.294890,15.685486,15.178944,35.699828,34.867483
3.4062,84.140124,91.253682,37.012900,79.775902,63.437302,42.992272,93.326319,62.981467
3.4219,-32.818284,-49.362484,55.523734,9.575881,10.432830,32.114898,83.209558,79.123404
3.4375,-7.702206,-26.116878,-53.979746,-77.406308,-35.751035,-87.010358,-9.693154,-37.555019
3.4531,126.382634,56.140664,-96.824904,-87.057100,-80.928986,-89.651191,-97.917023,-112.216186
3.4688,-2.453255,19.260293,-38.964377,-72.817153,-39.422905,-49.169340,-54.877010,-52.777259
3.4844,-53.683789,-73.723383,60.889179,38.987010,31.424926,-7.652515,7.204161,-0.203627
3.5000,38.674511,42.001667,26.105128,-9.087841,12.791801,-17.129722,79.377185,83.905497
3.5156,10.248766,63.121045,5.858527,1.173992,6.834922,-34.174008,87.676991,84.848129
3.5312,-52.647019,-67.248972,20.982258,18.191502,14.816803,53.872884,8.557806,29.892801
3.5469,22.870329,42.684789,70.586011,121.921157,109.529989,123.485539,-89.563176,-41.636085
3.5625,26.044198,78.330357,81.547573,31.973273,69.933025,55.668555,-89.328671,-102.124729
3.5781,-75.556207,-37.217002,-24.001474,-48.127857,-16.082151,-6.326219,-54.345295,-19.880339
3.5938,37.381779,-5.324648,-88.329224,-66.275981,-45.528660,-83.670905,58.836419,71.551878
3.6094,45.021774,24.010594,-20.334376,1.504414,-23.445934,-9.453472,128.241779,72.946695
3.6250,-56.721140,-47.097411,-14.830576,-4.226917,-22.810419,-53.141298,65.427990,43.071724
3.6406,-15.332943,-39.900059,-79.561523,-95.047969,-78.343250,-103.992587,-10.297152,-35.737218
3.6562,76.253320,67.637007,-65.757932,-52.388242,-58.940694,-87.328747,-111.914639,-102.485778
3.6719,-28.611013,-4.969558,49.691771,85.835852,43.993553,63.613095,-41.851935,-92.547750
3.6875,-56.975369,-59.906901,62.038419,114.907234,118.299388,85.737957,-11.935458,-3.480341
3.7031,70.622783,48.892949,-12.966119,21.610417,49.746547,63.608954,60.408996,104.322957
3.7188,-35.451969,-10.204237,-2.349416,-14.256711,29.543860,3.477567,101.326118,87.654015
3.7344,-78.644126,-49.765665,37.759781,49.510137,62.094620,53.230272,19.715128,35.519346
3.7500,67.306820,38.303562,27.781820,61.127318,73.230410,53.080219,-100.153698,-77.714454
3.7656,31.486595,45.995446,-74.701279,-16.690971,-2.132246,-18.050216,-132.031802,-77.627180
3.7812,-55.573906,-94.705269,-103.079048,-133.566563,-101.421805,-113.158588,-27.323340,-40.424466
3.7969,-11.483614,49.199420,-83.955678,-95.005660,-80.952231,-64.788204,32.888125,62.560549
3.8125,20.201060,56.695446,-17.773183,43.890775,3.249906,36.803839,77.857018,78.571250
3.8281,-73.517536,-41.626457,39.269050,36.687365,7.533103,-3.776280,52.710676,55.666220
3.8438,18.521714,-17.033917,-14.395830,-12.341000,-20.176813,-17.284726,-58.776030,-85.490669
3.8594,79.436970,69.372094,14.143099,-30.372839,43.416509,40.842987,-114.804435,-76.570178
3.8750,-39.614966,-49.218696,107.486622,113.402597,120.339038,79.618260,-89.502768,-83.380676
3.8906,-22.139937,-39.711722,88.534970,59.321902,86.798290,94.228828,61.143184,31.567786
3.9062,61.924104,47.900082,-31.276708,1.883712,-3.204581,-11.141131,101.236690,96.704517
3.9219,-6.434546,-21.216078,-46.759606,-26.854230,-51.090359,-42.219714,71.953911,60.634057
3.9375,-65.167783,-41.485634,-28.527615,-18.005067,-29.125697,-60.034048,-33.761432,-23.100692
3.9531,96.718014,75.466617,-14.480783,43.014149,-6.568563,5.763541,-93.816770,-109.727043
3.9688,17.127818,-10.298556,-81.524101,-72.739449,-49.808177,-59.357903,-87.154727,-110.240679
3.9844,-76.293178,-91.442413,-70.206462,-99.105410,-102.241312,-79.532229,-42.760988,-45.462928
4.0000,66.240831,56.244766,-1.690503,-19.532805,-21.748383,8.284284,47.776129,52.417492
4.0156,20.607618,7.738709,77.426096,97.858223,98.618842,101.807391,106.013180,103.486335
4.0312,-60.107502,-59.501787,66.478117,49.750877,72.276681,81.201572,44.947736,22.403704
4.0469,56.126899,28.055665,3.979279,-4.121982,3.626299,7.111182,-44.975897,-60.124922
4.0625,64.726294,32.865816,15.875746,0.704336,36.109611,-13.730549,-72.302349,-85.901757
4.0781,-85.875066,-22.237324,50.591983,-8.541781,55.051194,21.883026,-45.169543,-16.988808
4.0938,22.005597,-10.322242,22.851142,3.583755,-11.880658,13.764450,32.722810,36.189490
4.1094,81.968916,86.520007,-115.481878,-54.185285,-75.859524,-74.247484,120.574187,137.588021
4.1250,-44.348326,-49.184574,-98.267259,-100.116251,-90.311342,-96.138237,78.606212,89.420736
4.1406,-14.096918,-51.357782,-49.323444,-34.350286,-20.379108,-11.803216,5.624724,-23.985008
4.1562,80.796542,56.444891,6.422410,24.596104,22.347018,23.720363,-107.890471,-73.403947
4.1719,1.286825,-15.155226,-2.391428,-8.361924,-21.618147,5.963805,-44.333643,-84.314891
4.1875,-36.536587,-30.840925,-13.822851,17.279400,-15.329556,22.814750,26.843853,-2.232542
4.2031,84.963083,78.605181,49.209688,105.073965,57.463584,67.057089,98.023442,99.456048
4.2188,-7.936220,56.238317,120.512754,130.374569,100.693057,132.438109,76.518107,81.573637
4.2344,-46.983639,-122.122199,49.782352,27.006822,-6.397428,-4.151901,-4.884304,15.288849
4.2500,87.553623,36.107157,-44.950125,-64.218210,-50.168784,-54.596992,-51.985898,-51.986652
4.2656,1.675958,60.348542,-59.735292,-33.836723,-30.213631,-53.405102,-121.537264,-121.217666
4.2812,-80.118476,-71.047554,-16.726581,-26.757543,-17.489010,6.554684,-12.608559,-9.729810
4.2969,-1.438098,-10.069818,-37.932359,-70.846105,-36.621208,-44.147053,50.478038,28.471152
4.3125,79.794240,62.359255,-99.214955,-73.726021,-118.323984,-74.279690,94.539123,108.890671
4.3281,-63.521465,-68.313970,-27.050872,-25.018062,-60.746703,-24.159925,48.934451,58.163623
4.3438,0.837227,15.548445,65.839209,60.037003,81.520749,53.716960,-43.293938,-25.129417
4.3594,63.910517,50.590396,98.769336,86.837462,85.172692,60.971684,-86.441641,-82.687740
4.3750,-45.541274,-40.465262,64.310525,8.959965,25.228967,19.674302,-56.146424,-57.495018
4.3906,-11.709399,-30.365525,3.279765,-8.353631,24.669361,4.877061,31.091477,-1.618720
4.4062,71.572208,77.776018,21.310848,77.755057,34.325380,88.126633,118.322086,116.914120
4.4219,-38.221523,-27.831224,22.824351,27.739771,40.490879,67.258089,52.766398,73.099841
4.4375,-27.931615,-83.138301,-37.921144,-58.899559,-30.609478,-34.402551,-23.154393,3.550493
4.4531,59.869873,86.637709,-113.474587,-108.542313,-86.209777,-93.111886,-86.130787,-36.943617
4.4688,-4.772047,33.693088,-29.140713,-25.493865,-33.034147,-72.121474,-77.284975,-98.320036
4.4844,-58.763757,-24.390069,40.148975,50.250083,18.125678,-10.826735,-20.256464,-7.195845
4.5000,23.686305,49.239163,-6.529919,2.286678,20.468024,5.268227,47.890024,98.722272
4.5156,36.235341,43.113697,2.211642,-40.935877,-24.462003,-41.328504,64.174719,120.062203
4.5312,-36.362230,-66.906342,35.693653,69.437941,37.475391,76.502279,21.347210,62.052607
4.5469,36.316350,3.251763,110.897244,94.643466,103.869804,97.313195,-28.848819,-120.557838
4.5625,30.437796,31.571069,50.658593,53.965770,36.751997,18.100642,-129.881902,-110.731587
4.5781,-107.218992,-59.021662,-52.932076,-23.975190,-50.051361,-26.192879,-80.578185,-40.153832
4.5938,0.435435,42.796386,-100.146945,-7.549499,-73.392582,-32.425095,31.328969,64.938418
4.6094,64.848235,66.998360,-23.284043,1.230432,-3.822866,8.817087,134.235263,84.013083
4.6250,-32.889083,-61.891107,-16.999530,-37.371335,-7.186137,-49.124174,55.388200,50.294236
4.6406,-34.794342,-12.721438,-75.354940,-67.308174,-89.483809,-68.817093,-61.757082,-14.639889
4.6562,52.718358,69.358383,-43.606375,-59.298861,-43.962678,-61.408962,-81.078919,-77.679907
4.6719,-29.308636,-14.850693,44.908735,42.975209,69.855762,4.620227,-112.848502,-95.995726
4.6875,-87.768552,-43.628841,66.743336,104.578620,82.330236,119.998443,-15.381928,3.295017
4.7031,59.083424,63.813116,39.290240,55.435587,19.668185,58.446753,99.570025,130.638056
4.7188,-3.772248,0.755919,20.511738,36.214022,11.160700,35.523441,106.305436,122.665346
4.7344,-61.385198,-57.253092,50.122103,58.413011,33.182447,51.849042,20.630550,31.153333
4.7500,82.893508,87.801681,88.076097,72.555000,31.637168,43.325436,-89.793165,-47.652075
4.7656,49.280190,32.579122,-21.136792,-21.775633,-14.931679,-16.289054,-90.963424,-120.427260
4.7812,-43.060924,-77.309892,-81.636225,-75.930412,-109.755726,-110.023921,-33.591495,-31.835245
4.7969,17.121391,-23.442734,-57.278886,-96.741860,-88.921698,-93.617490,65.086949,61.014176
4.8125,46.802992,22.049340,9.933923,14.711567,-16.066806,12.672732,136.267952,80.234021
4.8281,-63.792898,-96.402928,1.230237,39.575967,-6.360730,28.684747,43.727600,78.190511
4.8438,-12.178341,13.069600,-22.852026,20.296960,-27.872868,-3.212373,-18.053529,-26.511715
4.8594,50.898985,74.499307,14.094129,27.522671,7.514159,13.090324,-91.860974,-105.269317
4.8750,-23.832055,-32.020080,101.232771,57.355023,103.144733,115.494157,-73.834535,-113.999273
4.8906,-23.300913,-66.377796,116.559383,42.004312,80.418637,77.893072,23.020111,35.886738
4.9062,37.143028,107.560465,-45.106675,26.863451,35.118142,-28.600543,74.119778,105.284971
4.9219,-18.796426,-26.665972,-70.876092,-38.531824,-43.322555,-54.645632,74.105610,79.977797
4.9375,-27.176098,-40.219343,8.142699,-29.260449,-38.376662,-31.397443,-4.845882,4.206980
4.9531,87.692092,33.388096,14.421714,-4.905327,-3.513175,-25.961204,-118.727170,-70.624339
4.9688,-17.464723,32.941169,-72.427582,-20.558736,-103.961461,-62.700433,-83.110035,-104.990502
4.9844,-48.159137,-38.386730,-106.044058,-89.733252,-56.968081,-86.720497,6.362965,-28.443823
5.0000,454.184651,450.686314,405.433760,406.300247,408.773197,421.815864,479.616887,480.598011
5.0156,271.886525,291.339802,331.871663,348.120832,311.252905,324.903288,322.345136,323.077156
5.0312,100.887522,69.255009,223.174930,191.168130,166.906652,249.972344,181.420557,173.617448
5.0469,76.981529,113.567812,81.951738,48.879720,113.139617,71.144843,42.394269,23.529645
5.0625,102.518180,103.192438,79.741168,110.857194,81.812888,50.026909,-5.514626,-49.003492
5.0781,-49.665380,-9.474545,115.152510,104.205514,80.422162,105.673464,-3.298719,-45.379563
5.0938,35.103819,18.657551,18.262825,9.159434,30.718818,27.154914,74.411876,91.398216
5.1094,107.363443,91.436049,-79.130591,-133.530155,-100.837008,-49.044465,132.560461,116.189339
5.1250,-109.090024,-28.279456,-101.366805,-109.045928,-83.722265,-87.730133,47.681475,69.396469
5.1406,-43.870294,-39.290699,-14.139153,-5.198512,-17.441267,17.564987,-27.428396,-43.743051
5.1562,79.432441,67.639780,21.148196,32.518554,27.098978,57.187522,-106.021570,-82.757683
5.1719,-25.039729,-31.000685,-70.226041,-5.328076,-28.204298,17.414192,-63.174901,-78.499637
5.1875,-15.351929,-67.819920,6.056630,-5.714924,-2.052858,-16.919165,-5.925268,2.737454
5.2031,34.341927,55.817116,86.905515,69.699840,84.010820,94.566754,87.871510,88.024868
5.2188,11.047720,12.796815,109.268495,114.465296,110.129359,110.478680,72.521743,91.878854
5.2344,-36.766693,-54.425740,60.559690,30.220487,22.590424,20.326175,-3.863782,20.888598
5.2500,17.302527,48.022449,-34.181379,-82.467228,-39.889717,-61.796513,-57.739745,-74.654588
5.2656,31.836883,38.028427,-94.550270,-52.701307,-27.052764,-38.362070,-109.951110,-105.094444
5.2812,-78.027513,-45.920366,7.127955,-9.869312,-23.526702,-9.014019,-55.608908,-26.932029
5.2969,-0.542520,39.086095,-64.658478,-20.686557,-92.024516,-35.170140,95.924203,46.200894
5.3125,-5.690495,74.721510,-88.657333,-80.862722,-65.551552,-79.157136,57.882560,90.034824
5.3281,-88.862886,-64.437528,-23.470174,-39.847874,-51.473388,-10.840031,67.644427,72.050810
5.3438,-22.953839,-37.714401,75.040741,72.486547,33.348548,24.731625,-34.344963,-36.379026
5.3594,72.794938,86.269206,92.171213,127.809152,49.102688,99.715065,-99.112440,-64.821386
5.3750,-72.704271,-62.529414,46.779112,29.281620,16.749415,5.059485,-87.063775,-78.195628
5.3906,-9.975123,-57.088542,40.205816,-29.825136,65.843198,-11.973397,23.165399,23.529868
5.4062,104.280069,65.802346,20.323438,67.974044,68.743680,48.393003,116.388668,66.445092
5.4219,-58.438176,13.177141,8.514856,24.962111,21.668468,20.248606,66.498732,93.599638
5.4375,-24.565042,-33.778468,-59.144630,-66.479130,-71.706131,-70.895805,-14.102357,-31.032107
5.4531,57.323757,104.264169,-124.192806,-109.957841,-80.691867,-81.539449,-121.577412,-79.219436
5.4688,14.870425,44.721163,-5.066517,-29.935118,-46.438908,-69.404433,-38.074034,-97.961717
5.4844,-79.512392,-59.545110,19.075620,69.846358,14.708810,39.431550,-13.589881,-17.354466
5.5000,73.346664,36.762322,-21.398848,-2.580198,14.345689,-9.616477,87.828639,59.262118
5.5156,9.548491,50.996904,4.519370,-13.434858,-38.649998,-17.375730,133.081838,91.702167
5.5312,-65.915157,-84.904812,35.082984,72.391651,61.012686,66.742326,24.437546,2.581322
5.5469,33.491597,-12.699598,126.662218,98.979132,123.642854,93.176170,-83.227839,-56.067341
5.5625,35.005829,12.781737,66.094024,54.635861,103.486974,65.787987,-97.146897,-118.054745
5.5781,-88.890740,-78.625268,-10.716065,-64.528247,-71.015066,-37.559629,-93.453446,-47.507150
5.5938,-17.534800,-30.168296,-57.593434,-62.195128,-55.906821,-37.249455,18.900895,19.747979
5.6094,71.400047,57.442445,-12.217956,-13.193500,6.640737,-37.546032,83.765628,83.693906
5.6250,-89.222453,-25.264647,-47.147968,-55.384038,-14.922690,-50.894702,57.578262,72.611039
5.6406,-20.707323,-46.833979,-39.996578,-98.778422,-43.706762,-81.768569,-34.556035,6.558485
5.6562,57.832852,77.181179,-62.215551,-43.605811,-29.788857,-67.080780,-95.637781,-98.275812
5.6719,-21.906467,-38.485713,41.564660,7.369765,25.754131,47.809784,-57.762413,-40.749147
5.6875,-43.187020,-53.807008,104.146455,79.885961,82.668209,94.265672,9.233676,25.198502
5.7031,66.498585,41.564715,56.110004,80.633539,17.222891,58.044312,92.609118,95.352851
5.7188,13.605351,-23.339422,23.446709,-12.164041,7.166597,37.404100,51.163004,76.878328
5.7344,-75.600939,-38.690907,-0.532514,16.257048,65.065045,17.200400,-1.343500,4.639765
5.7500,87.389633,53.049029,66.673404,46.541311,37.640684,48.704005,-76.709325,-81.983670
5.7656,11.839806,45.588800,-48.176729,-2.185965,-26.846729,-6.147737,-142.894970,-109.693269
5.7812,-77.706871,-85.635002,-109.470871,-80.108626,-81.897113,-138.186636,-30.352368,-21.329791
5.7969,35.641414,-21.694336,-90.749569,-32.467169,-101.010986,-87.800155,66.039778,66.247943
5.8125,50.000706,35.279706,5.288439,-11.509331,-9.993774,0.300748,86.734465,103.924637
5.8281,-61.503178,-19.153564,18.137458,33.721655,20.976506,16.992880,79.994579,72.940539
5.8438,-0.428429,-22.815915,12.236651,-7.617416,-24.598060,26.234407,-51.154090,-72.192232
5.8594,25.502372,80.918721,-5.884257,19.466584,10.462145,25.163953,-57.840130,-109.219746
5.8750,-48.552795,-52.297838,92.558656,85.101514,120.770641,77.690054,-44.656487,-71.018778
5.8906,-20.697397,-37.399111,127.311182,104.624635,111.678109,72.106289,27.461347,11.756839
5.9062,30.099761,58.794857,-49.670004,6.936970,2.653527,-11.941881,93.491126,79.073677
5.9219,-33.885920,-8.123715,-12.789809,-68.527793,-48.598229,-68.710591,108.648723,51.280216
5.9375,-52.875687,-53.184012,-20.152152,1.122589,-1.333221,-32.362894,16.526440,-40.682446
5.9531,52.028844,62.875120,-0.083797,15.402892,-11.261377,-21.464241,-100.607853,-73.687081
5.9688,-0.088903,28.802160,-72.979135,-72.370806,-51.854888,-86.265068,-116.662412,-97.476014
5.9844,-57.817396,-78.950661,-80.410164,-80.087788,-87.007845,-76.709821,12.848588,-35.209763
6.0000,26.898448,67.734938,-2.832941,29.355578,10.991562,14.048737,71.590246,74.732282
6.0156,10.647840,28.759349,99.391553,104.901632,84.940152,77.878968,105.844426,77.873813
6.0312,-50.543252,-91.540907,51.465570,34.252177,66.744414,72.697344,3.671845,54.185375
6.0469,47.277585,4.758607,0.860820,9.958744,36.028291,3.851389,-94.121847,-65.821473
6.0625,30.241140,68.988638,11.183818,17.044226,35.912972,4.602516,-88.917791,-94.912972
6.0781,-37.236602,-51.988346,61.064644,44.940427,87.033111,65.411688,-39.014190,-88.992451
6.0938,21.440381,-0.568684,22.661607,34.926573,10.574579,23.780395,26.536389,48.133787
6.1094,50.821578,78.412209,-76.763002,-90.654681,-76.870567,-81.765589,111.565143,89.989010
6.1250,-32.319134,-30.365222,-98.072085,-113.599140,-109.146568,-112.751147,83.399372,61.122234
6.1406,-17.391851,-44.972322,-17.432500,7.054243,18.101525,-62.662438,-46.915132,-1.542856
6.1562,52.070167,35.324242,17.093661,22.246102,31.052168,35.497837,-126.963272,-104.864945
6.1719,-57.313962,-24.437312,-58.953205,8.301458,-30.630350,-26.371816,-70.070331,-71.543409
6.1875,-34.704672,-43.563705,12.621596,1.075476,40.853756,0.012146,10.306015,43.792627
6.2031,95.606988,52.016991,79.960591,60.865247,57.576692,73.820370,100.852921,84.175807
6.2188,7.278997,5.263853,146.502735,124.001026,101.026366,86.609749,55.269892,64.085585
6.2344,-71.625931,-72.987594,21.568499,32.602399,38.434652,33.895153,13.644217,-19.722298
6.2500,35.366431,46.205853,-43.843352,-35.263053,-77.296550,-68.018295,-64.930301,-88.459435
6.2656,13.346148,35.580109,-29.866535,-17.031223,-35.787473,-51.504921,-98.573356,-86.246477
6.2812,-82.808659,-77.183461,4.947911,-2.828526,-3.088127,-13.854600,-25.357525,-15.563575
6.2969,44.913362,0.320583,-66.114628,-59.371378,-37.696224,-49.740382,47.998486,53.678595
6.3125,47.492766,62.273427,-94.834109,-69.960205,-76.331937,-86.553930,101.400030,98.012485
6.3281,-70.290155,-72.313939,-57.886904,-25.937114,-34.604073,-19.106895,65.249685,11.690964
6.3438,14.818393,-4.409207,31.697643,77.578641,51.383672,52.210104,-34.464322,-81.079014
6.3594,60.652396,54.926137,75.317060,78.626393,65.687995,73.061905,-100.611398,-147.846793
6.3750,-50.392442,-9.993441,44.499617,27.044515,-23.711582,22.650295,-95.234831,-93.259841
6.3906,-32.354249,-44.901290,39.172622,22.481804,24.168961,4.380931,18.669379,6.032250
6.4062,83.676468,65.583758,19.328510,74.746824,28.108511,35.193167,137.011773,116.659697
6.4219,-49.878771,-6.443690,49.550020,30.701434,28.160589,45.255539,57.586043,84.646742
6.4375,-36.644913,-80.368951,-37.125141,-35.390280,-41.828408,-74.869339,8.912059,-22.355183
6.4531,51.772166,27.415677,-111.652479,-150.297930,-115.321568,-110.800732,-78.286343,-76.002020
6.4688,2.552932,40.784723,-45.453920,-76.007167,-26.615135,-79.621414,-109.745536,-93.550746
6.4844,-45.309893,-84.955961,0.920902,9.337359,12.371819,33.907516,8.785225,-0.612739
6.5000,61.172797,56.242737,22.817626,14.603890,-14.038613,21.594015,74.611766,68.618682
6.5156,49.835319,41.785090,15.258691,-3.848194,-1.098896,-28.803104,105.563457,90.960844
6.5312,-99.322926,-48.071093,70.453259,67.003903,37.742103,23.553108,47.050011,-3.773599
6.5469,25.240607,39.887714,93.932514,116.920850,119.573673,121.890043,-70.506905,-58.274605
6.5625,57.916829,66.504109,83.962139,48.414797,43.439474,40.578289,-84.373325,-66.163092
6.5781,-96.281717,-98.747078,-34.215561,-45.256492,-45.425482,-20.619657,-55.186552,-17.439269
6.5938,9.441207,1.482062,-28.825353,-30.881501,-52.352355,-39.964763,94.707888,43.679629
6.6094,51.402281,91.042947,-5.659667,-9.627520,-47.759711,-15.178999,72.320141,91.946735
6.6250,-14.548465,-55.640443,-30.536758,-17.804123,-7.642837,12.219027,68.004691,70.551697
6.6406,-2.570262,-49.372380,-86.632353,-74.909963,-79.830856,-85.261257,-40.229948,5.242550
6.6562,73.177341,61.154440,-59.960614,-107.099935,-70.942317,-44.587050,-82.603264,-70.263153
6.6719,-97.276334,-38.750072,40.898748,67.153788,64.225775,27.719508,-40.907085,-59.792140
6.6875,-36.063070,-38.691351,52.271535,71.973449,84.833894,74.004096,27.213293,3.680014
6.7031,73.909561,91.925137,14.249762,4.912096,59.269305,47.131500,75.763961,87.048459
6.7188,-8.035132,-30.750567,36.991062,3.751892,21.325109,39.083570,109.340898,106.396302
6.7344,-48.227804,-58.455313,41.931516,29.597751,48.092105,28.014320,-25.873237,-35.478834
6.7500,69.308619,18.851376,68.788384,54.837512,23.526758,65.986607,-65.624863,-56.172846
6.7656,17.418452,27.244953,2.951416,-21.107462,-12.427736,-30.369366,-92.032506,-56.241893
6.7812,-84.618134,-71.780178,-86.493369,-118.041730,-91.208470,-82.788258,-29.950059,-78.206542
6.7969,87.263947,42.861098,-55.589494,-23.654269,-60.594924,-46.116633,76.564476,43.409451
6.8125,80.544249,45.008745,35.069555,-18.649762,0.834515,2.747534,94.542451,92.641728
6.8281,-85.852661,-49.098119,19.785130,8.395218,9.158856,-14.505751,74.291205,47.580064
6.8438,0.759597,-11.783970,-18.406404,6.471921,11.951916,-31.112243,-14.449795,-43.129773
6.8594,59.475694,77.187905,-9.803823,12.278316,-25.102055,19.751559,-112.454326,-105.375167
6.8750,-101.170833,-17.257847,85.571131,78.342197,106.470515,47.316712,-68.945764,-94.591106
6.8906,-26.636534,-35.987438,73.831513,57.902764,46.383057,106.335101,26.230827,56.889195
6.9062,71.757235,69.339188,11.919077,-1.753718,4.001049,22.286668,108.535136,113.428810
6.9219,-38.334465,-23.901050,-64.325011,-76.709066,-11.480800,-51.255095,83.052555,53.189097
6.9375,-57.675618,-62.951646,-24.369565,-43.124945,-15.819467,-13.546138,16.709138,-22.338752
6.9531,36.584077,67.273074,-16.849910,-6.198690,-32.578907,-28.954051,-101.912615,-92.978016
6.9688,13.754031,0.235154,-76.571951,-85.499762,-61.596800,-65.507515,-97.604091,-84.021257
6.9844,-73.331301,-97.622260,-55.302621,-65.277242,-86.090494,-118.894078,-45.219036,12.154669
7.0000,49.085070,7.753979,3.583212,1.721381,35.976368,-4.345621,64.238423,86.637527
7.0156,42.242317,36.388785,59.034869,94.739785,107.274738,85.836366,96.384815,73.819605
7.0312,-55.362989,-58.453701,81.880166,52.563901,82.164449,43.946614,12.303972,23.862897
7.0469,36.044414,-9.813797,-7.776628,-10.778493,21.440101,-19.903596,-68.098766,-62.384633
7.0625,73.587265,57.922973,19.886088,29.915800,52.980221,11.304014,-95.541538,-104.430290
7.0781,-67.958887,-50.339826,53.384081,25.438121,43.999948,70.611259,-26.187660,-26.127912
7.0938,8.739758,-49.613751,49.975720,-9.366763,-1.160566,53.479116,59.724641,43.407169
7.1094,53.664530,94.413236,-121.814501,-100.437022,-74.366056,-104.330626,98.300797,84.284449
7.1250,-25.199628,-49.531187,-107.469030,-87.761667,-53.022154,-55.903910,50.446442,73.351666
7.1406,-42.005905,-58.965144,-28.261511,-24.775894,-14.234016,-9.501533,-45.019665,-37.073903
7.1562,82.396736,105.916676,15.695090,34.060253,27.771652,45.974168,-65.490602,-75.676088
7.1719,-53.230348,13.432277,-33.742101,-7.685791,3.638691,11.612680,-92.330601,-100.735805
7.1875,-39.105722,-36.300250,-8.974701,8.930584,-2.561668,-28.524071,15.293344,16.176552
7.2031,87.529662,56.177469,54.449108,77.081795,90.261090,68.566994,61.911913,105.469983
7.2188,-17.498577,-16.660320,120.021116,69.272289,107.695671,103.148476,96.490278,66.462645
7.2344,-27.205414,-92.954141,31.921439,44.166023,28.901100,69.504101,13.486195,17.399110
7.2500,34.014175,11.479412,-84.098357,-60.790394,-38.665000,-64.826369,-47.448035,-45.484970
7.2656,30.161788,2.299107,-12.895087,-44.420404,-37.627898,-45.725319,-122.292228,-79.117134
7.2812,-51.099078,-99.523035,7.868845,1.707264,30.965429,1.785061,-26.258022,-45.359483
7.2969,22.247323,3.093917,-29.164222,-21.974702,-54.978225,-54.560335,46.425155,46.417424
7.3125,16.511125,84.112029,-75.667342,-59.771240,-60.937957,-120.103430,75.693938,113.496626
7.3281,-80.857490,-68.538384,-43.441107,2.630670,-32.691718,-47.890932,47.668186,76.345153
7.3438,18.240349,25.289907,57.543948,51.649022,28.983105,96.065442,-57.873223,-74.491504
7.3594,64.006348,15.140001,103.675596,64.840324,93.658274,63.636784,-95.329538,-47.492316
7.3750,-60.390329,-86.411381,47.346151,44.043069,21.251293,27.940582,-83.288682,-73.506420
7.3906,-10.287736,-24.599493,-15.669192,-5.296227,5.826501,15.616103,74.570166,11.735025
7.4062,80.691387,71.384814,39.020512,24.268072,70.065623,40.825300,92.143912,84.241881
7.4219,-52.828369,-17.943164,41.878883,11.975383,36.855267,14.464576,76.433281,59.300904
7.4375,-61.466015,-48.056101,-47.576454,-75.165166,-77.251466,-46.450795,13.600883,14.440961
7.4531,60.360795,42.047357,-73.363375,-113.627794,-108.040749,-95.692205,-74.585941,-90.225772
7.4688,-4.714241,-10.898762,-16.872840,-45.433592,-67.350507,-55.478074,-103.095516,-61.715299
7.4844,-65.585772,-84.846096,46.951552,47.417574,2.034477,8.156135,-7.301833,-26.338320
7.5000,19.532932,14.720553,30.715335,-39.216543,-11.133686,4.169760,67.423461,34.477384
7.5156,16.426600,25.506660,-8.824373,-25.726630,3.893253,4.266383,93.857832,91.411922
7.5312,-51.852459,-45.872245,60.397750,54.988087,21.168563,53.055318,43.198875,28.568435
7.5469,29.495641,-5.490336,91.600948,100.572533,125.263469,70.691648,-95.362310,-66.703056
7.5625,59.048733,29.468053,78.241034,37.321783,32.576788,59.390844,-79.384965,-85.467701
7.5781,-82.722099,-92.342258,-41.157299,-28.814333,-39.576375,-43.781134,-45.938605,-51.170816
7.5938,-3.152357,-14.157556,-58.254473,-61.586607,-61.910452,-49.970390,50.373748,102.863171
7.6094,67.494674,68.875647,-22.176872,-15.294949,15.579648,12.249599,73.505199,92.044529
7.6250,-27.301971,-54.909111,-13.677887,14.841504,14.233807,-1.155471,90.758394,47.731356
7.6406,-25.267538,-31.893219,-82.929583,-91.735365,-97.948785,-35.501406,-10.418855,-34.305942
7.6562,125.204535,87.568803,-76.462925,-56.383935,-44.852025,-88.778881,-107.306200,-76.108027
7.6719,-55.426453,-37.675972,-19.635628,47.656148,19.460178,54.495153,-89.530707,-78.711175
7.6875,-49.233974,-66.411660,71.646465,128.315704,64.095107,103.124800,30.498459,-31.452015
7.7031,83.076288,48.691230,37.206131,25.182868,46.566619,54.720448,87.233936,96.346286
7.7188,-11.322417,42.644451,-6.970278,6.233493,-18.889971,32.358853,58.927770,108.851036
7.7344,-55.205209,-89.001172,47.504435,29.711754,34.980604,39.534290,-0.858787,13.405121
7.7500,90.893317,27.521646,60.271381,66.861470,28.162444,54.508939,-104.852383,-102.978331
7.7656,13.718137,70.877573,-32.406277,-16.231971,-1.873490,-65.600420,-94.931195,-115.379495
7.7812,-63.402842,-52.759514,-114.523984,-115.219418,-75.426751,-58.507842,-6.647348,-59.875244
7.7969,25.709563,13.624121,-106.164971,-86.027070,-111.420068,-107.105334,50.047564,85.018339
7.8125,38.964264,77.653387,0.648751,-18.618694,38.213418,-8.803202,66.809850,65.912137
7.8281,-53.567006,-48.987938,-4.693217,35.268125,3.959897,31.376839,27.349339,56.126838
7.8438,-0.983894,-19.941670,-8.618380,-30.221615,3.017135,-38.161956,-4.685580,-56.903068
7.8594,77.324262,124.209836,45.645209,35.020722,36.129641,7.764845,-109.716832,-140.438555
7.8750,-77.701106,-54.635405,95.311913,133.502282,108.840411,90.573754,-51.246136,-50.639112
7.8906,-52.129963,-55.493045,107.383188,131.376249,112.844765,111.185410,33.517055,40.918633
7.9062,90.607245,61.712427,-6.723537,38.003914,-6.927974,-31.886853,89.486288,109.463752
7.9219,-14.575948,-8.404909,-59.419036,-37.310824,-40.517601,-99.046368,75.791730,99.563063
7.9375,-17.493212,-22.130676,-1.612329,-4.836593,-53.581597,-16.655319,-2.001768,-5.521229
7.9531,84.125872,55.415861,-10.161348,-11.309176,-6.365614,-0.606718,-93.885534,-103.494848
7.9688,9.369062,16.322238,-79.107127,-65.918666,-63.978899,-42.190995,-99.385966,-86.274569
7.9844,-30.739853,-49.961433,-82.033211,-93.014592,-34.955939,-93.928919,2.450045,-26.821371
8.0000,58.045369,44.632432,20.820978,8.200024,4.558810,-20.743024,78.693916,87.923170
8.0156,40.762814,27.390979,71.661848,106.768230,137.120285,123.640736,93.430831,117.090386
8.0312,-65.264982,-56.155824,51.029187,51.425727,89.828468,81.273075,32.417722,32.454263
8.0469,15.452200,32.962273,4.314350,-17.095730,20.235358,11.342823,-53.894083,-62.708867
8.0625,46.556713,44.155419,55.665190,-18.465050,45.917396,28.467881,-67.973019,-145.924860
8.0781,-37.275837,-76.509710,69.655851,2.370623,65.080550,62.077353,-73.876537,-60.136250
8.0938,8.355156,-5.597813,19.888749,45.317994,-39.501346,-19.607780,29.871741,32.333949
8.1094,79.640374,65.194021,-95.702996,-67.363982,-69.370274,-120.684963,112.025793,79.851562
8.1250,-50.346368,-6.593646,-84.475682,-60.640233,-90.500039,-83.610812,55.320376,69.022670
8.1406,-25.063379,-17.723360,-14.562401,-38.988751,-9.585740,-20.115139,-42.326979,-18.070278
8.1562,13.131528,55.265214,-2.696793,-5.407015,11.534050,20.450177,-120.802992,-83.893647
8.1719,-91.471108,-13.133678,-16.269388,-44.196389,-40.936982,-8.614559,-91.256163,-88.188984
8.1875,-55.593768,-30.604640,-7.735083,15.771563,-15.348776,9.821332,-5.163925,-19.898451
8.2031,102.274629,50.912563,59.322232,36.334924,77.273882,87.529914,78.777393,65.376748
8.2188,-24.532507,-25.915870,122.978666,94.504155,113.287692,129.219850,119.457128,94.368676
8.2344,-60.899367,-77.155162,23.531218,64.097995,37.755116,30.996682,-23.442354,35.148282
8.2500,38.722303,28.727403,-32.186654,-45.702074,-84.891171,-48.805513,-106.819200,-93.676832
8.2656,46.120576,37.055620,-44.048292,-3.031090,-59.605220,-15.617876,-108.412355,-111.968174
8.2812,-52.481514,-58.228519,-35.318354,3.716806,-16.135732,44.286084,-27.313607,-2.101986
8.2969,51.186054,-1.568354,-44.230601,-45.123092,-58.715378,-39.763502,95.893863,44.333684
8.3125,4.665468,64.833860,-99.192011,-78.468431,-102.763684,-93.808393,105.313670,112.663142
8.3281,-66.396931,-88.688296,-24.951964,-40.905552,-39.632499,-52.782645,27.318449,93.423176
8.3438,16.650282,-1.118692,73.132641,33.100200,38.629252,74.528989,-47.112385,-55.248605
8.3594,40.007511,85.830096,80.024996,101.004767,85.545592,96.922322,-89.992615,-106.353636
8.3750,-36.240677,-12.771381,17.268988,39.404815,48.675100,1.280772,-89.624378,-79.594624
8.3906,-34.705128,-56.697910,16.951555,-8.378143,16.885441,34.008912,10.203628,73.708489
8.4062,97.550343,34.144971,42.468242,57.980595,52.685008,37.111201,78.603771,120.643253
8.4219,-21.252720,-14.021673,34.379413,14.125111,80.516848,41.618069,116.919160,65.773053
8.4375,-20.016869,-66.485324,-81.813786,-51.546782,-29.645400,-32.217689,-0.956755,-18.819086
8.4531,55.739293,73.374126,-156.690884,-89.192357,-104.316852,-134.939073,-141.858718,-109.305980
8.4688,-4.050789,-18.458928,-64.876691,-17.143179,-16.177945,-84.489208,-102.302174,-67.219717
8.4844,-40.928768,-125.147299,33.724426,9.829736,30.800756,48.392651,-27.291991,12.738746
8.5000,42.758240,10.903599,27.022744,4.089396,-40.235323,3.523002,83.214463,80.317612
8.5156,46.566480,53.673182,-12.734771,-3.421365,-14.842975,-34.539907,103.959006,105.322714
8.5312,-80.120390,-63.782816,28.308884,42.086648,26.216183,31.953719,23.306521,47.832512
8.5469,2.513717,-30.944056,106.626083,115.505528,97.452807,95.118819,-29.652463,-71.754251
8.5625,32.595319,32.733392,98.952535,30.638624,12.051988,30.151182,-132.527352,-103.768559
8.5781,-81.420451,-55.811659,-22.882015,-22.140842,-37.201533,-20.093021,-23.848940,-40.748773
8.5938,-23.907543,-7.336580,-12.262335,-49.238545,-57.883950,-65.521552,46.025948,49.746803
8.6094,46.947394,55.800127,39.707002,-2.346101,-31.703285,-9.541113,101.630656,85.995608
8.6250,-42.450284,-45.703344,-31.392334,11.777763,-39.139634,-1.830769,45.713415,58.965309
8.6406,20.542172,-32.354402,-115.831757,-70.187545,-99.325003,-94.323098,-31.493155,-33.382089
8.6562,79.205041,42.966469,-43.989896,-62.376092,-63.451502,-83.961446,-75.168076,-119.790470
8.6719,-35.678744,0.127171,54.774351,76.462718,-10.590701,61.283922,-115.058391,-73.090575
8.6875,-43.434261,-59.222255,91.724094,111.290915,74.613791,101.535499,21.559105,-17.022457
8.7031,65.122810,44.443733,38.585795,79.929541,50.693797,51.695975,59.559604,89.440305
8.7188,34.135945,22.415656,-23.414827,15.760358,8.675547,4.469998,96.133087,100.418831
8.7344,-85.960572,-87.312994,19.184844,24.090744,58.600548,26.923563,0.948920,19.351144
8.7500,75.255025,60.436644,29.173998,38.002843,55.628353,46.867362,-79.036469,-82.094908
8.7656,15.469810,12.131594,-39.565650,1.382507,-0.943430,-62.069125,-85.439648,-109.993132
8.7812,-39.682631,-58.168690,-96.115650,-102.251075,-92.287391,-95.325918,-27.352815,-30.269282
8.7969,31.067083,9.942377,-81.082642,-61.748168,-67.626765,-64.224336,64.603611,82.970955
8.8125,54.471458,49.005229,-0.172766,2.793994,27.970174,-10.953408,99.136059,118.026662
8.8281,-58.804388,-30.842863,12.068089,23.705129,4.961020,13.854733,65.728608,35.938002
8.8438,-4.987217,-23.497864,-26.347346,-12.097014,-29.296530,-23.069579,-36.306551,-54.326315
8.8594,32.831364,58.335146,18.185481,35.024020,29.228225,7.498888,-93.354358,-80.617307
8.8750,-39.585882,-100.867579,69.169270,92.984933,55.318537,75.044807,-68.037702,-64.600523
8.8906,-30.907799,-47.365221,122.662609,126.789485,79.618118,87.110499,63.748876,37.750264
8.9062,54.074201,69.943490,-2.654263,-1.353188,22.353367,-32.120643,77.929025,95.545718
8.9219,-39.228554,2.637970,-100.456798,-66.027411,-70.562933,-55.155628,47.069389,47.068490
8.9375,3.986123,-39.558330,-39.497353,18.931380,-21.463367,9.636162,-26.117584,-11.669794
8.9531,72.879688,11.864544,-56.780803,-39.364548,9.043462,-28.249486,-71.047477,-79.749446
8.9688,0.466459,18.954335,-30.165779,-86.185719,-47.528511,-78.854886,-88.468014,-82.517381
8.9844,-64.972481,-72.020369,-96.902020,-102.866327,-100.192038,-59.503528,-5.539337,-18.398924
9.0000,77.953313,85.477562,1.580001,28.703893,-3.687103,40.301915,62.020241,80.772753
9.0156,44.657591,8.545279,87.335094,43.522155,96.557870,97.048710,76.043317,123.485335
9.0312,-56.727128,-71.441980,63.429733,76.072743,58.487816,55.622172,33.514835,35.680280
9.0469,24.189487,74.613159,39.561632,-4.499300,11.770929,-1.344751,-86.912416,-71.656107
9.0625,61.902714,39.369902,-3.691455,-4.054973,26.007652,31.205022,-95.247712,-64.636147
9.0781,-38.135023,-52.072676,62.735889,50.032308,39.862275,53.455983,-67.160432,-53.993027
9.0938,-15.784455,9.302551,16.318317,-11.849914,-25.625424,30.673786,18.229750,63.546616
9.1094,82.920917,66.450926,-53.543415,-93.937567,-89.419040,-95.641232,51.837368,123.310205
9.1250,-72.937893,-33.659440,-92.380862,-94.022331,-86.806365,-117.896550,33.904076,52.720043
9.1406,2.763472,-80.676051,7.989125,-11.479306,19.328717,-35.202258,-54.674709,-38.606660
9.1562,36.479783,119.589551,15.283121,28.402208,45.800555,-6.937486,-111.106602,-97.740481
9.1719,-23.174368,-25.429703,28.708924,-44.296823,-23.353471,-21.434015,-80.174729,-48.420413
9.1875,-67.600243,-94.166361,6.298638,-12.846706,-5.565100,-27.591456,-9.111990,15.344908
9.2031,65.585998,59.500692,71.966889,82.437796,90.457321,65.033135,99.176814,84.553341
9.2188,-20.755959,-24.627990,79.940516,131.921270,100.957595,91.207077,87.022553,78.087047
9.2344,-1.095859,-50.760806,23.343774,48.538191,8.060327,30.396774,7.555795,-12.424569
9.2500,80.887894,29.676053,-68.500335,-38.967476,-30.821458,-36.016328,-71.885711,-88.971031
9.2656,12.081191,8.987161,-0.720724,-12.837791,-50.717362,-42.791216,-89.679015,-88.137853
9.2812,-43.174628,-85.167856,4.450627,-12.265361,-46.043571,2.089784,-18.778026,-4.390187
9.2969,42.447083,10.976871,-52.922072,-38.875707,-60.735018,-84.360077,61.209144,46.612982
9.3125,29.514039,52.111927,-113.119396,-61.997838,-99.579548,-78.079147,119.594034,80.909689
9.3281,-47.917559,-88.700692,-4.026735,-38.720272,-36.480810,-16.828885,65.725135,63.285357
9.3438,-26.449245,-8.715224,58.549363,73.730448,61.369663,40.563859,-47.560015,-55.907745
9.3594,67.212136,44.786333,88.674471,78.381995,70.539581,85.415004,-84.158428,-94.213954
9.3750,-59.015436,-32.958639,20.606656,26.145718,15.102494,35.118981,-82.562719,-77.246692
9.3906,-32.338821,-61.988843,27.469856,-7.592340,24.712480,-2.138939,53.648229,21.079473
9.4062,87.360164,36.352985,73.748101,55.885671,52.796053,27.336692,71.266938,91.468144
9.4219,-24.205513,-39.539986,27.570734,19.310580,42.121786,34.814530,94.367076,60.903725
9.4375,-48.554162,-59.919876,-73.508904,-66.680544,-67.190043,-56.340864,-34.672544,-16.126764
9.4531,63.640545,41.936424,-103.551179,-110.869015,-130.136724,-143.433642,-92.704879,-125.766618
9.4688,-3.515721,-2.447485,-28.175018,-18.384531,-1.664979,-41.563683,-90.965495,-74.794837
9.4844,-79.312737,-74.335691,4.270736,-37.143857,4.315775,12.633130,-21.847206,-16.090605
9.5000,51.588558,54.555343,17.879623,-15.414302,-12.019909,3.309390,99.875477,64.328283
9.5156,33.703063,29.539468,-9.239464,-16.453267,12.400340,-26.016518,98.767005,123.223952
9.5312,-82.161189,-76.110404,54.916443,55.795603,80.705241,29.224748,37.091452,-1.603672
9.5469,1.614256,30.477500,122.648686,101.376561,114.675053,81.571453,-74.593022,-73.200887
9.5625,58.384319,79.357623,74.949373,60.693140,53.210702,36.617331,-107.689690,-85.864435
9.5781,-89.479415,-82.159336,-56.821415,-50.367178,-24.371651,-15.566219,-36.786455,-43.662421
9.5938,29.899173,2.173832,-55.531355,-55.306217,-58.860436,-49.109595,57.804324,70.681553
9.6094,78.017257,56.971855,23.564697,-6.362204,-52.209832,-13.092768,115.097425,126.296208
9.6250,-67.215060,-23.524477,-34.902478,-5.656806,-42.688093,-43.352774,17.395690,35.076520
9.6406,-30.875142,-40.289963,-89.506752,-79.534606,-67.508314,-57.631552,-19.112532,-60.510208
9.6562,78.479723,42.770629,-66.682034,-81.091177,-64.132232,-58.272050,-83.529023,-82.602917
9.6719,-28.443026,1.043274,34.177682,64.578447,37.334724,2.547545,-63.296397,-77.960727
9.6875,-70.764535,-70.818410,108.801909,91.049921,94.070548,91.874701,47.529662,-17.884891
9.7031,110.897585,51.316166,37.356242,59.341442,56.245721,59.806687,66.276403,41.928451
9.7188,5.545676,30.012812,19.909189,20.577303,-3.393287,-27.196589,67.517155,101.407030
9.7344,-49.352857,-77.847315,53.672199,37.925593,65.917329,19.623586,-24.398971,16.719988
9.7500,63.685983,14.548764,20.015727,44.048261,87.466688,59.151453,-54.102906,-52.461648
9.7656,-4.536950,23.724679,-17.336006,-7.915666,-12.233190,-30.959807,-79.651373,-101.884389
9.7812,-60.116343,-79.669024,-111.035215,-102.244036,-135.198302,-92.931941,-51.449796,-3.402721
9.7969,33.600792,-0.928422,-81.747646,-74.773639,-58.683880,-66.763493,73.812014,62.711997
9.8125,18.737163,54.304297,-16.281759,13.942502,16.481433,21.082676,99.046814,98.419222
9.8281,-78.194380,-19.763749,56.574397,-11.253211,37.356378,36.116509,15.034437,31.845771
9.8438,15.976719,-6.200540,-15.826644,-15.676729,-55.276637,-30.271503,-37.612064,-53.494896
9.8594,38.159220,79.894016,18.155177,12.429863,12.960098,-8.768375,-124.234656,-106.212765
9.8750,-62.688541,-36.993309,101.386190,72.146856,90.017876,111.195431,-48.889753,-38.193785
9.8906,3.716395,-35.007094,79.360403,79.278050,103.734800,94.156742,16.777188,45.887820
9.9062,78.726266,83.084985,11.533161,-31.128628,-1.215583,-0.296868,138.756841,101.166947
9.9219,-28.437403,-57.531727,-64.602745,-74.319786,-56.013852,-68.482037,63.699186,82.817501
9.9375,-30.709879,-72.429299,-70.663183,-14.495097,-65.827140,-24.854884,-7.483771,4.933294
9.9531,74.317016,65.263030,-16.006471,-24.261273,-5.406588,-28.073596,-80.564912,-85.539107
9.9688,1.021212,31.220079,-104.923077,-106.081734,-70.998525,-59.414920,-75.458379,-81.227901
9.9844,-53.567598,-67.751246,-85.403028,-133.017520,-82.514982,-73.964404,-9.691383,-5.092855
10.0000,479.339715,436.487226,387.234742,387.890075,376.927816,394.551439,527.983070,508.035687
10.0156,239.226450,312.596386,340.875148,325.667707,329.657353,337.415759,288.919540,302.020815
10.0312,107.429184,27.457756,181.441691,216.184326,220.435631,202.440614,163.987131,197.038270
10.0469,128.624767,127.348301,91.145859,106.530836,84.235997,108.327487,10.891471,2.236679
10.0625,110.085442,91.773754,52.646752,53.930264,56.580426,67.241824,-59.294921,-63.595687
10.0781,-2.225747,-55.034655,107.151389,83.803815,109.270197,82.720586,-72.922844,4.668383
10.0938,6.994082,-9.061578,22.090664,13.122194,45.291796,31.472916,26.488619,28.652415
10.1094,68.847319,73.794096,-98.319981,-97.544613,-79.024201,-86.122628,103.029223,102.385028
10.1250,-28.098460,-21.944590,-51.768868,-77.358952,-46.528408,-93.668336,40.054896,103.349931
10.1406,-53.079029,-16.066996,-35.380319,-46.550554,-26.937843,-14.660376,-23.427709,-11.661314
10.1562,97.789706,50.295804,-2.736336,11.753982,32.951600,10.446822,-77.339150,-93.441770
10.1719,-84.186766,32.439663,-11.410008,-63.753971,9.352732,-27.636763,-83.260277,-81.514186
10.1875,-43.395749,-59.808382,-13.748035,10.278515,-8.499437,15.773702,24.874812,-29.929001
10.2031,64.856471,36.886685,51.728842,106.337688,84.643607,95.004215,38.272590,89.122475
10.2188,-11.939411,8.551784,94.516851,75.843822,105.882316,98.590599,126.412086,97.740956
10.2344,-23.025903,-78.767199,60.881000,24.881901,23.979964,19.389777,-3.546429,14.171119
10.2500,68.582808,47.709944,-33.343702,-66.892946,-10.654169,-52.007337,-42.382120,-56.947201
10.2656,21.402612,44.027601,-39.760226,-14.891198,-42.498341,-21.082118,-89.351993,-102.110799
10.2812,-77.767938,-14.875915,-19.356659,-15.025898,-6.356729,6.575458,-5.998081,14.295174
10.2969,57.357707,20.381107,-25.774186,-49.663513,-24.634422,-32.823857,92.075930,94.790706
10.3125,29.160355,74.519106,-75.640686,-31.170658,-108.929685,-100.161091,84.791455,120.115633
10.3281,-106.071666,-140.790037,-57.082338,-56.367333,-23.989449,-27.075047,42.497731,67.886193
10.3438,12.047163,5.511760,85.659579,52.204635,42.753651,74.729430,-31.811475,-68.903896
10.3594,1.777334,87.492739,72.599062,55.908653,94.958795,107.458184,-99.595980,-106.862651
10.3750,-39.573999,-37.495853,27.984043,76.945703,32.482807,54.637842,-95.440460,-59.484381
10.3906,-17.192045,-25.581098,8.407916,0.625764,13.521161,35.044838,51.102942,35.527443
10.4062,48.154293,48.831130,64.260722,69.641984,45.368096,42.045019,125.787970,104.978621
10.4219,-11.533228,-6.461072,45.858594,-13.305690,27.132506,23.310591,111.584558,79.785425
10.4375,-68.436547,-87.112788,-26.950269,-64.626647,-64.078574,-104.524274,21.205493,2.276798
10.4531,71.039973,50.369194,-100.969335,-79.570646,-102.809480,-125.099724,-114.800967,-104.532412
10.4688,-8.184737,35.596767,-72.335712,-72.172626,-33.621932,-38.469090,-94.726943,-87.746806
10.4844,-70.180894,-95.221351,34.807617,16.850321,21.515243,6.199772,2.714863,-8.285051
10.5000,75.469687,48.017148,6.049710,-9.699557,25.892165,11.564908,89.446291,38.902681
10.5156,25.613409,50.605741,-19.609993,-31.724178,-53.449329,1.890626,99.604376,100.021525
10.5312,-89.572944,-100.516444,48.065236,80.218686,25.380953,20.867720,63.005657,23.403794
10.5469,46.113974,42.070610,114.825181,128.847755,133.628936,104.138245,-75.423691,-48.293457
10.5625,33.458313,43.320049,42.122925,101.385642,76.548623,68.422554,-107.541381,-122.386027
10.5781,-43.819511,-30.039863,-69.332451,-15.862088,-56.873981,7.445019,-61.507459,-44.010309
10.5938,33.206028,-72.687009,-92.663822,-48.263984,-55.705727,-56.433131,23.687571,59.253615
10.6094,23.773260,94.510090,-8.704784,-28.638109,-23.868873,-6.506850,109.256542,109.754862
10.6250,-85.634138,-27.538766,-29.017132,-24.991358,-57.182007,-18.966227,80.353014,29.078649
10.6406,-14.516182,-34.664820,-78.942893,-44.074638,-104.622059,-82.009207,-31.692454,-23.169112
10.6562,80.986997,71.259050,-77.377600,-59.982087,-74.463890,-71.978391,-49.330764,-104.477559
10.6719,-24.136206,-2.149599,46.353199,22.954920,29.710088,-5.598708,-99.482573,-54.106641
10.6875,-57.485097,-83.872284,67.634068,75.755397,91.463386,74.250606,13.617245,29.273363
10.7031,87.430533,89.026227,34.427286,30.905490,35.126288,49.388487,74.093020,96.180742
10.7188,-39.470817,24.034058,-25.486348,29.044165,29.416351,-15.506413,64.731568,87.685618
10.7344,-46.193107,-33.397185,41.175507,23.940859,24.378360,49.626467,19.197636,-27.199223
10.7500,28.570489,43.022141,56.475988,57.991821,21.749458,47.315264,-60.012675,-73.714047
10.7656,30.434909,-10.722072,-23.721573,-53.974554,-11.319578,-52.070529,-97.692148,-97.704327
10.7812,-58.137561,-73.827451,-79.781412,-103.457331,-115.959044,-115.555054,-6.865179,14.918816
10.7969,18.991980,4.862267,-87.548788,-62.012432,-72.300986,-109.370192,73.414355,61.921924
10.8125,29.751495,64.350660,13.482704,7.636096,-17.370841,31.267805,85.509894,107.378018
10.8281,-85.350240,-41.146871,14.840460,-6.324883,6.563635,5.287907,54.094836,38.452476
10.8438,17.463894,-30.327990,-21.909692,-14.963166,4.705150,-1.565974,-49.852188,-38.268403
10.8594,41.333471,91.905595,-13.991061,-33.452418,-13.363667,-8.447989,-93.358945,-111.195624
10.8750,-51.146693,-24.707953,91.161971,95.048086,72.956835,117.087932,-77.609238,-80.467728
10.8906,-26.686510,-11.836815,109.400320,52.577875,97.599931,86.325134,29.530483,35.246088
10.9062,76.921232,75.954009,-18.949058,3.319953,11.701886,15.939916,85.104193,88.780842
10.9219,-26.406286,-6.891820,-42.872734,-70.464796,-59.674565,-88.022080,94.233353,60.930620
10.9375,-72.291338,-49.521260,-17.423498,38.684071,-20.326305,-51.822374,-29.348188,-31.555428
10.9531,82.492025,62.394858,9.767000,-6.633983,16.609271,7.214385,-103.061604,-107.089810
10.9688,5.952017,28.617003,-107.274239,-70.405896,-60.831338,-93.367115,-85.195286,-70.510814
10.9844,-52.509249,-80.850919,-77.370619,-74.470818,-73.099778,-84.182826,-18.247663,-12.113019
11.0000,51.671285,55.929194,1.639646,-12.408952,8.625884,7.338108,59.042241,60.560214
11.0156,27.837328,51.526429,86.082120,57.429025,73.222045,87.518324,79.710863,121.170968
11.0312,-45.056298,-59.751282,60.169998,73.743896,65.965535,86.796280,64.686671,-0.701080
11.0469,46.824874,34.183092,-3.582844,71.120542,11.522324,-15.308067,-86.380725,-57.582397
11.0625,41.249202,59.771505,45.560035,48.046729,18.544741,1.369114,-78.430904,-91.793574
11.0781,-78.685925,-92.784207,73.825530,73.276467,79.323570,47.461289,-45.314586,-81.975921
11.0938,19.307715,3.852815,-12.847858,28.833452,-8.201824,4.206264,79.068367,8.275690
11.1094,64.961886,80.178559,-59.455402,-88.596210,-63.187489,-106.006399,86.726473,104.678051
11.1250,-63.540813,-33.724061,-62.920644,-111.219181,-79.570183,-90.044623,78.212629,69.003532
11.1406,-51.691702,-27.264875,-20.143722,-22.380157,-28.427124,-48.157473,-28.851457,-74.399910
11.1562,67.685802,80.111092,25.303741,-0.710265,48.514057,-23.270290,-94.776692,-63.190776
11.1719,-49.499566,11.209843,-10.712199,4.417992,-4.845697,2.302868,-77.528922,-101.780479
11.1875,-52.685518,-53.706847,-4.735130,34.237738,6.125335,4.849969,-26.564569,-38.725389
11.2031,102.793737,73.197188,78.706145,77.543535,75.213666,56.499086,84.954079,58.183359
11.2188,-16.635717,-4.291270,119.633716,98.153957,101.631144,114.895580,107.373752,77.897037
11.2344,-50.248270,-54.047506,16.822498,31.214758,11.592545,42.799465,-0.040562,13.225020
11.2500,43.266749,5.599293,-48.736081,-65.664581,-36.955060,-63.218237,-55.279068,-103.432801
11.2656,34.346850,22.271976,-75.116982,-8.152396,-44.053536,-52.025728,-94.811881,-103.145802
11.2812,-103.358665,-80.353000,-18.128115,-22.930529,-26.847394,-4.786490,2.121950,6.908292
11.2969,24.294072,15.707480,-59.358025,-21.679196,-58.130670,-17.649432,73.745425,66.056462
11.3125,44.976780,53.941984,-57.595927,-78.827237,-86.579523,-88.456607,122.247149,97.051075
11.3281,-37.090257,-92.288365,-57.531790,-3.309591,-52.088483,-39.773771,36.326711,35.096134
11.3438,-19.882169,-10.076230,57.812630,81.170867,100.989269,53.721525,-40.126336,-32.353690
11.3594,73.980153,38.637245,72.912565,56.840236,51.217566,79.871413,-100.197780,-90.327273
11.3750,-46.027521,-48.037626,20.788338,23.340883,15.514629,60.307039,-88.553954,-65.257797
11.3906,9.328209,-62.192492,-0.286786,7.887117,19.982265,27.917941,31.833627,18.121497
11.4062,58.077411,52.462693,55.733606,32.456051,41.798829,32.492304,90.292650,62.259255
11.4219,-31.751319,-22.586018,63.745568,20.428161,33.212148,42.587154,87.219986,64.437423
11.4375,-45.831431,-17.310709,-44.714812,-32.298559,-55.688673,-80.617049,-36.564991,21.431071
11.4531,55.301602,88.868575,-82.685011,-100.409927,-107.123418,-92.672433,-105.789685,-109.611169
11.4688,12.098898,5.396337,-17.717074,-58.014463,-12.705398,-44.544500,-72.229288,-80.692118
11.4844,-54.318939,-81.522039,16.103166,16.259398,-0.057928,40.611858,-39.321698,-1.054956
11.5000,76.195879,51.388504,-4.824558,-21.915767,-10.985597,-13.695159,70.208005,44.939870
11.5156,31.376941,40.003283,4.022350,-1.539411,11.372996,-7.107595,89.130376,95.084514
11.5312,-70.444325,-62.461329,49.095442,38.743654,44.855264,64.107000,37.479797,14.089562
11.5469,-7.829115,40.650137,94.749301,92.765840,125.709606,87.102211,-21.914248,-56.014003
11.5625,34.171810,36.891846,70.547380,33.723591,28.765169,66.816786,-86.530715,-99.603812
11.5781,-89.567008,-37.626629,-25.745127,-14.532747,-29.061806,-64.313579,-28.071825,-27.528112
11.5938,-0.596193,18.296290,-62.883684,-36.006223,-47.260073,-58.749519,46.829184,-27.676173
11.6094,96.541086,78.457625,-38.495475,8.518532,1.872932,8.171777,117.364312,68.096840
11.6250,-34.040257,-61.005422,-22.004244,-54.972493,-64.209085,-37.183494,63.493648,77.766168
11.6406,13.643032,-3.887144,-78.368177,-91.107407,-84.217308,-77.423589,-62.699244,-14.609171
11.6562,77.171581,39.521906,-33.161147,-68.576398,-53.642834,-69.537028,-106.405923,-98.045208
11.6719,-37.574615,3.515387,38.999349,8.668561,45.960050,33.399632,-101.767895,-44.081558
11.6875,-20.868669,-72.095442,90.461220,78.031254,67.987572,64.763075,23.341894,9.687706
11.7031,47.833070,65.411292,56.276320,34.644077,42.924004,39.273183,92.543024,122.867552
11.7188,-15.885037,30.541484,-3.394088,11.199177,21.914823,-3.317986,118.007876,64.319307
11.7344,-38.075596,-76.667222,38.299714,27.552983,8.237934,37.152915,-32.678442,27.944950
11.7500,44.712025,51.998039,72.023584,63.319733,81.062861,54.205316,-81.170625,-72.722958
11.7656,-15.945181,62.625886,-15.885298,-27.049688,-28.145859,-27.566243,-95.050259,-106.973200
11.7812,-87.811275,-32.297404,-125.046760,-97.408726,-96.428772,-107.815553,-74.676367,-41.761518
11.7969,29.136535,8.379637,-54.260155,-72.165637,-66.697683,-71.497861,79.858192,85.602256
11.8125,67.819362,48.191176,-21.243864,12.995934,14.933705,8.110978,134.223774,111.598312
11.8281,-101.314429,-58.141921,10.819069,-28.717633,14.863209,29.352629,36.643752,47.887293
11.8438,-0.443545,-13.690671,-11.443097,-5.807482,-15.779360,-15.510432,-53.103166,-56.764495
11.8594,44.236549,92.596557,0.095024,31.441295,32.241092,-8.644630,-100.455279,-116.536358
11.8750,-56.036576,-42.350421,84.376900,103.040898,134.032725,88.683514,-40.525699,-70.061938
11.8906,-2.732151,-10.397177,119.549481,91.353771,82.706261,32.462123,16.972767,20.472690
11.9062,59.243665,66.874748,14.978601,10.544430,-10.121956,-19.284348,93.922674,84.268219
11.9219,-46.467472,-31.680801,-36.332906,-45.539768,-83.074878,-74.365450,31.726595,80.301251
11.9375,-62.205678,-41.958793,-30.923642,-31.307086,17.813350,-25.444759,44.519252,-44.236056
11.9531,86.305823,30.555385,-31.663014,-35.699633,-20.961085,-12.840956,-89.209939,-72.560108
11.9688,-36.509942,13.952872,-46.612523,-49.044379,-49.053567,-57.500919,-81.417692,-78.642596
11.9844,-68.916721,-72.840706,-61.973991,-58.472907,-62.487111,-76.541955,-13.720824,-21.812676
12.0000,80.886860,74.268012,44.672330,-4.256545,-1.335538,3.940232,76.462835,54.249606
12.0156,19.372738,6.404016,77.299554,90.503744,67.984213,97.763110,91.951635,68.869628
12.0312,-69.829060,-76.230727,57.244847,52.720555,68.440117,86.165109,-1.514736,38.031444
12.0469,33.869679,9.676954,17.858400,9.645901,40.648141,48.173528,-41.352883,-73.456224
12.0625,36.980876,25.882790,59.954008,32.155622,42.967494,65.318214,-105.714248,-70.437016
12.0781,-68.620979,-37.107183,65.727291,15.579800,41.909816,13.007502,-38.761428,-48.200816
12.0938,-1.381800,-29.733378,11.136276,-3.020257,-2.339234,12.437920,58.107975,56.344537
12.1094,83.797064,66.311542,-25.476533,-67.588378,-74.145553,-118.701714,123.677508,64.775381
12.1250,-34.077867,-9.192630,-62.188406,-116.587609,-77.516199,-102.816753,71.030243,83.512852
12.1406,8.859535,-61.053109,-17.427014,15.219653,-19.555317,-0.963891,-24.892464,-37.950213
12.1562,69.995646,41.504343,13.507908,-25.613058,2.590559,33.139661,-88.503841,-116.570857
12.1719,-31.542004,14.826921,2.481909,-19.150682,-28.587302,9.709480,-66.846061,-101.731795
12.1875,-45.951676,-51.703583,-7.158758,-37.491201,-8.917539,-29.913504,-3.096837,18.791206
12.2031,55.592135,57.341852,56.890051,57.159025,72.949728,90.608445,98.126028,74.761641
12.2188,-10.613242,12.246193,127.213176,123.277419,71.659763,94.547929,96.145138,95.021975
12.2344,-74.855874,-94.283993,25.321181,23.352570,26.830575,53.080114,-6.357033,32.946483
12.2500,67.233290,48.790163,-45.251838,-17.272639,-95.318033,-68.719142,-76.946371,-68.334989
12.2656,27.413310,40.953748,-19.285188,-35.200733,-65.413040,-59.639493,-117.751431,-91.658803
12.2812,-54.394476,-60.933115,14.573292,30.229710,8.285937,17.126882,-28.304583,-31.103916
12.2969,41.554671,33.413601,-15.446959,-50.640770,-58.466553,-70.018868,80.828088,65.428391
12.3125,46.372401,66.025637,-82.705886,-73.179246,-96.107267,-120.513780,102.626939,89.813125
12.3281,-85.975256,-67.214620,-37.896781,-10.409655,-27.303628,-35.953473,43.095619,66.793992
12.3438,-6.642088,12.829727,45.174174,57.748345,59.283286,102.725106,-57.923664,-39.638197
12.3594,68.844053,59.593318,94.837068,55.163595,83.088943,62.751862,-87.805947,-109.657145
12.3750,-78.598257,-56.945726,22.190685,6.759656,1.590424,-12.266410,-73.338116,-76.450594
12.3906,-38.313881,-2.931678,19.725596,11.398292,-1.729749,7.522274,18.470958,54.736896
12.4062,61.528256,77.113924,30.419454,-2.631270,37.609589,64.628245,106.101792,116.246598
12.4219,-43.652806,-60.978298,27.446709,73.088336,25.302328,41.219087,55.017133,32.124678
12.4375,-46.946881,-61.646282,-48.848613,-65.582855,-79.683398,-51.112584,-14.161334,1.504252
12.4531,67.062890,45.787481,-113.928514,-105.451668,-93.822737,-126.582619,-95.781851,-91.715505
12.4688,-1.660377,4.160159,-53.710760,-84.225648,-67.110151,-44.239763,-48.572800,-73.367334
12.4844,-65.389641,-48.163916,21.858922,16.407853,0.853092,3.439293,-22.226591,42.530264
12.5000,90.366105,21.348374,-16.427178,-11.496751,8.094598,26.123397,61.075981,118.613960
12.5156,5.966012,28.980339,-65.726784,9.409240,-9.713454,-11.281818,85.723104,110.059345
12.5312,-53.828283,-66.060379,7.166574,45.997080,43.735676,2.409238,66.134840,27.192959
12.5469,15.705084,2.871894,151.209335,98.247260,126.581427,90.316729,-71.997045,-71.237210
12.5625,18.272652,33.976360,97.994840,14.674657,65.769484,58.767991,-89.222077,-80.444036
12.5781,-60.751545,-60.596321,-41.122502,-38.984955,-20.219423,-36.685274,-38.824249,-42.918168
12.5938,7.744361,-41.678957,-60.471921,-48.621070,-41.191128,-32.549019,27.031477,70.013884
12.6094,61.117312,83.526913,-20.016077,14.646265,-43.833156,0.597062,92.556852,69.306896
12.6250,-58.857539,-29.632290,3.432272,-47.069620,-44.339747,-22.322975,43.303258,53.680795
12.6406,-35.704695,-43.883772,-59.264204,-81.749393,-50.473989,-86.715546,-38.338404,-28.545063
12.6562,92.272100,78.332915,-98.751663,-63.664220,-53.402092,-61.248067,-82.733041,-126.927597
12.6719,-44.358530,-14.156588,21.383550,26.511000,26.565882,45.464287,-82.538468,-70.910934
12.6875,-50.560274,-83.605448,46.105268,84.786459,85.605927,80.636288,17.422591,28.858779
12.7031,69.743283,60.023941,56.190341,36.512105,59.983037,29.663659,52.151641,75.174298
12.7188,-21.892998,19.155534,11.995790,46.049150,43.038689,-2.676943,113.056954,69.625669
12.7344,-65.756104,-57.262809,44.288258,65.467697,52.617704,52.021403,39.458539,39.367996
12.7500,44.657121,69.300856,32.305496,55.487127,73.659838,43.241507,-92.423196,-69.921133
12.7656,31.275792,14.074698,-5.348269,-33.123576,-7.450281,-28.056252,-121.213719,-104.502981
12.7812,-97.038833,-36.261091,-99.649166,-102.215369,-82.386640,-70.313570,16.900008,-17.224644
12.7969,23.408545,11.329180,-68.724470,-95.219526,-69.739836,-84.893672,25.654478,89.245447
12.8125,20.243331,46.904495,-26.989275,-7.280361,-44.465139,-42.509815,99.487903,135.543049
12.8281,-47.480989,4.818362,-15.343413,27.766647,-9.361048,20.509196,45.362669,44.489884
12.8438,-3.783936,-39.398148,-32.684199,-13.431371,8.167338,-63.036280,-36.573203,-36.951346
12.8594,80.722280,33.763466,20.156575,14.912298,18.512324,63.407975,-155.125655,-77.726417
12.8750,-64.335874,-45.683935,51.855104,110.035221,110.785559,89.447874,-30.748550,-102.931274
12.8906,-2.915423,-53.639199,73.785673,81.234044,120.267244,76.231868,32.122667,43.089863
12.9062,49.828450,30.510408,-12.253327,6.724551,10.838650,-18.397771,95.481622,59.771425
12.9219,-1.520620,-7.311020,-50.964215,-94.848060,-30.509823,-68.482737,82.795026,94.429775
12.9375,-62.443688,-19.297483,-17.573116,-23.451236,-19.805988,-4.541841,-25.642354,-54.987891
12.9531,91.063295,65.508075,-11.012409,9.661443,-35.888500,-36.349032,-77.073169,-111.908855
12.9688,-22.306263,5.322519,-54.296028,-81.069967,-60.706788,-33.547421,-80.255936,-66.249607
12.9844,-46.729873,-90.279830,-102.080930,-104.021116,-62.640234,-52.458595,-8.002447,-3.931231
13.0000,65.374583,32.068125,-12.409936,9.247617,-3.268404,-39.457934,22.769897,67.051056
13.0156,41.044556,73.772995,60.488148,117.312060,97.133395,101.720422,100.563511,86.676723
13.0312,-54.216209,-99.032539,77.136096,45.963749,80.774392,56.555279,22.254927,29.654097
13.0469,27.716815,36.984576,18.902153,0.448246,35.164565,31.705326,-46.733632,-37.276426
13.0625,30.764574,85.401875,28.846129,47.350623,30.840464,27.787486,-90.130551,-67.732790
13.0781,-58.402547,-39.481532,44.052293,61.602154,32.381698,71.766381,-22.697746,-19.779232
13.0938,15.182602,-31.364788,-13.468599,-7.965241,-32.389649,10.005769,54.724272,59.368054
13.1094,31.883249,90.102780,-94.432062,-105.820637,-70.445754,-104.422363,62.671554,136.425615
13.1250,-54.641825,-22.467728,-78.407751,-89.943271,-116.659626,-108.570068,44.500423,70.927441
13.1406,-25.190511,-6.714251,17.425977,-34.146191,-15.507634,-51.035053,-8.263942,-53.499806
13.1562,89.893140,55.924403,45.224451,7.751079,36.019449,-2.126851,-82.881078,-83.015795
13.1719,-1.551472,-34.792047,-15.625368,-30.329827,-18.509368,4.805060,-119.399374,-102.635447
13.1875,-23.661293,-58.666684,16.812345,-4.882821,14.784251,7.148959,-10.768863,30.673644
13.2031,41.648842,29.058873,83.841179,37.173077,75.885073,94.599954,105.213016,61.524522
13.2188,19.214649,-1.358791,90.211939,144.061848,56.221254,103.038576,84.619847,53.071644
13.2344,-87.413160,-67.632491,27.918503,13.267544,43.134768,21.334875,35.609267,10.697313
13.2500,61.334318,52.851615,-71.509264,-48.088039,-45.418829,-87.655575,-128.160436,-97.813247
13.2656,19.987760,34.784788,-47.329204,-33.311006,-56.697719,-43.468303,-90.157835,-98.755153
13.2812,-93.779448,-56.015264,-47.480564,-4.417655,-28.134551,-6.419814,-26.157295,-20.649578
13.2969,38.875849,22.627564,-57.458716,-43.135174,-88.493330,-52.929237,58.893213,65.738445
13.3125,82.391185,38.226361,-79.235324,-104.638222,-46.784194,-89.276372,112.485297,70.349810
13.3281,-78.820328,-69.414710,-74.855722,-49.028200,-49.608881,-72.835864,56.016180,34.211566
13.3438,-24.787043,13.802302,44.961699,84.794159,76.073023,47.302518,-49.408293,-63.104477
13.3594,71.531233,70.141394,114.133919,115.539388,81.091797,86.997000,-117.703798,-110.684743
13.3750,-36.499275,-48.261896,16.206256,40.894095,24.585151,23.983172,-67.498116,-25.877065
13.3906,-23.304165,-60.065068,-7.168042,39.549272,14.749300,7.203092,59.282251,-10.426604
13.4062,48.420432,51.690174,40.776909,65.811705,73.788976,52.849721,122.844801,88.236418
13.4219,-17.522116,-46.720259,29.447094,43.556155,13.185555,25.711137,128.105550,67.019248
13.4375,-66.366277,-47.918358,-81.810182,-85.428195,-39.645191,-77.168708,-16.770223,-14.347262
13.4531,43.213922,88.224006,-111.331781,-115.331639,-103.922846,-89.016409,-59.863787,-119.679698
13.4688,-22.392298,7.040149,-56.603811,-50.103784,-65.726362,-43.879381,-86.313372,-111.480539
13.4844,-66.951825,-43.449758,-16.798225,18.953221,45.576114,5.105709,-1.057969,-37.057166
13.5000,56.097102,62.675512,-5.424120,0.946044,15.015201,17.132154,61.568482,92.276853
13.5156,14.981920,57.009840,-45.353393,-25.012366,2.034373,-36.656125,92.443029,111.440674
13.5312,-88.035987,-75.125162,60.331354,32.722576,44.850913,51.461340,62.384044,67.863914
13.5469,8.891985,13.802020,117.776912,105.038987,110.694376,103.734510,-72.011505,-51.354017
13.5625,68.579254,16.439729,58.941879,70.006548,58.036067,38.804235,-108.010084,-81.227715
13.5781,-54.920633,-41.040797,-18.451373,-17.513656,-25.174521,-19.306930,-63.092755,-91.342784
13.5938,-9.320058,22.402022,-71.200524,-63.099724,-35.289524,-35.740322,54.533932,42.244934
13.6094,40.435063,67.940846,1.419585,-22.411558,-24.267901,25.592470,99.176060,102.270049
13.6250,-75.489172,-4.571329,-25.228021,-36.754001,-0.941951,-43.467205,64.122280,61.502157
13.6406,-27.666607,-39.281890,-59.766940,-59.392123,-62.846109,-85.616086,-51.865290,-2.972692
13.6562,73.678338,57.847066,-59.741631,-69.637196,-56.856540,-22.417344,-60.339429,-75.410616
13.6719,-21.863026,-16.106010,7.085414,35.137147,61.591758,12.380918,-80.586347,-73.986259
13.6875,-63.406001,-56.520938,91.581480,117.604855,63.546641,98.740374,9.659087,9.976452
13.7031,23.128528,60.267653,64.919055,43.963137,64.268263,25.203983,134.558850,120.804435
13.7188,-21.039323,9.890456,5.497397,21.560599,29.787589,18.101613,79.746871,123.574717
13.7344,-34.785460,-65.499032,66.239207,19.904421,20.466617,86.985933,4.129803,-3.125418
13.7500,39.945841,62.078248,63.467680,34.682297,61.072697,76.911203,-67.849521,-58.615857
13.7656,-31.083241,43.708052,-35.141298,-51.883584,-39.077626,14.374058,-68.899804,-88.548379
13.7812,-81.428208,-50.083691,-85.125457,-120.408256,-111.194803,-106.632626,-47.894936,-40.174359
13.7969,62.795239,16.307664,-67.929510,-63.690875,-65.768963,-104.475372,86.233781,104.202474
13.8125,94.377703,21.425667,-18.534418,-2.122518,-6.062625,-13.470865,110.264687,97.484684
13.8281,-71.811519,-39.957981,43.692680,2.744689,28.548748,-11.775926,43.410678,30.875870
13.8438,22.140631,-28.163689,-35.663423,-43.666509,-15.343511,-12.299704,-56.161179,-53.424576
13.8594,60.551401,66.440094,49.299408,-4.409701,10.107199,-0.630969,-71.278258,-109.555397
13.8750,-23.281335,-30.283210,96.250527,100.179654,98.614714,111.765269,-63.421062,-80.641855
13.8906,-28.973986,-65.287835,102.100786,73.396139,83.299196,128.212142,25.630523,35.879397
13.9062,69.247297,108.251002,-16.937428,-11.408575,28.745006,3.898765,145.258659,74.016417
13.9219,-38.922010,25.787236,-27.398134,-57.266401,-58.234053,-42.379830,62.698449,54.892308
13.9375,-73.374781,-56.100010,-36.333961,-14.892399,-27.405342,-28.171354,-39.373425,-18.687897
13.9531,46.131249,74.600536,-1.425975,-38.060921,-24.338635,4.253031,-101.311609,-119.321437
13.9688,21.094705,-18.757769,-61.913599,-77.180938,-68.551291,-71.444203,-92.039291,-65.306682
13.9844,-64.706742,-87.669255,-101.621909,-63.574994,-73.654290,-86.258769,-35.617304,-33.008614
14.0000,37.840805,33.890786,18.512503,33.046037,2.463856,-25.569174,39.320575,69.444438
14.0156,-4.706177,44.438305,80.963124,118.710538,73.734544,101.053710,97.105190,93.510741
14.0312,-75.159113,-75.249689,92.629720,76.670765,54.661211,53.029077,15.784003,17.587717
14.0469,56.811297,38.526755,2.155552,39.215986,6.803924,4.082511,-74.994501,-16.660145
14.0625,65.750555,61.116106,17.617048,27.776513,22.068670,-11.170761,-84.466363,-90.100949
14.0781,-40.164578,-40.300016,19.226802,62.734293,50.505528,19.244460,-50.603182,-83.889187
14.0938,21.366729,6.133143,27.803088,39.740459,-7.297491,-16.937607,79.686460,63.739085
14.1094,68.903115,56.756514,-121.772340,-117.583148,-90.348244,-93.009192,59.256672,90.490204
14.1250,-57.547469,-49.073317,-76.373274,-89.732961,-96.176269,-70.707215,62.142078,74.047101
14.1406,-56.191143,-12.376879,11.699723,-8.291631,-6.685667,5.247714,-35.267957,-18.584250
14.1562,75.972099,59.619184,47.677458,7.536321,54.297381,-6.436756,-125.772734,-101.243159
14.1719,-29.386319,-9.969660,-7.994926,-8.938477,-26.806913,-16.166966,-120.116374,-86.024404
14.1875,-25.279645,-42.009182,8.553902,8.484258,58.326621,-11.350954,19.495379,26.883379
14.2031,49.336655,47.707059,40.720089,84.320014,75.628713,78.205931,88.069146,100.745410
14.2188,-30.795745,0.016516,96.873277,83.459056,103.530480,129.339157,111.004290,107.034131
14.2344,-45.543300,-73.584249,37.639012,36.282283,46.663539,-12.693124,24.964134,20.502752
14.2500,41.283389,40.103310,-30.724437,-77.428978,-33.693233,-58.938031,-64.644206,-69.222737
14.2656,9.591141,58.329900,-57.554243,-32.811471,-27.790284,-30.729077,-77.725058,-112.053326
14.2812,-76.812389,-59.700743,-22.978904,-7.847123,6.563418,24.199787,-25.155683,-31.111781
14.2969,51.829732,-8.227316,-37.194203,-65.762035,-57.981028,-57.874400,72.525863,40.039909
14.3125,26.190237,37.196509,-74.273462,-58.322277,-107.557143,-84.118975,131.980232,134.147595
14.3281,-75.055818,-74.758235,-35.289983,-64.810962,-15.066013,-80.579615,17.840119,10.650531
14.3438,39.055960,7.949285,76.947578,36.863585,36.398599,89.859748,-8.428406,-74.731350
14.3594,83.796700,84.848529,74.857842,80.309846,87.409843,84.723059,-77.413181,-129.047082
14.3750,-39.350206,-28.264988,8.090985,29.918244,9.389887,42.807316,-76.797129,-74.599054
14.3906,-22.524835,-50.974500,45.918376,33.964237,25.637938,55.215037,16.339705,54.552352
14.4062,68.086898,60.678258,35.699630,75.691311,32.346835,28.132169,126.520520,109.121353
14.4219,-19.570372,-11.191872,21.402049,25.699389,59.228565,33.188153,62.468397,67.750705
14.4375,-61.512475,-63.191305,-55.910176,-59.090502,-57.535933,-57.995478,-20.563887,-53.582341
14.4531,85.728267,70.529291,-126.963797,-119.879167,-94.317690,-131.447181,-73.250822,-73.901443
14.4688,-14.332246,3.542714,-48.332518,-40.277693,-60.618771,-47.595129,-84.997839,-84.441237
14.4844,-60.121232,-65.282001,-6.904761,-2.001101,0.199884,8.681288,-33.677263,15.238480
14.5000,73.517503,30.145560,11.618296,-11.219031,-2.356734,5.868070,81.921474,89.550961
14.5156,55.857029,20.677337,-12.995615,-32.866022,7.078304,-28.048720,83.553270,81.733532
14.5312,-55.029941,-84.992219,89.105251,76.064689,71.663741,64.414102,35.040807,43.466482
14.5469,39.707963,20.888662,127.537332,102.245147,102.366497,92.720882,-55.077625,-81.046909
14.5625,56.095431,74.134433,87.014078,87.195340,52.992111,36.647991,-88.815206,-87.920932
14.5781,-62.226527,-62.479996,-60.481434,-21.359907,-11.726730,-28.382114,-14.984218,-60.230903
14.5938,-36.455209,-24.226724,-60.228737,-75.555367,-62.181346,-68.325215,74.486890,34.755633
14.6094,45.053570,108.340465,-48.774101,-33.591351,-11.350128,-38.766661,100.513573,100.131808
14.6250,-62.682582,-22.698116,-31.521308,-47.027427,-27.571990,12.345253,55.821332,81.136755
14.6406,-42.703515,-20.236256,-62.447093,-49.937047,-98.977732,-61.946785,-41.911942,-51.212819
14.6562,58.206623,59.332371,-68.041110,-48.723307,-71.779475,-60.962824,-74.644174,-89.158332
14.6719,-7.263131,-20.962296,82.275531,27.850316,27.171097,59.333034,-63.960054,-69.172585
14.6875,-48.556028,-35.401425,122.902495,54.570342,94.737149,88.076559,-3.337356,6.625292
14.7031,46.205305,69.707541,41.556448,53.434513,58.901050,50.381743,82.223416,74.281886
14.7188,-33.160772,53.179553,11.460210,27.752636,31.433304,-3.406939,47.890130,59.433374
14.7344,-59.293267,-77.534822,59.434799,35.037983,38.902167,39.750553,-30.594078,-3.629585
14.7500,65.857643,53.062340,36.229520,69.675846,49.175999,82.375878,-110.241065,-113.652186
14.7656,33.809854,27.321712,-3.156156,0.019525,-14.242938,-25.096038,-84.226029,-88.135825
14.7812,-105.114248,-54.291993,-86.371263,-110.452042,-124.871502,-121.982564,-17.190742,-30.303264
14.7969,5.129098,35.546605,-103.278272,-54.605841,-93.821182,-66.453796,60.990838,71.881879
14.8125,70.374213,67.063684,0.428124,0.685461,33.788950,-23.560984,112.653410,58.349198
14.8281,-88.790148,-52.281489,16.737581,31.885353,49.941063,3.689903,72.826157,47.390349
14.8438,24.965047,41.935151,8.014849,-15.140472,-10.749317,38.870573,-24.892135,-6.002542
14.8594,66.766446,45.464636,-10.947940,27.357493,37.184526,2.237224,-115.674961,-86.724277
14.8750,-94.243677,-30.208275,61.745226,106.641681,94.612791,112.240091,-78.466378,-42.859765
14.8906,-17.564448,-42.903527,62.410853,80.602543,92.702975,99.385544,41.744341,28.701496
14.9062,44.803781,56.291896,12.111455,-4.196266,-11.899303,-5.431855,133.040309,88.283976
14.9219,-33.984541,-5.855152,-25.200884,-66.007249,-58.693647,-22.931212,102.798467,51.597061
14.9375,-50.097386,-10.882371,16.965374,-31.097617,-21.346159,12.325301,35.375067,-25.961667
14.9531,65.550958,74.095476,-12.990498,-13.323179,-18.066015,-26.458488,-77.537282,-42.889385
14.9688,-22.865171,23.071834,-81.286188,-57.773816,-33.751228,-45.524283,-71.751917,-74.531973
14.9844,-70.042645,-69.970311,-95.144539,-81.366347,-88.552408,-55.909278,-34.725018,9.800355
15.0000,490.004318,453.567601,379.391336,411.335811,363.274777,405.531543,458.710576,489.373908
15.0156,306.265557,266.798743,320.983071,326.629064,332.007743,329.194303,336.338961,288.987055
15.0312,86.301315,54.690478,191.457652,215.873028,208.879137,206.789742,183.893735,175.868231
15.0469,107.739763,113.794409,91.877618,96.307233,71.644177,111.346088,8.680160,39.812251
15.0625,113.277802,96.001934,73.091213,72.771612,50.618153,67.281899,-68.016491,-54.627327
15.0781,-12.410009,-6.008803,108.876619,81.750712,105.981349,95.358170,9.421108,5.394010
15.0938,36.557083,20.751220,30.098335,-6.167011,-14.182263,52.217137,68.845313,91.686212
15.1094,45.765143,67.557185,-104.676913,-100.304034,-64.451504,-86.740656,130.461979,101.211003
15.1250,-78.130284,-29.697479,-90.099577,-110.481003,-110.733218,-90.310445,43.112437,29.367466
15.1406,-27.289124,-32.052181,0.273536,-33.125647,-15.916006,-32.627453,-56.580567,-68.507860
15.1562,54.390278,29.385307,22.885712,12.902941,17.412003,10.797520,-85.491978,-94.780851
15.1719,-37.704750,-9.171841,-24.683869,-22.952653,-52.358280,-17.310730,-94.402012,-92.022222
15.1875,-56.262566,-55.289758,-23.239610,9.262515,12.584746,-23.048631,19.884342,-24.010856
15.2031,78.092924,91.167324,127.031240,74.354999,52.424706,38.132978,87.303928,89.506410
15.2188,-8.637042,17.362995,115.597088,97.039571,58.266950,112.925694,100.322415,98.629935
15.2344,-42.590752,-67.980586,26.700191,-23.240772,46.953095,35.581949,34.027611,19.710394
15.2500,85.243236,33.378332,-70.028191,-51.320336,-37.790710,-24.825797,-42.768298,-84.567585
15.2656,37.401571,7.563267,-29.780593,-68.394073,-34.149654,-29.296797,-88.633828,-76.454345
15.2812,-80.433166,-70.968237,19.540202,-45.165728,5.734304,11.269566,-33.054757,-34.069310
15.2969,13.575148,27.737066,-63.982667,-49.633876,-52.644266,-83.641645,40.776930,52.402752
15.3125,51.456248,39.814707,-69.254263,-75.109554,-43.350461,-70.506742,107.562904,93.886788
15.3281,-103.311671,-62.953596,-1.109642,-10.149836,-11.587047,-56.841327,42.147163,4.000142
15.3438,23.676320,5.638893,36.033860,68.991023,68.019748,42.402831,-28.088082,-27.658133
15.3594,58.549391,120.792268,80.365438,115.205230,44.364704,35.427576,-97.923649,-64.582258
15.3750,-46.947377,-28.073708,14.291172,45.957319,42.153793,33.113730,-73.590648,-49.126834
15.3906,-12.563980,-31.660248,-9.153274,22.932776,9.844926,14.169603,29.434774,27.944116
15.4062,70.348871,64.173179,32.322598,33.192168,64.162963,68.549630,86.594176,120.617535
15.4219,-24.905671,-32.071922,59.420144,22.389321,51.986525,18.276915,63.679247,72.090629
15.4375,-57.748671,-51.983157,-56.292282,-78.297261,-58.401420,-119.877368,-18.558761,-10.439308
15.4531,80.190667,39.972497,-66.607075,-114.548152,-95.213461,-138.203384,-92.874914,-66.320182
15.4688,20.826622,-4.633137,-36.253106,-52.831475,-19.431631,-34.548312,-88.051731,-94.955944
15.4844,-43.975059,-58.894824,18.274048,16.404547,-20.407518,25.093167,-13.143249,-13.967659
15.5000,59.408317,58.144068,7.531933,6.729118,19.110313,-12.518943,84.784620,87.745068
15.5156,10.487255,13.707145,-9.532383,6.151561,-24.008723,-22.448281,98.093724,103.124217
15.5312,-70.497658,-57.560279,40.593532,77.487509,40.119455,36.086607,25.231431,-1.513002
15.5469,12.216045,14.938784,63.992336,86.415704,105.081300,119.360946,-71.244999,-57.748647
15.5625,42.517937,43.936525,57.702232,62.802364,57.022524,86.186082,-70.501659,-108.252255
15.5781,-20.038424,-79.491444,-18.786948,-35.387965,-20.703164,-28.799505,-51.125668,-30.778925
15.5938,45.557437,25.501882,-70.996468,-48.112513,-69.130699,-67.224562,75.862361,64.023027
15.6094,99.885932,40.604687,-1.002434,-19.144465,-25.753928,-8.112396,104.875519,115.926590
15.6250,-83.753336,-40.400615,-9.624335,-26.475208,-36.105833,-46.670101,68.045553,68.478974
15.6406,6.758583,-63.715589,-74.490452,-83.602813,-106.823608,-41.759361,-0.618364,-51.402978
15.6562,71.989632,44.710961,-31.922170,-57.562934,-81.218730,-73.534742,-75.270424,-100.532242
15.6719,-68.247144,-2.059828,44.735027,52.694640,17.899022,29.214963,-104.135435,-46.074492
15.6875,-52.658654,-66.767418,85.848488,46.542285,89.170980,104.516103,-28.921676,6.364044
15.7031,84.822056,53.904501,68.552743,42.605505,77.613496,23.879262,48.904870,68.732519
15.7188,7.433087,-6.457280,5.246112,14.214520,36.000851,-13.225697,108.287177,96.423479
15.7344,-74.661674,-86.668172,58.660052,25.161481,-10.767480,52.443952,-22.264587,-5.278407
15.7500,7.709994,42.675404,59.065655,94.289175,62.206722,22.038964,-82.031099,-67.922726
15.7656,23.582027,24.465796,-29.121961,5.031966,-7.383162,-33.478422,-56.402813,-89.995776
15.7812,-57.672622,-18.387123,-69.950980,-98.241548,-101.546632,-95.357529,-15.865644,-13.727519
15.7969,25.535812,15.106203,-62.588945,-92.045941,-72.021568,-73.936230,56.467167,63.915990
15.8125,87.534370,62.923888,16.247269,-8.434758,7.076423,20.253432,93.463812,94.833339
15.8281,-96.586141,-54.246492,11.338415,35.471576,16.367380,-7.677872,80.092332,50.583530
15.8438,20.488631,26.816849,-9.632983,-11.674673,-28.678865,-42.868419,-48.651732,-27.658334
15.8594,71.062459,20.980324,30.123954,22.994045,-2.171948,10.497303,-110.780453,-119.954647
15.8750,-73.499539,-34.630137,66.148807,81.855290,95.339427,77.637428,-31.512476,-45.114008
15.8906,-31.870852,-44.855732,104.302276,85.853924,119.363094,64.786700,57.430887,34.244130
15.9062,75.851773,72.676803,-12.671355,-23.882826,11.191608,-14.275855,47.247893,115.325880
15.9219,-33.536332,13.489845,-59.052297,-43.133952,-60.078232,-74.044753,87.004323,69.716175
15.9375,-52.067348,-70.057721,-28.510381,-34.945642,-44.548656,-48.458871,2.819707,19.122967
15.9531,58.725058,62.264091,-1.285677,1.745973,47.334505,27.744021,-101.070011,-85.420886
15.9688,-10.983784,23.848014,-73.263172,-82.652198,-61.818834,-86.208612,-93.491463,-73.937882
15.9844,-50.482837,-57.495850,-98.758773,-68.942107,-79.672839,-76.388590,-37.892371,31.465406
16.0000,65.598478,75.789960,15.237885,34.794125,10.921665,-27.357242,66.577204,81.022095
16.0156,46.260654,81.268207,61.297137,92.642950,70.609436,112.113917,116.433799,66.618015
16.0312,-53.926607,-67.545834,58.789444,61.455905,60.971757,78.867251,32.420314,13.663265
16.0469,46.859097,16.116613,-7.998157,-5.758597,31.490855,-28.906900,-38.518494,-78.630510
16.0625,58.654248,18.915066,-5.197470,50.816011,6.662304,64.203509,-67.441323,-105.257265
16.0781,-90.480351,-86.689356,42.451637,64.770669,89.365053,57.888880,-39.091645,-41.067839
16.0938,17.854019,-24.388806,-4.626539,2.414621,40.712846,-10.022142,52.529854,50.051004
16.1094,64.636946,47.648242,-37.868012,-104.182182,-114.160321,-91.500459,97.070993,103.394241
16.1250,-65.075681,-37.557708,-117.298438,-112.320712,-102.598236,-92.790355,52.201890,72.604733
16.1406,-12.764818,-34.823521,-14.238435,10.959153,2.879056,-7.153745,-23.642499,-64.081973
16.1562,63.369157,93.071060,32.650690,9.918732,43.837854,49.026934,-113.457062,-124.309192
16.1719,-26.513179,-56.522918,-35.527147,32.496332,-32.770323,-38.107439,-81.313198,-58.459309
16.1875,-46.851093,-48.384544,36.452003,-0.653885,7.937543,7.984409,7.798290,-3.276645
16.2031,53.466136,42.167200,77.460143,67.343637,64.626928,72.097666,69.267769,109.232921
16.2188,-36.340689,27.586883,77.131435,146.361304,124.762151,85.305356,75.833409,67.697608
16.2344,-75.313276,-52.180944,60.564266,60.012269,31.859747,17.039325,27.868645,28.974083
16.2500,57.153118,11.261021,-91.296836,-25.520031,-62.755614,-63.389578,-73.183984,-119.196408
16.2656,-8.679265,52.624760,-40.625010,-29.240790,-47.360972,-28.354158,-108.637892,-127.553815
16.2812,-48.791573,-55.991258,-28.446112,-44.301897,2.133654,-17.343365,-22.937204,-33.650664
16.2969,48.478878,37.969580,-34.815269,-66.664272,-44.520697,-43.885694,76.707172,50.709952
16.3125,27.109376,48.930542,-82.838181,-81.878917,-113.135630,-82.291160,106.049048,114.997075
16.3281,-84.015664,-77.990822,-82.843876,-46.543992,-59.006530,-65.818202,23.787164,47.503783
16.3438,18.104806,-24.439760,39.311703,63.035731,56.521422,27.864038,-53.799550,-51.709815
16.3594,57.040525,83.418428,99.701972,84.048281,70.071922,61.195387,-98.140258,-124.760753
16.3750,-44.332350,-2.003953,1.088308,4.434239,14.900346,-4.473022,-56.446772,-84.550632
16.3906,-45.300105,-71.585971,16.311528,17.209093,15.633984,-17.119674,38.681139,2.165296
16.4062,76.408467,66.226489,29.539414,47.879862,41.398005,45.350270,84.221667,146.808069
16.4219,-5.814010,-40.285505,65.627479,47.443494,13.945394,54.608738,56.778067,63.640994
16.4375,-41.005240,-42.860239,-26.691157,-66.401034,-28.909354,-63.028721,-19.321183,-9.351732
16.4531,41.551483,63.877427,-72.052567,-94.836900,-81.366286,-99.419127,-112.628461,-66.825782
16.4688,-36.343780,3.509906,-69.859138,-56.323891,-64.765675,-66.755487,-113.570586,-81.920854
16.4844,-68.681383,-44.652979,17.553953,6.061923,0.424301,25.389283,-27.003022,2.884519
16.5000,58.971995,96.766821,6.906715,-14.153569,-14.538040,14.791411,78.676294,100.475992
16.5156,36.548334,16.746803,-5.106846,-6.348389,-38.346606,-15.443645,97.631744,75.320826
16.5312,-65.893117,-64.998400,61.465061,51.365233,34.553667,7.073813,24.934234,11.708229
16.5469,46.876522,17.836284,117.389214,119.288614,114.229750,78.018372,-89.019707,-82.896073
16.5625,47.499329,59.647542,51.347772,52.949003,71.702651,48.003604,-72.477862,-89.988303
16.5781,-65.808885,-59.371099,-36.568908,-26.763937,-38.462382,-23.855687,-67.285017,-46.234086
16.5938,19.684029,-6.829968,-60.683891,-63.469570,-40.873544,-49.806009,83.230626,36.152776
16.6094,79.090030,50.496283,-5.473096,6.094023,-2.437717,0.757610,104.645652,119.476806
16.6250,-53.433881,-33.158155,4.501107,2.120960,12.648484,-33.164747,86.451422,62.471771
16.6406,-28.876807,-35.595367,-81.369268,-117.007632,-92.128741,-75.003668,-47.814668,-70.947918
16.6562,45.296685,62.493049,-66.929043,-75.271973,-79.984749,-73.180822,-97.602390,-110.183635
16.6719,-33.803021,-19.885201,50.971362,53.161438,48.010674,35.204184,-74.792227,-60.996515
16.6875,-32.640835,-40.184220,83.732104,77.633019,130.419021,91.710380,5.736961,-0.451867
16.7031,69.992245,38.695610,51.340546,78.700105,59.682806,31.370609,74.811002,93.747669
16.7188,-34.248053,13.883445,-12.725113,-10.688024,5.110754,3.363823,127.349510,101.532642
16.7344,-93.262298,-46.074898,44.669423,65.931801,38.513048,43.378208,-13.282250,1.070218
16.7500,64.884532,24.154994,59.490990,50.164430,93.556346,55.359541,-61.490660,-38.877175
16.7656,-7.035882,-0.634340,-58.247479,11.989953,-28.243879,-23.445014,-112.037670,-72.427842
16.7812,-74.751020,-49.533564,-100.589772,-122.859598,-105.028219,-89.973042,-37.276559,-38.403507
16.7969,23.223760,17.683167,-59.754683,-68.658396,-78.125759,-79.393353,38.021688,77.206950
16.8125,15.010601,103.277812,7.227065,-1.883377,-15.111865,24.136184,124.331831,83.071353
16.8281,-48.369489,-18.511775,3.913273,16.469626,26.641753,17.761026,48.150556,18.983209
16.8438,33.210386,-10.006620,-20.468786,10.350852,-9.595493,-19.695957,-47.517251,-22.714751
16.8594,50.689128,59.903684,17.459390,20.814187,-5.351775,30.668868,-85.793291,-120.134978
16.8750,-64.372146,-40.442929,111.324478,67.606126,99.141737,85.954076,-45.364958,-62.825975
16.8906,-23.599185,-8.091894,93.451943,107.451501,72.745060,99.492567,-4.079252,16.874758
16.9062,41.657066,81.043454,-3.269485,-36.711750,-6.470975,-6.448237,99.678457,104.242279
16.9219,-19.612006,-28.284886,-65.508344,-40.016286,-32.344642,-79.091917,65.100883,51.036256
16.9375,-50.904484,-74.816903,7.426389,-33.272682,-29.259231,-37.571873,-13.749174,-29.601870
16.9531,77.965924,86.783773,0.956869,-13.764030,16.440936,-8.877333,-64.784277,-98.669195
16.9688,-33.311515,14.973773,-39.649423,-87.607006,-30.273665,-57.511845,-97.769735,-106.206169
16.9844,-77.066017,-67.493486,-76.624260,-61.875623,-64.044373,-90.632951,-27.057174,-20.831683
17.0000,41.270560,26.868282,-25.744737,-3.995495,-9.849399,-14.696154,79.566269,81.246242
17.0156,2.714778,19.912167,60.967961,86.132534,114.604101,86.842142,95.599284,96.545696
17.0312,-104.014058,-98.044220,49.739792,49.096312,56.950811,40.838925,4.984268,37.431056
17.0469,38.681335,16.219601,12.091308,12.093970,50.229204,-3.051922,-65.237404,-55.912523
17.0625,85.566347,73.568945,39.626981,33.669552,-32.215333,-6.921727,-60.529080,-139.193291
17.0781,-29.178582,-58.340702,95.339898,61.619852,73.218576,55.283208,-57.298451,-21.264452
17.0938,17.335217,-15.632491,-27.229638,8.211560,6.437686,19.434180,36.485317,33.814829
17.1094,64.138291,92.794055,-68.443436,-88.081148,-112.312855,-121.176698,110.604020,78.914219
17.1250,-62.239125,-69.118990,-105.927279,-111.045765,-86.582384,-97.118585,37.786918,78.463872
17.1406,-18.535464,-29.195746,-61.093442,10.958347,-17.959373,14.484343,-9.971982,-32.660662
17.1562,72.714015,43.333700,35.454880,26.452455,12.239876,-8.587731,-110.287031,-103.464284
17.1719,-16.654959,4.273041,-15.287343,-18.483897,13.217317,-10.138014,-90.862923,-80.197358
17.1875,-14.319229,-39.636014,-29.545584,-29.448557,-19.061688,-3.336669,8.481025,-18.519345
17.2031,55.842361,93.961645,39.802204,81.573639,67.484555,79.994989,103.817322,94.472897
17.2188,36.381168,45.963515,83.754245,114.916185,107.971813,104.765153,116.973850,86.440914
17.2344,-84.249643,-89.694115,50.422829,19.348164,24.087811,17.411126,-5.484817,-11.280545
17.2500,65.735985,38.283760,-64.260878,-25.734202,-60.818532,-63.256433,-101.523394,-83.565536
17.2656,35.041843,25.814652,-59.706863,-35.432430,-11.967230,-32.549224,-94.516475,-104.440736
17.2812,-63.309750,-63.568912,19.181268,8.028996,20.101787,5.155425,-2.824846,-65.310891
17.2969,43.407159,-2.279157,-52.898483,-68.937999,-1.617977,-40.004501,58.937736,38.757517
17.3125,52.690749,51.178738,-104.624838,-107.751198,-96.634437,-102.898222,95.905583,97.526609
17.3281,-51.245197,-37.550000,-14.984855,-49.873592,-29.198391,-53.808038,16.587974,88.157808
17.3438,22.773531,-38.134005,52.047185,58.686432,71.789167,72.032465,-68.190750,-51.590163
17.3594,43.710375,52.661714,40.686297,79.480279,60.290333,82.127305,-98.435417,-82.413777
17.3750,-82.839293,-22.209542,9.697976,42.858346,0.451289,17.994879,-23.491752,-58.749482
17.3906,-46.143626,-13.580801,1.638625,19.171153,1.649611,12.058008,5.226839,70.082277
17.4062,48.320035,111.875073,49.505609,47.192663,59.763657,28.944559,99.107023,77.158439
17.4219,-51.893791,6.468490,22.571944,23.185986,43.803169,38.496693,95.736898,98.549812
17.4375,-31.735780,-68.608819,-54.232193,-75.876261,-98.553788,-49.208452,3.386264,-6.195147
17.4531,93.505846,67.891358,-98.137173,-122.069408,-82.918440,-132.493827,-122.833879,-118.026190
17.4688,-29.342399,5.148801,-25.711974,-50.518862,-68.713687,-37.799781,-71.778999,-99.937853
17.4844,-56.110552,-62.038433,16.603739,53.130182,8.122993,19.434996,-2.950148,-27.103848
17.5000,43.070370,31.152522,16.077064,13.108116,-14.114928,9.330112,50.599110,90.604956
17.5156,11.900152,41.255322,-15.345784,-12.336785,-56.146312,-8.181398,123.287543,93.625516
17.5312,-76.013029,-100.718443,49.249337,42.493301,55.005389,40.363748,13.268422,10.064955
17.5469,32.912076,-3.094647,89.861478,84.986047,125.326262,106.564285,-81.390922,-103.161594
17.5625,84.284204,83.327933,122.960524,58.515609,78.853017,60.443931,-103.678413,-78.710157
17.5781,-60.576692,-41.562631,-80.624959,-10.534357,-34.848777,-57.334965,-56.234345,-50.633100
17.5938,-26.452785,-3.249432,-60.766215,-50.639003,-49.644274,-41.197198,38.260644,32.333954
17.6094,82.630816,42.349455,-3.818188,19.577241,-31.235221,-26.328877,91.667234,118.836199
17.6250,-69.763662,-6.735110,-31.285601,-25.743928,-75.414357,-35.026399,59.595583,47.409233
17.6406,-33.004902,-9.552438,-111.133321,-51.357750,-69.740412,-86.965701,-1.229787,-18.943861
17.6562,94.423792,64.459865,-49.588604,-84.464398,-67.475390,-48.795243,-96.031214,-93.880187
17.6719,-36.160232,-21.349943,9.213763,18.954289,24.960573,39.039483,-67.369296,-52.191992
17.6875,-23.054203,-78.617415,80.050613,74.000514,93.348143,101.276328,-0.182853,3.352502
17.7031,45.471231,52.429466,58.298412,36.384263,61.825690,56.337405,137.207848,66.601404
17.7188,0.145981,8.194744,25.546911,-9.331895,-3.826379,1.789228,93.583653,69.747393
17.7344,-68.247756,-50.188306,20.120364,-8.367240,36.516952,52.491494,20.370836,11.589168
17.7500,45.490816,37.969161,47.108125,68.458585,49.309022,39.975643,-75.933160,-56.930430
17.7656,51.092130,41.131911,-40.415752,-12.586240,-58.061150,-21.386309,-71.478352,-120.414214
17.7812,-72.257472,-99.096302,-100.768822,-106.536676,-92.485515,-96.100674,-27.670454,-12.297333
17.7969,28.255796,16.415235,-97.202740,-77.558435,-94.454927,-41.725367,51.462472,58.733121
17.8125,43.945128,79.304143,13.926020,26.183063,-23.383906,47.138468,118.920206,77.684481
17.8281,-27.138804,-73.088149,47.672155,10.173682,13.606669,11.407655,59.261105,61.555670
17.8438,-10.874421,47.858899,24.248367,-6.033502,-53.252102,0.680672,-48.983092,-46.114839
17.8594,49.765348,102.325172,-9.884690,-12.784319,41.677672,55.857085,-94.996574,-89.699455
17.8750,-45.452892,-57.143585,66.047059,87.800340,92.939661,125.804531,-63.240034,-11.612793
17.8906,-34.768073,-18.677031,97.182244,104.117968,93.639323,54.874504,24.825839,27.476705
17.9062,70.579452,103.122551,10.184908,23.153291,4.790086,-11.443972,74.599578,71.761046
17.9219,-81.140494,-10.111777,-45.882535,-49.273008,-27.945381,-31.957359,62.472050,61.145885
17.9375,-40.671736,-53.920578,-40.275652,-7.882543,-38.881845,-27.487230,-10.552415,-12.817862
17.9531,82.886576,87.319388,-35.720596,-40.367330,-1.037193,-28.935388,-69.054341,-79.500240
17.9688,31.768641,-8.236902,-83.342096,-124.137086,-114.742672,-74.395593,-123.428225,-97.488361
17.9844,-56.615819,-73.401480,-104.865412,-85.370895,-100.306126,-91.303284,-29.158306,-39.153115
18.0000,51.654740,39.746347,44.104046,-2.984363,-4.066525,11.767755,68.744966,80.021667
18.0156,48.536799,14.501889,92.156336,83.177266,99.720407,95.877040,99.089821,135.849967
18.0312,-81.294527,-62.588118,71.081523,113.043321,51.858394,85.334764,57.973386,26.421831
18.0469,49.653970,41.144737,-6.757626,-7.181372,24.733095,1.874625,-63.351503,-40.821511
18.0625,15.327551,65.793828,26.668978,6.275914,26.444709,36.132153,-85.565927,-108.971212
18.0781,-112.629645,-52.133419,47.867756,61.089571,63.396066,58.589282,-29.773537,-62.780577
18.0938,-5.638314,-29.000747,0.359950,-2.327613,3.231719,-12.209900,37.508642,49.428636
18.1094,89.048018,72.737958,-74.166553,-85.255799,-73.603501,-73.988334,78.410426,91.346846
18.1250,-52.211702,-47.607481,-103.342154,-113.052499,-100.726862,-84.089405,85.406898,101.079335
18.1406,5.268746,-51.270646,-10.290269,-9.610349,-42.867440,-34.048600,-17.366590,-19.810302
18.1562,61.771651,45.867986,17.195161,9.085631,6.776784,10.048278,-119.947575,-103.852889
18.1719,-16.209575,-55.564939,-21.676139,-15.446529,-23.878361,-21.468743,-72.799944,-83.415131
18.1875,-13.148193,-81.688479,-29.961569,-0.377303,-24.343393,20.644206,45.461808,7.296022
18.2031,74.748398,51.050435,82.154617,42.878219,58.616288,72.761542,70.067457,96.838694
18.2188,-46.233224,41.365991,123.836719,100.173517,96.562090,108.561014,82.387329,87.629347
18.2344,-58.073506,-123.633908,32.396970,67.740960,-10.260088,41.186141,50.777924,-10.092715
18.2500,41.149420,60.709159,-6.716949,-73.882499,-51.155941,-48.965981,-64.265467,-89.197361
18.2656,36.091090,39.795963,-76.421144,-7.587119,-54.143896,-58.691493,-106.639511,-113.859791
18.2812,-80.767571,-67.104830,-13.622406,-10.650007,-4.923743,-2.269750,-11.203438,-65.712600
18.2969,20.579416,30.459406,-50.199605,-67.228745,-62.107386,-32.345492,34.808787,60.333098
18.3125,29.722572,63.426441,-71.122442,-85.601300,-38.793218,-78.122794,149.153210,70.464786
18.3281,-52.777899,-64.528269,-21.674392,-41.812514,-21.871145,-14.517154,72.769281,45.054305
18.3438,-9.622508,2.269424,64.693869,56.708974,64.554197,75.831568,-21.571897,-40.865300
18.3594,77.632808,49.853950,66.635489,105.754442,45.084433,88.963057,-40.349074,-61.849178
18.3750,-60.842214,-32.739772,19.701571,21.465696,20.921310,58.621930,-45.623368,-35.264133
18.3906,12.142477,0.076895,-2.734457,31.622115,30.009918,26.278467,49.105262,60.789328
18.4062,75.111960,60.970761,55.209258,28.945181,68.956133,71.922268,69.680220,68.712706
18.4219,-38.871014,-39.765198,19.009612,31.728992,28.991046,18.203517,96.219994,60.459879
18.4375,-74.809688,-60.301365,-47.297504,-62.429390,-58.902179,-69.167639,-6.990718,-11.825042
18.4531,53.679844,29.276350,-118.751150,-148.239226,-109.090907,-81.328388,-59.236937,-85.148814
18.4688,-28.713780,-8.968804,-59.325257,-77.096956,-79.229427,-50.531593,-82.967039,-103.854145
18.4844,-28.814580,-80.588319,-19.572017,-1.458250,24.306713,49.260664,-35.381617,-8.282655
18.5000,6.271355,65.566716,-7.141372,-9.539698,-10.945036,15.711984,81.147452,60.871293
18.5156,20.503799,44.414226,-32.110409,-0.316726,4.425747,-3.496267,73.396341,111.677492
18.5312,-77.206057,-77.740924,39.234512,93.191073,56.363463,52.983204,33.931313,36.011294
18.5469,44.150466,8.369654,71.087350,99.584425,86.569716,102.413418,-55.619679,-49.250397
18.5625,16.564816,57.708587,65.461149,59.527112,37.491867,40.786865,-95.741824,-87.583876
18.5781,-86.853183,-79.760715,-20.946174,-38.458484,-51.896243,-17.085056,-44.745577,-42.073464
18.5938,25.105951,-39.318508,-56.087483,-31.023878,-84.339335,-58.782658,59.196097,77.975555
18.6094,54.486110,48.736193,-31.262225,-19.835366,-44.412685,-12.230458,107.198733,115.250644
18.6250,-47.804562,-41.267819,-31.434590,4.556990,-5.118545,-21.619320,72.271216,72.376043
18.6406,-50.641511,-27.422541,-86.557648,-64.965417,-82.724755,-105.418576,-44.510949,-61.285953
18.6562,48.683683,66.097126,-61.115295,-52.792028,-84.907408,-69.391138,-72.165917,-80.344229
18.6719,-69.663535,-40.471697,47.865982,15.868069,33.642491,46.799435,-98.346741,-87.036413
18.6875,-57.577894,-65.732607,109.796356,104.619846,58.010021,115.473645,-17.029220,6.249493
18.7031,96.219244,60.294452,27.717836,52.891519,50.350975,39.697050,58.123007,51.194829
18.7188,-30.433915,7.490745,4.834965,25.288748,5.597929,16.044849,74.524249,115.969544
18.7344,-91.684246,-66.125100,16.502410,-15.882008,33.177592,59.435791,10.592673,1.241387
18.7500,11.010008,59.352089,43.911827,48.585869,34.848504,44.550701,-96.818101,-73.032224
18.7656,-3.694857,45.319375,-43.672310,-65.002979,-49.939653,-15.717289,-89.059104,-116.741618
18.7812,-47.368466,-74.748401,-78.959676,-85.533813,-97.816928,-113.723785,-37.907361,-25.672395
18.7969,69.642140,35.684864,-99.405378,-81.512143,-68.682387,-98.074178,72.343548,57.198064
18.8125,50.715930,33.922761,-15.714741,-13.766246,-32.427951,22.085049,108.880661,81.500259
18.8281,-49.856591,-43.698749,28.352026,13.536433,40.759280,15.727614,83.071610,59.448244
18.8438,2.872568,-14.924703,-20.684289,-26.068882,-44.579284,25.161945,-40.205640,-14.105870
18.8594,79.223815,52.755500,44.149488,23.151352,25.631900,30.595110,-71.907838,-112.761593
18.8750,-45.128767,-56.089345,101.994549,75.742085,116.694102,95.587304,-74.898434,-92.247008
18.8906,-25.982793,-56.308771,141.718900,99.304070,101.122209,76.730197,56.425084,46.727580
18.9062,120.025151,74.912646,35.914874,-0.814942,11.763193,-4.972088,42.944767,75.195342
18.9219,-36.609147,-37.320213,-69.378993,-84.080678,-81.481815,-80.373097,62.831354,45.050039
18.9375,-37.166234,-42.629065,-14.802748,-29.425010,-10.045293,14.523407,-19.876449,-16.399443
18.9531,68.080363,96.482945,1.577636,-6.685059,19.274212,-19.109566,-93.092292,-82.852630
18.9688,-41.714746,15.439146,-72.324131,-76.066135,-71.863654,-67.076488,-73.530387,-98.444388
18.9844,-63.720585,-71.048080,-64.309110,-110.548680,-95.918415,-106.505692,-51.551926,-11.388710
19.0000,68.585939,6.923574,4.902043,0.456096,43.355650,-21.799617,80.247254,66.847586
19.0156,25.224739,21.667255,68.993953,71.039401,48.069091,93.925996,106.847936,65.003352
19.0312,-80.094361,-18.463915,87.102771,82.395185,26.530161,66.953113,4.393255,26.264394
19.0469,2.666071,31.023328,47.334202,4.398149,-17.401476,31.971569,-55.356918,-58.129733
19.0625,77.744738,25.776226,42.768199,22.207902,41.441675,24.857936,-103.762338,-118.533708
19.0781,-45.839379,-87.265442,80.895353,66.118696,42.439325,82.436623,-66.426127,-49.520144
19.0938,2.427306,12.249280,-5.574521,36.845309,1.357181,22.110347,46.326974,67.235742
19.1094,90.273464,52.627325,-98.542574,-89.591414,-87.576851,-74.749098,57.308861,117.684926
19.1250,-66.334814,-46.714295,-114.946262,-80.204093,-113.674893,-65.398677,45.485035,80.188471
19.1406,-13.739647,1.224231,20.308120,-6.845409,-18.760324,-13.310062,-34.093232,-40.092769
19.1562,53.065660,76.202165,15.304985,17.805388,49.229936,0.752759,-93.805311,-101.597735
19.1719,-18.359189,-30.194054,11.406231,-20.542980,-71.782396,-23.914583,-66.072934,-77.375475
19.1875,-52.615708,-60.603588,6.570590,-27.515120,17.408103,-44.679613,-19.041107,20.589053
19.2031,60.646811,21.099317,75.151420,105.593795,95.874146,92.934431,77.498325,28.672539
19.2188,-5.786562,-10.141440,93.078659,90.051069,108.447346,109.699343,82.780725,62.527806
19.2344,-73.129799,-73.654735,25.655621,42.757809,44.424869,34.813300,29.518459,-3.374242
19.2500,79.968872,31.718139,-50.706082,-62.440939,-52.836676,-32.142426,-87.504228,-52.795234
19.2656,3.615528,60.317354,-43.661627,-19.190148,-24.413722,-38.024532,-76.539882,-93.478232
19.2812,-72.222095,-45.250291,-2.790842,-18.534515,26.348224,0.684184,-1.623913,-58.756867
19.2969,42.481106,-15.848273,-51.123587,-73.096530,-41.421502,-71.387474,40.678434,49.572934
19.3125,40.525788,70.575460,-72.139976,-79.655367,-95.087317,-82.858840,100.571352,91.926809
19.3281,-25.118943,-42.575094,-63.183176,-72.431140,-70.112230,-3.965777,63.947793,75.209414
19.3438,14.143841,25.495977,62.864264,63.632877,46.202336,73.962477,-52.298243,-31.257286
19.3594,95.282416,143.986555,65.324460,70.926782,115.728275,84.190464,-143.543712,-87.364900
19.3750,-18.188481,-19.741663,37.216789,-6.017953,20.462825,3.396209,-59.767850,-69.926460
19.3906,-21.013653,-23.552316,-1.134995,5.287700,-16.652018,-15.989717,29.330288,7.380180
19.4062,75.540320,69.471698,72.236343,29.450656,44.617920,75.602591,107.237584,95.664371
19.4219,-34.938520,-10.103185,28.571397,56.331049,50.299498,7.566748,62.146477,83.492827
19.4375,-78.385007,-53.859731,-67.269878,-13.188077,-79.102768,-84.897281,-22.281169,-37.576995
19.4531,93.950252,29.176069,-98.550503,-95.189326,-92.039621,-107.301869,-94.194002,-107.834931
19.4688,-7.884160,-16.272281,-50.660713,-46.997826,-63.129979,-48.927636,-84.006653,-79.998003
19.4844,-67.802895,-56.108060,-11.914249,-0.435878,-5.835309,16.537641,-5.479651,-18.577940
19.5000,76.277353,47.550972,13.802432,-17.823853,14.851650,26.289047,64.822969,86.770768
19.5156,38.510576,25.102235,-22.746823,-21.920435,-22.236696,-24.080887,120.153911,103.562816
19.5312,-86.488039,-85.697016,38.516423,49.416590,62.614536,23.746661,28.674841,36.864363
19.5469,17.018522,-13.696801,76.867608,79.246951,106.352217,95.567481,-34.934761,-74.385807
19.5625,35.935806,68.303058,2.706657,63.045033,60.658771,86.009266,-96.052752,-118.432237
19.5781,-55.734167,-57.187333,-24.807432,-63.136719,-43.166100,-34.805039,-29.816510,-42.277703
19.5938,-10.495167,13.705198,-51.282832,-73.134409,-47.384373,-39.102034,104.720665,76.278977
19.6094,68.141339,41.394448,-5.083345,22.220642,17.122735,-20.140316,104.926259,124.211685
19.6250,-81.024126,-12.512853,-27.320649,-41.813647,-4.387651,-40.032104,10.047509,40.685093
19.6406,-37.059758,-6.536818,-69.067222,-92.227148,-90.505880,-100.842230,-25.430527,-20.108512
19.6562,90.260745,98.810402,-45.799047,-77.977444,-45.225666,-62.103214,-85.848076,-80.033960
19.6719,-6.249048,-37.604751,14.733902,38.292417,24.704242,76.464469,-65.768649,-100.885092
19.6875,-32.092482,-78.895459,84.581841,56.931851,95.800926,75.961194,25.988608,18.468944
19.7031,79.566117,29.874716,49.230774,52.918971,59.971016,30.639258,87.394335,77.123495
19.7188,6.233704,64.727362,34.869156,16.459450,17.651756,17.404756,47.379446,78.125173
19.7344,-64.585171,-55.573232,46.330367,12.481863,9.492808,9.731797,22.874010,-15.285905
19.7500,75.675352,72.915965,80.111441,73.220028,10.494713,72.705906,-74.514706,-77.583551
19.7656,21.984013,12.649493,-51.286691,-36.100466,11.149914,-19.147278,-116.184375,-84.952082
19.7812,-84.667865,-50.717318,-117.357112,-93.422608,-95.602883,-109.131901,-28.027246,-15.447745
19.7969,-12.458556,11.005544,-81.218366,-57.580886,-77.592734,-80.098230,86.690802,44.422558
19.8125,47.692130,53.252762,3.968092,-5.335845,-4.265890,-5.991680,108.969834,122.256985
19.8281,-74.710562,-80.855019,13.354668,-0.719628,43.914107,-9.636316,40.134778,46.032203
19.8438,22.930543,-16.251632,-10.130661,0.005892,-6.923449,-25.196643,13.710995,-59.411265
19.8594,71.844279,55.607801,19.706750,16.960031,27.770753,18.392908,-144.223125,-158.750879
19.8750,-67.300013,-50.667369,54.608883,101.250236,79.117693,105.829131,-57.549683,-22.299626
19.8906,8.440388,-10.477144,103.004690,81.176085,105.309900,93.983944,29.241318,-1.730875
19.9062,45.709637,76.073379,9.592062,25.955069,5.293372,-0.320978,99.844300,105.721696
19.9219,-17.146426,-39.284546,-58.516934,-52.682336,-28.905806,-50.898158,106.641719,59.718675
19.9375,-54.890238,-92.203148,-7.171350,-31.257949,-49.661669,17.796549,-25.903322,-9.586434
19.9531,97.558825,46.224512,2.492327,-52.751246,-18.452550,-21.164826,-98.995068,-104.412395
19.9688,-19.987106,-12.488747,-79.380935,-71.110754,-87.983496,-81.374886,-76.734485,-99.226095
19.9844,-60.463982,-45.029174,-85.431952,-76.158055,-68.956653,-42.973193,-9.558748,-18.416099
20.0000,448.889270,462.380983,418.834591,417.824979,417.770564,420.743056,468.249771,458.091668
20.0156,345.727763,353.041810,473.548491,395.940386,458.546872,422.515966,449.583141,431.851766
20.0312,-19.594891,-5.513123,85.598510,109.896167,101.170181,124.931721,74.840858,49.159049
20.0469,147.744629,148.140053,132.748361,126.838174,125.961053,86.381033,53.778609,58.372248
20.0625,192.990261,206.573713,159.581481,149.535830,157.535660,159.404336,21.171821,45.557406
20.0781,-173.482799,-156.086075,-17.044892,-67.745264,-32.204889,-18.886392,-92.053753,-145.620815
20.0938,98.093677,55.768618,60.382877,28.921985,81.921060,71.121207,78.282093,133.834341
20.1094,126.945433,156.688833,-22.944866,3.044836,-11.597622,2.401333,155.286261,189.097524
20.1250,-153.263703,-159.677102,-193.600220,-222.337965,-227.551718,-235.583861,-54.668047,3.201577
20.1406,-3.510520,-0.027158,55.759432,51.630286,70.089434,60.438919,52.204131,63.649311
20.1562,144.048840,119.095110,44.940687,109.777567,53.805524,52.354438,-55.233441,-42.234563
20.1719,-153.587445,-132.649276,-108.390647,-106.891287,-128.091653,-123.522143,-163.512760,-205.575309
20.1875,-4.126411,14.429149,102.422967,41.158859,85.820512,50.745835,109.870791,100.184352
20.2031,110.653129,67.882900,119.606763,76.495878,81.988901,84.055149,112.252202,86.007463
20.2188,-87.082746,-109.755766,-12.274319,-3.588987,-8.783910,-18.090161,-31.168275,-71.233301
20.2344,31.926971,67.620312,141.122366,130.408745,106.571242,139.597827,109.769981,121.527882
20.2500,69.927069,68.577037,-28.837051,-79.717291,-45.791150,-55.906362,-61.007785,-97.825335
20.2656,-69.712627,-28.504850,-151.027491,-155.034731,-145.688240,-110.856213,-178.815296,-179.349582
20.2812,31.658273,49.564890,120.383338,119.446975,115.147530,89.171381,99.066791,39.455543
20.2969,14.936601,1.958059,-49.269973,-92.919399,-54.860272,-91.650193,67.346792,50.061851
20.3125,-10.158807,-4.595239,-207.437657,-193.275164,-152.094306,-165.018496,29.073875,19.505100
20.3281,32.161594,24.173930,71.237946,130.092483,80.884569,84.460205,171.380515,170.816711
20.3438,-27.384406,-35.719166,33.345816,24.687449,25.524373,-1.510204,-129.871981,-57.901714
20.3594,-6.617211,-9.386939,4.557489,7.017484,4.725005,32.181003,-182.654945,-168.153501
20.3750,56.280929,81.818246,110.284091,112.118287,146.572826,140.867068,43.459037,54.136169
20.3906,-91.378397,-123.727853,-104.848293,-59.670678,-38.750667,-74.468990,-44.602167,-74.905063
20.4062,21.455455,-9.016949,22.321286,29.700113,12.278207,0.408813,81.228090,29.839407
20.4219,70.703140,83.893238,137.438238,118.743472,149.687500,145.429681,164.393209,186.977392
20.4375,-99.479015,-123.780816,-126.503014,-150.650697,-179.738967,-162.190036,-93.274250,-96.792136
20.4531,73.045403,13.617084,-90.390054,-149.449008,-124.645972,-156.967962,-112.112577,-101.418234
20.4688,83.556968,120.891654,85.934926,66.756786,32.618914,88.581655,26.672676,42.018879
20.4844,-156.426963,-100.044660,-68.921310,-82.448873,-93.599946,-71.759748,-120.937123,-119.741908
20.5000,47.742713,56.468799,-8.544661,-49.736743,-5.804688,2.881963,61.870890,71.179660
20.5156,111.417378,134.571070,72.732373,78.865832,66.058798,100.418125,244.831889,214.729648
20.5312,-191.500763,-205.070092,-41.230527,-44.982375,-66.940905,-74.118807,-65.442320,-112.065475
20.5469,29.807129,40.951517,108.530966,123.970978,121.163687,107.920599,-92.029478,-39.204952
20.5625,99.041584,128.564330,145.874986,140.545868,172.296904,121.334388,19.207283,-9.358097
20.5781,-189.735638,-200.375938,-153.175262,-153.050293,-172.110103,-125.652526,-170.505737,-155.100815
20.5938,53.963616,60.626420,-28.486781,13.785639,-20.672048,-22.881159,109.593819,84.992086
20.6094,105.366746,126.652853,56.812071,53.708064,47.112990,74.001634,163.857099,179.008083
20.6250,-175.557283,-174.186590,-155.704044,-147.239942,-146.358827,-138.935144,-58.685352,-46.144864
20.6406,32.216801,21.127591,-17.921936,-0.771846,-6.527588,-34.448067,40.538453,71.120374
20.6562,95.056499,131.016821,-10.130225,-42.460902,-10.647108,-5.515310,-31.356512,-26.517185
20.6719,-172.152922,-176.620336,-67.531756,-92.952829,-41.119300,-73.035694,-184.079620,-191.443701
20.6875,42.610419,16.525979,156.282176,199.614356,158.654562,168.240556,92.663265,76.175812
20.7031,126.123547,109.888466,69.000180,74.609859,17.262105,49.886752,115.010445,95.215169
20.7188,-116.619282,-115.068714,-115.167125,-102.134651,-101.914017,-97.936815,-3.984106,-31.907402
20.7344,19.954007,51.382462,118.150304,104.993007,146.056942,141.171417,105.824613,94.583644
20.7500,88.708383,32.063640,38.986682,28.977498,59.950985,80.176300,-95.777047,-100.672186
20.7656,-62.866388,-65.308552,-111.978179,-119.449744,-140.012876,-118.089036,-185.174838,-136.535991
20.7812,42.156650,16.884027,-20.815011,-3.159351,-4.590957,-5.543282,98.584740,75.431262
20.7969,-2.556939,-3.141713,-50.112878,-94.855653,-116.873901,-96.079923,29.629552,41.085275
20.8125,-85.407390,-4.821994,-95.671056,-88.808649,-80.153478,-87.212067,17.353309,44.764865
20.8281,32.817471,72.149755,143.090683,111.913599,143.296103,176.182785,164.303525,181.971569
20.8438,-53.871954,-61.985789,-61.011244,-5.687833,-77.342307,-62.839655,-86.111080,-92.816950
20.8594,-18.813326,-22.278334,-58.404045,-35.966996,-46.289157,-41.895874,-176.713693,-160.699098
20.8750,67.672584,80.295918,221.043829,205.311953,227.689100,230.299773,62.150788,42.152964
20.8906,-102.762609,-100.781174,17.414090,-0.481141,14.178299,0.773457,-18.415943,-8.796930
20.9062,26.744552,24.366321,-56.077839,-37.197235,-57.259591,-51.016814,39.311946,60.248981
20.9219,114.238417,112.544709,60.281501,54.510743,109.944328,28.813352,198.153678,189.038192
20.9375,-146.883123,-140.974348,-115.468516,-111.139423,-89.048436,-97.817193,-112.485123,-87.696117
20.9531,26.781156,53.296555,-54.193542,-22.475830,-30.098628,-39.825543,-79.913093,-99.606562
20.9688,126.290297,145.627668,23.559054,82.953778,12.850402,57.664791,34.819209,9.440013
20.9844,-162.305715,-210.842965,-184.645801,-173.938781,-172.108777,-184.835747,-113.079059,-95.947030
21.0000,42.724642,9.269810,-31.291494,-12.961751,11.785533,-12.282952,73.504321,72.003177
21.0156,121.329092,153.400992,209.049453,126.535364,171.521758,198.496021,140.868432,223.914124
21.0312,-196.671761,-182.454913,-65.945310,-43.589596,-39.393873,-51.675928,-53.652648,-49.263593
21.0469,65.887289,70.433258,45.425197,60.320489,23.541234,34.012905,-31.532544,-53.378608
21.0625,81.079247,114.967414,101.043346,81.550064,82.894529,102.351051,-9.438613,-41.105416
21.0781,-195.361073,-167.087143,-99.440703,-62.172379,-27.166412,-76.971121,-184.977246,-152.212729
21.0938,61.073036,6.146681,71.969765,60.261724,73.833698,65.992662,107.688958,124.234436
21.1094,126.209360,143.364114,-66.157436,-59.751381,-25.686214,-60.078302,171.855072,167.817973
21.1250,-164.322293,-159.754359,-226.203001,-216.389714,-191.791319,-229.464636,-66.496462,-47.492864
21.1406,70.359584,50.276805,12.347654,32.763339,75.262463,35.993474,20.054859,45.067334
21.1562,132.635205,136.335777,55.700785,57.814618,50.076613,95.408310,-36.595936,-49.482193
21.1719,-179.378128,-157.099544,-105.109896,-143.367974,-137.444357,-140.073798,-203.778953,-198.624754
21.1875,20.658810,12.270988,74.189430,55.797203,85.822801,90.184348,99.166647,91.034896
21.2031,70.862690,79.298150,96.774524,103.445562,141.906181,96.323409,101.388274,111.784700
21.2188,-114.832282,-93.713342,5.361958,-8.689052,26.539379,-38.576993,-25.638656,-47.315027
21.2344,57.416754,19.710497,113.293032,135.004221,108.146189,127.980076,119.195090,113.033225
21.2500,48.039581,42.673986,-28.379136,-44.642233,-45.031858,-33.905008,-69.998186,-91.374784
21.2656,-109.520571,-97.286488,-140.278473,-137.443190,-143.337270,-136.747532,-177.866596,-197.089391
21.2812,30.436276,18.766597,78.945021,97.676695,141.442985,121.457774,116.317391,101.507304
21.2969,15.378633,5.911527,-86.745264,-86.976591,-92.477006,-110.768586,45.972525,50.954633
21.3125,-33.116317,-34.032480,-166.254301,-174.878264,-177.087677,-156.074064,23.026727,15.933428
21.3281,77.003969,66.081905,54.059018,93.858574,86.986850,83.913634,179.819026,187.869052
21.3438,-37.719513,-55.410691,6.851442,13.723948,5.805970,27.292373,-89.525862,-66.733844
21.3594,-2.970061,-14.561198,60.591061,11.179314,-0.511656,-1.960532,-126.962001,-122.601211
21.3750,52.572771,83.588897,139.700642,194.995713,146.509462,140.494814,3.664277,80.217547
21.3906,-42.582755,-80.282194,-42.950918,-74.678662,-56.815305,-86.685915,-49.341115,-51.540847
21.4062,11.261214,40.493568,-0.513242,-11.367791,0.278043,11.392726,55.852456,80.030572
21.4219,102.947722,104.596766,148.013348,143.769411,153.275803,158.751564,178.531796,184.905505
21.4375,-118.767392,-145.868634,-133.278274,-145.739784,-141.616140,-135.046091,-78.810847,-78.082103
21.4531,64.676753,51.036746,-117.688069,-137.000123,-129.360575,-159.083220,-102.228351,-96.002183
21.4688,75.234611,140.289657,92.530699,50.899714,72.806414,104.497029,34.980042,9.146752
21.4844,-205.167850,-134.917909,-97.760714,-58.873355,-62.255658,-73.687011,-84.870273,-135.025391
21.5000,47.523436,19.948727,7.010724,-2.297159,-8.589010,8.956978,99.814331,55.484468
21.5156,120.509558,150.164020,62.299865,83.628452,128.481349,55.717131,209.479949,189.859728
21.5312,-188.159384,-210.619421,-77.320249,-50.913955,-57.488389,-52.388551,-96.017389,-67.488173
21.5469,76.522660,28.837994,123.001303,142.557580,131.203005,93.716274,-60.912988,-32.659819
21.5625,118.241038,119.926833,140.655647,145.840046,140.481711,169.754462,3.892803,-8.761206
21.5781,-144.655890,-180.422868,-154.745211,-144.557780,-155.275711,-147.657765,-139.672719,-153.159604
21.5938,32.892799,4.939784,0.511079,-32.203749,8.070321,25.983592,84.631875,61.246409
21.6094,188.364990,132.749836,61.469898,60.585471,36.796914,76.536890,160.789531,181.136934
21.6250,-158.019487,-178.161202,-128.488517,-133.302903,-129.749508,-129.640288,-74.018336,-93.452819
21.6406,60.456878,21.538578,-20.687418,-19.853580,-15.783172,4.692318,29.241904,28.118994
21.6562,96.948433,87.510493,-1.042020,-19.103461,-2.001047,31.840415,-55.996874,-43.641725
21.6719,-146.427131,-139.818733,-92.143037,-76.921974,-90.627770,-75.358825,-184.689613,-157.001939
21.6875,60.295338,13.872529,163.564895,160.328731,177.471757,166.152293,110.377011,129.844669
21.7031,80.593770,113.161292,71.821105,69.689166,95.730033,54.231019,128.034372,82.294040
21.7188,-144.264149,-106.722245,-116.070632,-102.248237,-91.848713,-113.343108,-32.519578,-34.380545
21.7344,83.100329,24.038080,146.443811,131.870763,112.843987,115.281639,93.801432,73.185291
21.7500,62.099883,2.606053,71.756859,38.690064,49.617381,34.689184,-120.192805,-86.602089
21.7656,-98.287390,-53.668745,-133.883070,-122.375671,-107.683936,-127.668164,-194.559311,-149.807211
21.7812,0.643915,42.798967,22.872445,1.766321,0.561877,-28.597767,86.657637,100.682291
21.7969,-13.347315,-36.798648,-112.720149,-107.943227,-90.057251,-77.611538,19.193912,17.209177
21.8125,-34.739502,-33.183983,-77.739857,-102.264127,-61.130506,-82.371468,29.921113,2.931827
21.8281,19.760269,74.332471,181.207274,104.246099,92.839945,158.815777,181.216306,162.612942
21.8438,-65.097370,-27.243214,-51.157059,-73.975213,-48.614791,-58.672173,-97.309540,-91.633777
21.8594,33.599565,-52.929414,-58.028358,-38.441063,-69.087182,-31.418424,-167.274063,-150.684124
21.8750,94.108029,92.413239,222.234346,235.364873,237.351691,206.507894,91.980946,37.689540
21.8906,-98.320489,-121.792509,43.188997,20.850244,16.805465,17.062611,-54.943274,-22.172130
21.9062,12.229271,31.515315,-27.006302,-55.754235,-55.483021,-58.811941,58.477592,3.802868
21.9219,55.334340,71.482182,39.284109,68.403036,91.451884,72.735871,204.088129,168.555343
21.9375,-141.397975,-91.756920,-66.102409,-124.595631,-130.811836,-109.796696,-88.768661,-67.971102
21.9531,59.890014,3.337434,-40.723716,-24.941403,-37.141079,-44.858302,-100.712264,-77.297864
21.9688,123.503938,102.124133,60.998779,38.554730,42.777067,51.090660,-2.627332,49.743911
21.9844,-153.294528,-161.967317,-194.607631,-170.531965,-140.982685,-197.358704,-122.920447,-137.092587
22.0000,81.406868,24.682377,-9.346061,3.617180,3.381373,12.855188,48.462061,76.826301
22.0156,122.202135,136.021313,177.729338,158.244928,168.913474,170.123045,208.165779,193.464154
22.0312,-192.946763,-172.648610,-22.381375,-18.250271,-71.470602,-23.550590,-73.732893,-79.305275
22.0469,48.894118,62.782171,31.194094,24.595577,40.616198,49.694853,-24.782369,-36.417315
22.0625,123.914169,157.214845,97.598693,95.588772,100.940852,98.526536,-7.967744,-36.376869
22.0781,-158.373966,-175.226896,-62.313335,-45.736601,-110.404529,-60.597573,-172.351189,-152.081621
22.0938,64.184631,48.554591,43.756926,74.663996,32.534237,41.021227,84.159864,120.724823
22.1094,119.791772,159.886439,-31.579896,-31.441173,-35.928800,-53.123928,160.053245,132.128745
22.1250,-188.052783,-139.564816,-235.965543,-252.697857,-197.870550,-208.824731,-90.759221,-94.817579
22.1406,30.103363,45.081757,71.259144,85.213839,60.857279,26.613731,61.366932,9.411201
22.1562,108.284037,110.085726,45.881014,63.963821,87.829666,50.989675,-76.041462,-47.666947
22.1719,-147.051129,-119.559187,-135.891798,-122.970914,-135.952687,-111.765192,-197.421486,-191.536033
22.1875,32.726161,7.717805,85.736066,96.829218,55.743254,108.446833,109.332516,91.405348
22.2031,82.093822,97.090464,92.777369,42.268783,115.514404,83.985538,79.822655,129.396436
22.2188,-122.064443,-60.948596,3.652867,16.589682,14.077191,27.769120,-11.903534,-42.305619
22.2344,27.654690,32.975642,77.295224,152.969946,128.673186,134.041076,108.231675,96.173177
22.2500,40.164494,41.738252,-78.368645,-46.175970,-36.179700,-57.280402,-75.618669,-86.313697
22.2656,-60.457664,-56.647711,-109.736027,-131.233510,-157.172143,-143.346974,-183.891717,-196.727290
22.2812,67.805120,10.462678,113.966533,146.412120,129.050869,90.510805,80.599185,71.722607
22.2969,-6.857529,14.573461,-58.692385,-84.843120,-72.855582,-78.660278,7.066881,63.098141
22.3125,-70.544183,-31.936845,-154.376441,-149.566449,-194.131660,-217.786574,-21.747785,6.560801
22.3281,26.622682,58.845884,67.154620,63.887859,76.675865,104.751873,184.044115,193.289454
22.3438,-42.157558,-41.167880,18.468684,3.668920,11.150433,27.085850,-66.698054,-89.452311
22.3594,-10.326938,14.543639,2.740019,13.742624,4.076738,-7.980912,-152.060967,-187.986085
22.3750,67.699362,107.393261,165.142178,101.404593,124.955825,131.854090,73.617779,42.333232
22.3906,-71.472900,-111.523913,-69.300317,-58.450551,-58.508044,-41.152035,-36.399315,-40.146723
22.4062,-1.529694,15.269463,-32.773791,32.225670,31.512075,3.490265,62.166550,98.918155
22.4219,66.913694,96.454295,185.848878,175.697539,179.694635,139.559892,197.702210,217.837218
22.4375,-132.347563,-161.212664,-149.053199,-123.250980,-164.268407,-144.875571,-111.501480,-114.786541
22.4531,73.594587,38.376829,-134.726488,-104.623470,-137.420380,-120.607874,-78.541471,-103.712545
22.4688,117.554376,132.547800,47.267674,60.721903,78.869778,87.546707,10.950954,24.954271
22.4844,-160.160337,-205.206141,-116.129004,-77.841713,-101.868202,-67.879691,-187.544952,-94.425013
22.5000,21.519364,9.244758,-23.188132,-2.587761,6.299712,37.687862,79.726431,48.121997
22.5156,142.862895,135.542540,104.814555,87.164525,91.262426,70.147629,194.014541,207.160582
22.5312,-147.584701,-160.325825,-69.102091,-48.953732,-42.133740,-62.634209,-115.032028,-64.912625
22.5469,35.453719,30.215557,157.217516,127.890824,119.298287,129.494412,-41.812463,-63.440929
22.5625,122.390864,142.425623,119.214706,163.851853,160.714132,173.170794,-24.528052,-14.886755
22.5781,-185.926404,-157.418396,-118.959770,-194.853595,-173.296921,-151.201921,-170.061607,-166.010190
22.5938,62.667756,66.182990,-15.119829,-11.910687,33.149267,-2.979425,77.654621,77.338059
22.6094,135.702951,108.049817,32.124477,49.127745,34.484919,23.682380,195.000451,185.487650
22.6250,-171.904587,-163.271161,-171.518218,-130.075237,-157.149612,-129.915779,-56.544595,-39.484035
22.6406,74.234924,31.002320,3.755559,-38.386830,-29.524204,-9.650495,43.548438,61.009027
22.6562,94.626292,81.889962,22.829386,-32.333143,-27.368653,-18.245400,-1.778869,-70.267602
22.6719,-151.159720,-116.518574,-96.154942,-84.430822,-62.889601,-101.457158,-179.834536,-185.384102
22.6875,53.799345,29.678894,170.687420,141.244270,197.860380,162.165154,65.884527,127.022986
22.7031,122.447011,113.440345,80.180060,41.631605,77.140928,40.134220,96.966627,113.609227
22.7188,-122.168832,-93.592717,-97.325074,-88.338757,-93.125049,-131.834656,9.368694,-21.257880
22.7344,80.976529,40.251307,145.908537,149.256510,161.840835,151.422931,129.469963,123.465554
22.7500,67.095535,34.920645,7.489675,67.923101,95.640997,58.185700,-50.338496,-84.371738
22.7656,-125.574547,-76.618638,-153.420762,-126.725180,-108.538724,-146.401731,-188.977545,-181.641287
22.7812,39.180237,25.127361,18.983355,-8.744218,2.040574,-14.158133,97.214554,89.788715
22.7969,26.116069,-22.639533,-113.984240,-78.923969,-93.866518,-105.417012,30.748166,26.245062
22.8125,-40.044723,-35.813584,-84.513209,-69.538331,-83.357618,-59.942589,-4.501766,25.528383
22.8281,66.245930,55.645372,143.520381,151.885391,138.135927,163.195240,184.146558,173.853573
22.8438,-29.558867,-61.207024,-41.985544,-42.208436,-84.464737,-49.308796,-96.323422,-82.306748
22.8594,16.454793,28.311070,-82.237104,-48.652024,-79.762672,-38.189764,-188.579501,-143.007142
22.8750,76.379075,92.364641,190.499541,217.807205,212.458692,218.713694,39.496712,84.656486
22.8906,-131.476561,-126.640359,47.265815,-0.886912,-2.183736,12.036003,-55.857503,-44.226539
22.9062,8.206104,6.057076,-71.672484,-49.562414,-38.074740,-49.537699,55.350370,39.480672
22.9219,115.472249,85.245209,74.358375,66.993967,78.745941,62.665034,187.743238,214.397803
22.9375,-114.564748,-144.354315,-102.610333,-98.423066,-129.936487,-106.363087,-100.442959,-86.464055
22.9531,27.492804,34.169619,-35.710875,-26.262024,-19.662251,-45.856411,-108.694958,-107.464281
22.9688,77.488360,118.838006,25.560163,37.217994,57.723059,63.339124,29.721000,25.554099
22.9844,-163.527729,-143.446022,-150.508478,-187.331237,-154.128704,-183.005436,-140.092400,-127.555571
23.0000,74.045127,112.844464,7.571626,27.269103,-6.857417,-23.876483,63.114430,85.224485
23.0156,76.041506,142.691137,170.798116,189.565940,216.471799,210.126066,211.902539,189.007659
23.0312,-194.371055,-167.875866,-33.682511,-71.914528,-50.710894,-55.569976,-81.889037,-97.239406
23.0469,23.984539,56.306941,74.937147,19.860611,32.015481,71.856578,-52.703730,-63.785366
23.0625,117.138283,169.914402,89.351117,137.725756,98.243980,79.877084,-5.725874,-1.104144
23.0781,-207.276132,-122.508058,-19.003793,-72.586722,-52.512222,-90.326577,-182.184379,-144.476712
23.0938,26.941632,48.880246,51.736918,75.445382,72.132100,33.916908,83.114902,61.516027
23.1094,156.845864,119.180235,-21.841546,-15.185646,-22.611364,-13.527945,170.695886,174.883251
23.1250,-189.670273,-158.950218,-224.621494,-212.032234,-182.486600,-190.992789,-57.866363,-66.460058
23.1406,29.265795,12.368672,59.045425,26.259528,8.042466,59.949834,45.218185,31.172068
23.1562,93.408021,94.497311,43.485607,52.280864,64.953136,50.355074,-58.188907,-70.898807
23.1719,-198.545969,-97.464950,-102.967208,-136.568459,-164.139768,-132.818612,-196.614498,-207.227501
23.1875,6.186137,26.044499,56.326316,88.515989,89.946636,89.395095,47.825149,57.161776
23.2031,64.588733,68.792222,115.494850,100.694520,124.646606,79.304110,131.987544,119.004497
23.2188,-139.108377,-105.082794,-16.861304,2.831143,-55.927943,11.476278,-8.132706,-26.860010
23.2344,30.302545,22.889449,118.484949,109.873469,81.084652,101.713764,119.863443,84.100560
23.2500,83.393837,35.860509,-46.884915,-37.696242,-38.211398,-53.050552,-73.014794,-59.659310
23.2656,-76.949084,-51.278730,-163.164084,-107.800686,-149.878080,-150.994382,-166.611193,-188.449828
23.2812,16.840786,55.787443,109.283197,137.472612,112.399769,108.711717,75.764386,96.124772
23.2969,-13.184724,-50.931214,-62.287701,-60.867953,-34.021587,-54.936938,32.293613,31.391778
23.3125,-2.638432,-4.875507,-208.875862,-184.738944,-151.789025,-153.521857,19.492622,18.509115
23.3281,51.394965,82.857208,90.800026,89.007115,73.681791,103.243265,175.177893,169.454815
23.3438,-32.615286,-52.901462,22.189932,28.878687,22.627496,49.923430,-76.177021,-120.675615
23.3594,-3.690412,45.458534,11.598098,-20.652031,6.860895,45.401282,-169.658637,-163.240112
23.3750,51.879727,77.124699,130.930138,184.975019,121.076877,111.930720,64.710806,73.352422
23.3906,-68.545437,-121.044773,-61.783186,-75.368586,-44.486138,-8.092718,-27.985036,-18.372759
23.4062,61.281402,39.020665,-9.780515,19.518505,-0.554285,-10.746437,46.901785,30.966322
23.4219,59.406288,78.476385,205.289198,160.560960,139.498248,164.005921,221.706520,166.158379
23.4375,-123.240175,-152.631431,-112.260957,-168.442577,-135.506006,-165.318325,-117.385451,-125.109873
23.4531,32.447969,21.205493,-128.507577,-108.561504,-127.158808,-104.127093,-123.439543,-112.671584
23.4688,61.520757,132.873601,27.767688,53.270957,60.882952,83.279391,10.407727,-41.522803
23.4844,-176.295371,-192.039809,-105.575855,-72.853565,-107.114783,-62.001910,-99.344956,-104.895293
23.5000,75.467782,45.503888,-16.934512,23.108809,24.094312,6.327017,69.038928,94.192127
23.5156,73.962953,142.037887,106.382256,103.468055,81.698663,51.602538,231.331594,211.511652
23.5312,-151.115037,-158.965326,-72.031347,-54.142672,-68.240538,-73.498026,-87.606872,-104.426850
23.5469,59.399681,65.715778,133.891698,91.528744,131.373246,130.877721,-41.424723,-56.931516
23.5625,137.776452,129.839841,115.868988,123.336053,157.528713,126.643642,-13.087304,-17.072330
23.5781,-177.596881,-176.700858,-156.216939,-133.124010,-171.337783,-134.040379,-156.823852,-168.995237
23.5938,64.903582,44.632691,14.842735,51.932783,-46.633534,1.853068,96.119395,77.446664
23.6094,111.425359,87.567950,95.139634,43.306045,52.510468,69.924213,188.865018,170.053549
23.6250,-181.921920,-124.666478,-134.621728,-165.585169,-148.557546,-147.854163,-45.759277,-29.652433
23.6406,78.625306,30.855809,-5.408212,-21.341317,-44.519283,-18.804005,63.902473,79.596806
23.6562,69.566797,136.933007,-18.276329,-9.050109,5.188959,-27.445093,-52.224853,-51.091458
23.6719,-154.529931,-126.772872,-89.312334,-98.630658,-49.866310,-93.828915,-210.650464,-187.720841
23.6875,34.016340,30.067713,176.927601,152.799015,222.579057,163.112398,86.403917,85.840001
23.7031,78.499432,85.272695,35.248023,68.687957,68.328568,79.127499,148.159136,117.396427
23.7188,-111.295313,-70.328939,-75.822796,-117.648391,-98.425057,-91.575200,-18.104468,-9.356449
23.7344,51.147864,26.702201,145.282608,163.494059,142.578251,85.904245,139.133660,115.004190
23.7500,38.401207,12.852332,43.242191,23.465662,42.891185,53.390604,-85.012035,-108.421151
23.7656,-104.152865,-44.015511,-160.340256,-144.313575,-175.830960,-110.547707,-183.708422,-164.239425
23.7812,18.441269,82.908235,-11.571610,26.088996,-10.770319,36.297375,78.274239,79.875478
23.7969,0.052473,17.573027,-88.015929,-102.570794,-62.659900,-125.701011,7.221266,59.892808
23.8125,-82.520269,-38.969835,-80.806031,-94.834884,-69.928897,-63.740496,33.802171,38.470384
23.8281,54.891847,76.762853,108.979886,98.193443,145.201320,130.209257,168.839467,140.490017
23.8438,-51.343652,-82.094210,-51.772834,-108.576971,-69.230503,-64.224054,-72.860580,-71.617657
23.8594,-29.085002,10.400545,-60.232298,-92.121594,-35.892091,-68.002960,-182.162881,-152.453056
23.8750,75.313526,74.511692,208.435556,192.890536,222.174654,205.663668,54.703121,58.214212
23.8906,-67.973338,-129.348425,-3.442509,30.374166,40.762325,8.254113,10.502059,-33.116019
23.9062,24.393591,16.666383,-32.395816,-75.415532,-74.319035,-45.365510,46.126975,44.609486
23.9219,74.620282,87.117044,112.031958,80.098079,63.439535,62.386725,179.862609,174.091208
23.9375,-123.228866,-140.162348,-97.645811,-113.905210,-129.172299,-89.474971,-77.186909,-80.561484
23.9531,-0.725002,18.388421,-65.729617,-7.397362,-24.240791,-61.393621,-114.308366,-100.926828
23.9688,111.533916,122.060803,41.289138,35.024734,12.465703,22.597654,15.502519,26.984664
23.9844,-162.074031,-171.414707,-171.981532,-227.548282,-158.035972,-220.721285,-172.834547,-98.951633
24.0000,36.804650,55.618439,20.729483,-1.275125,38.126489,9.030439,71.395037,71.682320
24.0156,100.482448,164.673772,192.357480,172.982284,161.485591,201.179252,226.558908,193.575497
24.0312,-219.723094,-185.168887,-85.562013,-76.234299,-77.292562,-29.136222,-46.060155,-118.099341
24.0469,39.844751,42.767591,-3.547052,53.952550,-0.635563,4.031869,-32.335811,-20.476518
24.0625,145.392027,121.159714,108.536302,107.892238,118.502330,87.913329,-18.895979,-16.263922
24.0781,-199.647104,-185.269577,-49.332648,-36.925563,-82.285244,-41.958495,-203.639097,-110.868827
24.0938,29.806144,47.326783,35.901224,69.860637,46.767891,47.579400,81.279098,94.657205
24.1094,118.369686,167.567287,-3.661484,-16.213688,-23.993855,-29.123156,169.975712,184.584968
24.1250,-179.075164,-145.480917,-216.051600,-244.607744,-218.423642,-207.764601,-57.267332,-76.809881
24.1406,54.172695,50.668182,37.868134,6.256414,63.484019,26.603437,0.022896,40.074175
24.1562,124.277017,125.265550,90.558926,82.401771,79.550174,43.666106,-44.911109,-40.918772
24.1719,-90.850951,-158.417227,-109.825540,-118.865786,-123.934784,-129.522540,-224.030371,-178.577294
24.1875,31.860632,39.400315,45.248758,74.172477,45.008767,73.953521,90.150111,108.043709
24.2031,65.652462,90.918008,113.954920,109.675929,99.774953,115.130560,103.539282,124.674305
24.2188,-102.909783,-141.586337,-28.990914,-46.372010,12.980954,8.085050,-14.801925,14.311495
24.2344,51.802248,44.082541,119.820393,102.702637,84.712072,129.255084,98.781011,131.576069
24.2500,32.924102,39.765333,-35.529387,-51.832186,-39.253456,-98.741613,-78.514602,-105.109304
24.2656,-81.597015,-89.487371,-165.538524,-143.165528,-123.491096,-153.193088,-182.619906,-184.394400
24.2812,67.696503,37.167759,105.631833,104.650696,151.080879,119.638751,92.609097,58.287580
24.2969,-9.903807,-11.194790,-82.490342,-62.805431,-53.153691,-47.405382,74.839127,39.460736
24.3125,-47.747824,-32.868285,-153.952277,-171.820527,-158.542979,-180.663847,-19.630414,37.709770
24.3281,39.068762,48.286413,82.175821,79.120131,65.499150,54.875417,168.653098,160.250707
24.3438,-58.244186,-75.047660,32.225316,43.634038,40.463030,20.833895,-123.573574,-100.336835
24.3594,-10.183442,-8.855483,12.162883,30.510429,-2.138938,-2.230952,-144.815464,-176.440297
24.3750,76.896833,88.715169,124.579543,148.474067,151.771368,111.116337,53.053209,60.481923
24.3906,-103.631319,-116.840541,-59.373750,-55.042722,-57.522673,-72.940255,-24.663029,-35.310023
24.4062,5.239908,46.077598,18.683184,27.736032,1.859499,-22.401045,58.170318,46.269987
24.4219,79.230246,103.582905,160.358646,165.016314,161.014189,128.681815,191.493485,178.733109
24.4375,-155.007294,-135.285668,-134.786188,-138.772179,-171.717009,-127.676576,-113.389355,-111.964531
24.4531,44.685773,6.917085,-125.707702,-124.175200,-150.585865,-99.415070,-85.004132,-96.147920
24.4688,120.892557,113.356585,101.476311,57.177109,89.766068,53.120322,78.112999,24.124437
24.4844,-183.923981,-166.160886,-101.256271,-64.006237,-109.770849,-105.080136,-88.282506,-128.868345
24.5000,20.931169,29.730033,28.820988,-4.685067,-50.759967,-7.291681,69.309356,62.082159
24.5156,138.359833,98.275600,73.080284,108.716319,90.102429,90.324401,193.699497,232.560031
24.5312,-193.348670,-154.185009,-73.179827,-56.552561,-71.766927,-33.899164,-101.368356,-86.161943
24.5469,36.223987,43.916076,101.422487,123.659448,149.538897,149.649763,-46.150766,-57.648254
24.5625,108.026209,88.548842,141.451320,123.871196,122.230800,170.287307,-26.559794,-17.019009
24.5781,-177.791958,-163.372284,-183.736748,-140.660870,-134.955406,-196.228856,-168.301022,-171.458977
24.5938,76.269961,34.680040,-41.148677,-19.984182,-5.819065,0.341179,72.497579,110.543769
24.6094,96.294611,93.334067,58.694355,41.163593,49.408705,72.598606,145.939822,124.956517
24.6250,-187.430186,-201.088290,-159.097408,-149.366774,-165.873145,-140.478622,-58.317395,-98.316684
24.6406,25.271866,33.650623,-14.444660,-37.808674,-1.024823,-10.581727,70.593440,73.299019
24.6562,112.824526,106.530534,-32.058031,-5.295999,-5.225943,-6.801876,-51.877108,-45.759432
24.6719,-126.985853,-136.779495,-37.488517,-98.465869,-91.285260,-100.705215,-229.169558,-205.317415
24.6875,65.111736,77.127449,180.989523,218.045913,180.701367,196.248277,110.475252,80.125413
24.7031,105.399013,74.892708,98.007116,57.277940,77.927866,57.209288,113.923221,101.628283
24.7188,-143.765783,-120.927671,-106.120383,-100.121053,-120.093574,-98.368633,-47.832422,-27.172000
24.7344,64.426546,27.097178,146.908988,157.731565,159.778254,147.150170,116.193521,99.555453
24.7500,3.607847,4.648738,77.310213,65.479735,39.096434,53.642852,-89.780867,-29.336199
24.7656,-101.328414,-75.510964,-95.671862,-160.341065,-145.043166,-173.037604,-184.183804,-236.152858
24.7812,17.912988,59.465209,20.724180,8.764682,-13.104071,9.498219,54.386385,81.324679
24.7969,2.741032,45.766030,-122.676597,-76.082708,-81.634977,-112.367929,13.792205,19.392227
24.8125,-37.240576,-2.325502,-87.713790,-92.453886,-48.218820,-54.632546,13.379186,16.358495
24.8281,46.524777,62.279048,147.891602,174.996396,110.058673,130.733815,164.357492,184.669557
24.8438,-36.060694,-77.921617,-89.322267,-39.776550,-101.781869,-51.520004,-92.120189,-86.759535
24.8594,-24.882934,-18.851220,-48.385314,-47.471170,-40.798173,-97.933549,-156.889687,-125.879431
24.8750,61.157203,53.195938,204.168340,209.617430,215.251089,207.611983,79.590810,55.238002
24.8906,-79.916608,-117.470065,-5.830276,16.567984,16.347648,21.189152,-28.326388,-62.294717
24.9062,8.037989,30.821418,-70.384067,-36.792292,-44.077263,-92.631549,36.625377,37.924911
24.9219,82.099225,97.734749,64.856552,63.104471,48.861559,59.213039,174.989926,209.225050
24.9375,-164.804309,-135.306109,-109.755159,-97.962912,-116.309087,-139.037014,-65.370240,-101.073657
24.9531,48.462072,30.223902,-57.002245,2.519983,-33.637919,-36.477102,-109.411210,-90.622346
24.9688,115.943461,102.065246,49.653112,57.750893,60.120319,32.074419,40.953624,12.109783
24.9844,-164.562131,-173.101628,-200.254576,-159.696498,-150.161901,-192.783526,-94.264755,-130.591294
25.0000,423.398110,456.075676,408.969929,381.036387,419.181217,381.466626,468.329897,493.615542
25.0156,359.368780,390.694899,439.704710,413.688244,463.050426,422.407667,462.662669,427.414224
25.0312,2.712133,12.734933,106.203349,117.181303,122.130028,77.840693,50.623694,79.332933
25.0469,120.294639,135.924164,139.939028,102.370650,145.183113,157.583179,71.762057,55.781992
25.0625,183.790717,161.786703,146.100774,169.788152,151.360501,164.683346,50.683489,55.727480
25.0781,-149.523068,-117.794578,-7.728767,-80.201062,-35.113490,-1.069339,-117.919491,-125.186287
25.0938,68.946634,50.209432,78.464371,85.901069,39.277419,77.930470,108.152596,106.833574
25.1094,130.198533,89.707534,-24.066637,-45.329495,-30.760442,30.174771,173.664683,156.523211
25.1250,-177.744170,-153.849077,-184.798718,-205.076275,-218.194877,-200.137172,-73.370660,-59.318831
25.1406,62.003335,15.040826,71.490274,55.881064,41.508247,67.078767,58.494875,45.421024
25.1562,121.371411,106.601997,29.659485,47.102593,68.611018,54.710130,-16.267234,-72.198494
25.1719,-172.009744,-123.109910,-132.609341,-116.568180,-140.736974,-181.322593,-183.118761,-185.282729
25.1875,53.814275,34.557746,86.963706,57.501510,97.965654,74.757045,136.195783,78.969453
25.2031,72.693908,72.408583,97.670566,89.236665,60.646284,74.251581,116.455448,90.583338
25.2188,-108.142049,-130.250047,-19.167774,19.558446,2.468526,-6.898312,-19.535360,-26.282973
25.2344,14.466721,51.028204,95.170795,140.639644,129.193320,161.479662,132.826236,94.946208
25.2500,67.206155,83.260326,-56.883213,-86.111744,-31.499026,-50.083146,-76.507731,-99.827988
25.2656,-114.926198,-53.030039,-139.066926,-128.698549,-141.665779,-128.559612,-238.518420,-211.390796
25.2812,44.189854,53.689571,99.124941,140.397706,96.482496,105.292720,64.035537,64.306826
25.2969,1.768000,24.874093,-69.490883,-94.253336,-65.857416,-89.516228,23.942597,38.277047
25.3125,-43.682267,-26.246480,-195.721908,-167.249073,-194.299802,-197.802928,13.073469,14.988606
25.3281,66.560116,59.327919,85.166891,90.344013,80.762919,73.592793,152.836157,167.061055
25.3438,-36.036321,-67.576191,4.186666,16.034130,-1.931967,12.603202,-64.290470,-93.407982
25.3594,-18.374603,25.595906,-1.587098,8.373205,-4.602275,12.185922,-168.413832,-182.666536
25.3750,68.802324,91.818998,145.387853,124.380780,111.293776,126.924985,42.522295,71.284527
25.3906,-28.905663,-101.210201,-84.134580,-55.664005,-53.918274,-55.058834,-5.040984,-43.553284
25.4062,18.695170,13.985518,4.201561,-4.012173,13.520246,1.363025,57.376813,52.984257
25.4219,89.436924,95.767953,143.127154,173.240521,155.208095,172.072862,220.284192,189.688570
25.4375,-118.394921,-122.281703,-133.021380,-115.430273,-158.836489,-119.599601,-67.593609,-100.848549
25.4531,69.604795,56.774197,-144.916275,-154.658065,-78.201110,-135.795261,-127.366905,-149.953841
25.4688,83.441816,148.496354,48.243286,60.484691,93.692373,50.813477,15.027501,18.165706
25.4844,-190.566300,-150.505490,-100.764450,-75.259821,-104.465376,-69.761943,-90.076959,-77.981004
25.5000,26.974272,45.553100,20.745040,5.095028,7.841123,-3.179080,87.639834,107.758422
25.5156,107.569261,119.888295,77.551043,85.562826,112.438728,120.178053,230.007907,206.546585
25.5312,-190.148106,-199.489197,-32.060091,-79.671693,-65.407120,-65.910729,-82.305366,-77.847851
25.5469,94.101966,51.617749,117.624463,149.675639,125.890080,118.014098,-69.987167,-48.054573
25.5625,148.602877,127.059128,146.134061,132.688385,153.684729,148.474753,7.900974,13.425509
25.5781,-191.827654,-162.785806,-158.012345,-171.669942,-164.787748,-143.217800,-181.808270,-170.706055
25.5938,52.825160,40.040079,2.791464,-13.468705,5.957578,34.870360,105.124478,122.690886
25.6094,121.283373,130.743988,65.554977,20.183216,38.590224,47.525461,162.601157,165.313787
25.6250,-184.149710,-187.093816,-158.542475,-158.205991,-154.750326,-144.718585,-45.235239,-51.209218
25.6406,45.718921,38.184796,-13.774309,-10.457520,4.740504,3.017477,24.134756,35.960585
25.6562,101.107637,150.843325,-23.504314,-4.428765,-19.613992,-24.683104,-53.486895,-48.806472
25.6719,-156.715321,-122.411939,-58.609012,-100.750633,-68.239955,-71.112595,-190.804475,-171.840243
25.6875,37.448637,29.551423,221.118724,181.194602,203.944414,163.013081,104.306818,102.044217
25.7031,77.995186,89.417214,53.673793,81.037112,42.790106,68.923102,112.260667,134.866879
25.7188,-92.837841,-95.973375,-121.113120,-97.244764,-114.781220,-110.832229,-24.142785,-21.503451
25.7344,35.127189,12.203660,130.418420,120.302544,152.532063,150.356916,89.605839,128.634924
25.7500,44.806784,72.433062,37.819082,81.792052,42.156162,48.251687,-112.352268,-43.610511
25.7656,-19.156719,-80.451664,-128.330381,-127.731673,-133.176527,-131.288218,-154.871400,-209.848424
25.7812,68.326000,71.139749,-32.864069,-13.278461,-20.490948,-18.833947,89.929999,84.240134
25.7969,-19.504159,-32.533313,-141.788428,-109.134954,-106.204292,-147.268535,68.430111,12.848620
25.8125,-38.896706,-7.329538,-60.819005,-79.648251,-80.745726,-63.108106,18.267839,4.712792
25.8281,59.974018,54.380678,116.320138,173.496601,100.923018,156.503500,138.408869,169.183987
25.8438,-17.518076,-69.853884,-72.874009,-103.103777,-42.345500,-72.309863,-136.592569,-83.834265
25.8594,-13.509000,23.412322,-10.438608,-8.758193,-64.546286,-38.634225,-189.030674,-150.585065
25.8750,79.475656,89.041548,216.117272,247.233176,194.798762,205.561394,18.917752,95.246426
25.8906,-95.295225,-98.076382,37.837256,28.268392,27.180594,36.219158,-44.533562,-5.593110
25.9062,-1.408990,30.744874,-77.499453,-77.848086,-86.258968,-17.540321,34.480696,39.377352
25.9219,84.861392,90.818897,50.486279,41.372912,66.561872,70.973660,200.134041,164.178678
25.9375,-100.567730,-133.374159,-82.394046,-122.357839,-104.848537,-103.749968,-89.265429,-93.207043
25.9531,98.162548,25.309804,-24.190667,-50.641461,-52.971799,-59.608347,-110.752466,-143.154223
25.9688,86.787167,121.144143,92.367530,14.766919,71.804614,36.978601,2.566665,26.051061
25.9844,-138.806816,-156.797579,-185.588642,-168.268642,-169.267171,-190.148174,-114.476868,-103.987252
26.0000,53.534521,53.547309,-19.509372,8.730016,-3.575057,8.082874,63.797202,65.628603
26.0156,107.880687,111.191383,156.795576,174.330015,178.772325,168.423034,195.335471,229.036382
26.0312,-184.976106,-147.648571,-54.231557,-69.150813,-50.062012,-61.232853,-34.780302,-104.648683
26.0469,56.818469,37.893897,83.790401,42.559941,40.758326,28.864805,-27.934021,-71.354388
26.0625,129.721806,133.583423,132.867027,90.501841,124.904078,113.717526,-14.392223,-41.073791
26.0781,-224.249959,-225.176033,-48.238721,-85.983437,-58.408178,-69.391255,-159.263108,-165.039213
26.0938,34.215002,35.439347,47.703835,56.404754,35.667728,53.528382,105.754105,76.236674
26.1094,128.556276,143.431579,-53.948280,-11.880176,-5.677304,-23.657841,178.527181,144.435005
26.1250,-191.673769,-182.873779,-216.289604,-220.500598,-197.830385,-212.997161,-47.188020,-57.394322
26.1406,40.252770,44.955154,93.913995,36.882930,5.723437,73.269681,56.639230,14.430452
26.1562,106.000539,106.547807,55.422547,59.166440,82.165452,48.674405,-39.806025,-78.491430
26.1719,-141.829768,-135.371268,-102.649210,-128.414692,-146.812675,-118.600741,-166.487851,-178.839210
26.1875,31.751695,18.745800,81.691021,64.317009,75.842056,79.415977,103.803295,106.286274
26.2031,64.130442,66.781232,84.803121,32.336210,94.690800,83.591317,125.215363,100.543633
26.2188,-132.355359,-96.116911,-33.336131,75.288633,-8.368931,-12.878645,-38.325987,5.380391
26.2344,24.587460,43.600529,101.800507,140.826017,86.891476,111.221921,159.870445,113.189115
26.2500,63.150927,63.433951,-35.952784,-69.907535,-52.548488,-27.733955,-64.211785,-93.127687
26.2656,-82.182133,-49.881742,-151.973395,-159.690448,-103.764231,-141.055402,-220.971239,-188.578864
26.2812,2.829022,62.228228,149.028796,138.862511,108.245160,138.670942,113.085977,109.196618
26.2969,21.950805,6.902735,-78.464379,-92.880184,-56.698612,-71.586243,32.903894,45.290875
26.3125,-37.184309,-79.358825,-189.503070,-184.801389,-140.429205,-198.850524,51.604436,29.601449
26.3281,39.394754,106.110106,37.972357,74.343713,68.035636,115.985365,180.321192,163.930553
26.3438,-39.060387,-59.126755,35.403606,26.153092,26.030986,3.690284,-104.227495,-107.261539
26.3594,-3.155232,-13.998942,17.843407,19.891053,28.242257,-3.200246,-174.028032,-173.319743
26.3750,97.720112,69.660782,126.979408,94.270505,149.313309,134.681255,44.534045,76.875313
26.3906,-101.148046,-93.517040,-47.167433,-61.172079,-47.793804,-54.471244,-61.349249,-22.615221
26.4062,10.948400,32.965981,39.446751,-3.486439,7.080256,-13.234398,45.318271,52.571920
26.4219,72.699551,93.269056,147.081715,145.067833,147.014262,148.767540,199.743488,231.741738
26.4375,-126.846094,-155.319742,-112.061816,-159.553831,-151.964430,-190.910142,-97.274359,-78.823816
26.4531,59.364277,18.180681,-170.003143,-109.186520,-116.284451,-132.798477,-115.808764,-130.295929
26.4688,103.494452,108.375387,57.500425,42.954566,20.920910,56.737682,39.553431,31.862709
26.4844,-150.967628,-195.589101,-86.959243,-98.930695,-39.502104,-65.494575,-94.351371,-135.143733
26.5000,76.804465,30.646545,14.867153,-1.785778,5.840352,-8.397546,89.355664,72.978704
26.5156,84.862779,151.246904,71.075322,123.626952,104.216852,81.456600,222.700311,198.154829
26.5312,-164.605016,-156.328566,-65.087460,-38.826212,-41.617694,-122.917360,-84.115655,-54.085445
26.5469,66.197255,52.236299,153.978414,118.494330,142.074975,129.066173,-36.316957,-71.579353
26.5625,98.751507,136.840478,114.219685,166.434029,178.782895,164.794637,16.302800,-57.667353
26.5781,-230.170876,-163.305975,-160.896922,-160.432139,-142.496596,-143.350328,-177.041837,-163.636370
26.5938,46.779668,58.055753,17.945689,-26.453715,-37.087822,-24.226767,108.170621,92.121077
26.6094,90.044381,178.113124,49.668992,68.420022,81.286102,43.984160,165.897011,133.305213
26.6250,-196.290386,-157.703133,-122.825129,-145.629889,-148.912680,-146.657160,-20.857434,-81.081461
26.6406,56.599663,18.277811,7.407740,-16.852779,-38.195750,-4.347326,15.172463,62.515097
26.6562,151.519690,122.140989,-34.402227,-50.954910,-20.867654,27.623811,-55.205172,-40.923773
26.6719,-165.828302,-120.034358,-47.320502,-108.031161,-61.522606,-91.531289,-196.918092,-216.874284
26.6875,21.751539,9.297638,128.435002,132.027604,156.014698,194.640864,118.022142,116.683378
26.7031,80.973122,98.040017,55.751992,-5.459405,87.636948,104.952175,126.053600,100.432605
26.7188,-91.113453,-118.199480,-91.620378,-110.323986,-68.839452,-93.350550,10.477904,29.695824
26.7344,26.830729,-9.700424,145.221935,147.884555,132.225474,116.601491,168.324723,89.347809
26.7500,71.833317,47.024098,43.247791,46.194590,74.838292,76.525688,-82.809461,-62.840749
26.7656,-108.309557,-37.841751,-113.736533,-119.761747,-92.385055,-151.389277,-202.652652,-209.652914
26.7812,28.160548,28.535213,22.369264,29.133663,-8.140202,27.787710,121.202794,105.690591
26.7969,8.728189,-17.842806,-70.826377,-113.002420,-102.562237,-118.305228,57.250773,32.741663
26.8125,-33.518600,-48.923085,-54.475227,-104.080720,-95.242953,-119.816026,28.109298,22.426083
26.8281,4.816039,92.183297,118.511967,125.746584,150.564245,151.028970,189.804725,139.234178
26.8438,-47.644393,-52.274165,-51.805553,-66.837789,-84.243126,-79.408145,-74.551947,-69.253459
26.8594,5.672377,-0.592660,-44.544239,-58.984425,-53.983525,-44.295366,-186.532484,-171.882543
26.8750,52.971378,107.232529,230.883494,233.642766,193.597223,217.223111,50.773455,72.670638
26.8906,-49.562342,-93.989033,28.693365,24.555766,44.834339,22.108423,-51.024507,-62.391278
26.9062,22.105793,25.106227,-88.872103,-52.135653,-30.231357,-31.782124,37.459224,28.708164
26.9219,100.135210,79.692570,35.621413,96.654961,56.680024,54.723702,193.534567,224.491067
26.9375,-138.919091,-104.468617,-83.133554,-132.468746,-132.182368,-98.388923,-85.963998,-116.550696
26.9531,23.693350,21.728195,-56.845707,-22.476888,-8.899165,-4.179786,-136.022930,-106.996679
26.9688,112.401769,121.292884,73.009310,70.965433,37.565271,20.906100,12.712256,38.415125
26.9844,-110.448315,-152.835793,-186.844598,-188.718557,-208.895684,-182.170025,-94.227625,-133.112912
27.0000,53.410559,48.615232,7.600474,-22.450602,0.042381,-24.162692,68.235333,69.929718
27.0156,149.625249,149.881121,181.217120,190.205297,172.680230,164.743637,228.756176,157.553154
27.0312,-159.501420,-196.268649,-54.572609,-63.191078,-70.421417,-76.795102,-96.819465,-69.238098
27.0469,27.595715,21.825501,5.206650,1.557551,5.001760,58.591225,-38.538949,-34.619687
27.0625,132.435839,130.655577,111.008063,122.687646,76.171996,119.672583,-49.390993,-23.954316
27.0781,-206.961135,-167.634308,-7.502392,-36.412335,-79.414910,-45.670528,-188.138174,-174.626893
27.0938,14.062729,20.977048,68.956005,70.445313,59.929587,30.839010,108.554060,118.849582
27.1094,139.772192,124.766780,28.270941,-5.641870,-66.106729,-28.529810,166.928354,189.729521
27.1250,-171.371016,-185.254903,-188.761961,-204.854021,-226.423570,-230.056249,-32.112165,-101.086064
27.1406,53.514603,2.681721,67.582231,71.581846,17.617124,44.768077,53.681375,31.150109
27.1562,84.698501,149.828232,55.954904,59.054596,72.682743,66.174903,19.057415,-61.153567
27.1719,-144.658494,-133.950623,-195.025478,-113.970041,-100.479377,-172.477562,-176.747222,-226.171154
27.1875,55.390086,9.643637,91.606248,86.135137,93.763849,57.835423,82.929042,105.981473
27.2031,104.724750,65.128347,96.993568,110.418847,48.290042,117.846470,134.034806,88.984345
27.2188,-129.255418,-107.950654,-21.917542,28.127894,22.947934,27.841200,-68.937844,-21.094296
27.2344,39.631870,54.871502,135.251703,112.286455,147.005480,126.054790,119.469607,102.979550
27.2500,55.059959,25.022351,-90.428889,-7.185059,-36.180827,-53.886374,-76.796753,-85.795393
27.2656,-113.535560,-49.751794,-106.198775,-112.026495,-121.698122,-115.083183,-174.979815,-178.367130
27.2812,58.443875,36.304925,117.588511,93.079686,105.837482,93.216247,79.498886,98.615031
27.2969,-4.204691,42.482647,-69.445365,-31.686143,-61.323203,-54.840740,33.998364,37.674021
27.3125,-33.193862,-34.326682,-171.501909,-186.946001,-171.340143,-179.347961,-28.084605,-3.474436
27.3281,62.389302,68.861841,105.177621,77.416013,96.123089,52.686610,171.453685,193.595467
27.3438,-71.733598,-44.175298,17.784392,4.143958,18.246108,2.365052,-119.991928,-64.571500
27.3594,-8.208466,-9.688385,23.933404,24.857015,6.432839,-31.720063,-170.301521,-144.626378
27.3750,46.729992,75.385719,147.602675,175.034650,162.769777,109.189449,71.409520,86.550891
27.3906,-53.716188,-122.587742,-67.482064,-61.061630,-68.906675,-64.117883,-40.609455,-39.457534
27.4062,6.254813,8.263423,-23.732804,17.678020,1.607621,-4.196416,12.383656,39.033881
27.4219,67.776027,118.892765,156.766395,169.401700,155.937540,170.243240,233.669151,209.033729
27.4375,-135.097579,-128.215421,-119.625812,-158.260624,-131.452973,-150.630937,-104.109438,-40.979872
27.4531,30.917402,-0.532702,-130.919135,-120.480259,-117.467761,-109.034389,-113.536254,-130.165357
27.4688,99.628587,137.538016,53.455223,57.535467,94.776569,85.797271,15.524955,42.487763
27.4844,-158.354200,-144.133087,-64.719875,-74.281933,-83.052851,-73.835038,-83.204918,-107.314743
27.5000,75.781702,-5.956624,5.181622,-30.974279,24.354191,8.326110,97.041521,105.499361
27.5156,106.184024,98.592344,90.679493,117.507960,49.392598,121.521739,231.035427,156.230293
27.5312,-184.121200,-164.800138,-55.041606,-42.857764,-52.997988,-77.988600,-84.938912,-38.844402
27.5469,67.650210,-0.537647,102.168770,102.849410,149.926896,136.542364,-20.208577,-22.950454
27.5625,160.137611,141.502204,154.783913,142.017338,142.665340,167.028871,-43.404205,-42.189980
27.5781,-211.128653,-196.283830,-157.692449,-140.285671,-139.503521,-148.757500,-186.285524,-165.328534
27.5938,56.052909,22.764121,14.824647,-56.162777,26.165518,7.053362,55.614533,96.889159
27.6094,87.377462,146.154233,59.513932,38.273730,62.097820,84.298120,140.297227,156.731111
27.6250,-196.119148,-130.972472,-123.724143,-140.395401,-127.658971,-139.225203,-31.890270,-20.004734
27.6406,32.461424,35.082147,3.201350,-10.903569,16.933969,-5.673962,22.616580,53.959210
27.6562,92.492826,104.655807,-24.298803,-42.604275,-22.036280,-12.896020,-52.359977,-78.734367
27.6719,-192.284138,-169.637945,-60.260611,-89.801107,-76.563222,-96.319710,-156.035406,-193.330148
27.6875,51.480849,26.315507,164.388328,171.023738,214.056605,191.049353,95.554352,75.094656
27.7031,90.132884,71.281105,95.289145,60.317042,69.585804,53.509994,107.099238,129.472001
27.7188,-147.030135,-112.552003,-84.358707,-86.604733,-115.379305,-61.838667,-26.264942,37.869692
27.7344,49.031028,55.139197,147.702900,113.586959,106.061106,134.244808,114.615470,91.022579
27.7500,49.751356,40.766217,34.188693,30.315398,30.502259,28.082617,-61.162041,-115.288538
27.7656,-86.613773,-27.496024,-139.974289,-116.053237,-132.853783,-130.559474,-190.434385,-177.228604
27.7812,19.930116,37.913107,-12.822797,-6.279388,6.898233,-30.527530,113.351048,103.766321
27.7969,-5.139078,-13.057161,-139.485747,-114.328016,-100.384331,-116.714348,52.007224,42.216783
27.8125,-40.769712,-21.157529,-90.144650,-72.274801,-70.870519,-107.077420,21.751715,7.499502
27.8281,58.381140,16.489023,153.238364,119.798698,118.294798,123.440977,188.360254,155.073139
27.8438,-76.324647,-80.148606,-60.439821,-80.945496,-67.005262,-64.942654,-79.913115,-86.369646
27.8594,10.813775,12.025715,-36.055191,-49.181628,-62.408001,-82.603545,-186.982489,-206.681629
27.8750,34.495407,81.605135,205.290798,232.561217,240.702403,182.050832,57.732566,63.695906
27.8906,-116.782217,-88.112483,9.324894,55.429066,-10.058988,38.064554,-45.824425,-30.433778
27.9062,35.491273,38.834708,-27.469470,-71.101720,-66.371816,-76.659268,57.630414,35.892333
27.9219,95.989648,42.441503,43.237150,41.641163,59.838959,80.646092,211.969089,181.533288
27.9375,-121.928030,-139.204271,-95.467206,-113.967680,-106.888261,-154.346058,-77.393537,-92.467413
27.9531,61.572795,3.273691,-35.904633,-24.513692,-62.368201,-12.570354,-140.034477,-105.522232
27.9688,141.938428,126.816361,15.485107,63.207567,80.092082,42.483716,3.156414,-2.873604
27.9844,-164.716490,-147.565323,-133.734830,-149.586965,-181.756341,-195.447551,-94.124585,-108.989785
28.0000,40.650812,65.881532,-0.411476,-18.319410,8.797594,24.226269,64.522376,82.493197
28.0156,104.305913,155.710001,205.952263,173.159565,173.966859,141.079899,179.160251,151.259171
28.0312,-208.019373,-165.905467,-44.624669,-47.970529,-60.673741,-33.736699,-64.329309,-106.011126
28.0469,72.464717,69.226738,5.206287,30.272394,55.700721,8.101152,-58.367999,-49.402848
28.0625,115.677120,131.102149,124.228361,87.034508,99.539143,117.723596,9.275319,-49.133442
28.0781,-197.321857,-208.215669,-55.492010,-44.554726,-33.002669,-66.543578,-144.914719,-138.969009
28.0938,78.506651,11.588650,45.826826,38.848786,93.827508,49.827415,114.864896,101.637065
28.1094,115.520199,104.862324,1.939284,-11.815841,-24.897443,-11.025200,139.811818,159.523398
28.1250,-167.515288,-167.858915,-232.379979,-206.287425,-190.178684,-231.741512,-26.492722,-40.342431
28.1406,65.737558,22.671581,65.154680,25.894862,58.716160,60.363406,16.102045,43.335162
28.1562,143.313646,90.847673,63.009957,94.662403,78.162702,92.568629,-50.697151,-33.404136
28.1719,-122.078425,-166.530145,-126.819095,-137.171915,-119.908903,-138.595988,-169.892402,-178.863758
28.1875,42.134974,37.328887,60.033172,60.930688,62.679888,93.900086,115.060160,84.043828
28.2031,95.817786,114.231952,159.810331,61.267325,118.249479,111.004719,92.703552,130.841494
28.2188,-127.140122,-107.640591,35.712440,-10.021194,-11.542486,-0.703396,-28.673077,-41.696269
28.2344,35.342443,19.200146,104.684759,123.638387,116.972568,96.508234,108.344681,122.235536
28.2500,73.775847,62.386311,-46.445292,-33.511579,-8.012890,-54.272948,-60.796026,-84.473516
28.2656,-85.212722,-78.111848,-156.423740,-90.891549,-135.796776,-176.870352,-189.030001,-184.055336
28.2812,61.659283,3.693606,130.898902,120.650887,99.746111,112.192188,105.452753,85.245871
28.2969,41.531715,-4.672393,-45.287857,-58.101380,-60.684557,-52.864474,8.969536,7.792005
28.3125,-68.277575,-0.292126,-189.786271,-120.035931,-186.966396,-188.207309,5.940976,-5.841067
28.3281,39.362830,59.487981,39.025188,118.505496,63.849819,80.479784,166.930812,155.367078
28.3438,-54.413624,-53.174064,10.236709,4.659386,5.072475,29.972976,-92.162975,-95.285508
28.3594,-15.213598,10.800668,-10.394014,38.932592,11.381275,20.675236,-176.294317,-132.831686
28.3750,36.941618,90.814084,156.757847,130.789997,137.826859,159.975162,45.508039,53.287180
28.3906,-97.841855,-88.671110,-46.731460,-78.321156,-62.600476,-40.282539,-32.447716,-85.095241
28.4062,34.929563,30.633594,17.320934,-5.570238,17.655753,17.742077,-8.317566,65.312523
28.4219,79.398459,112.737899,165.328774,142.545571,136.224155,143.588322,149.622664,184.126222
28.4375,-115.750668,-132.661327,-145.249232,-163.999957,-113.567645,-135.215982,-91.010527,-133.538842
28.4531,33.997278,67.843654,-147.511406,-93.398641,-164.195140,-130.252979,-114.503510,-103.974076
28.4688,118.930274,90.379269,70.933865,59.385456,54.929260,37.796607,6.561239,-18.313112
28.4844,-182.401919,-172.637997,-94.642489,-58.273746,-107.072988,-71.988353,-68.760044,-125.304291
28.5000,73.613306,39.912824,-7.779979,-16.298994,-9.174324,-22.260429,100.698555,74.135831
28.5156,128.981544,118.206295,84.945625,85.303386,112.494517,99.442033,201.830787,202.485752
28.5312,-194.688620,-164.233005,-24.347100,-76.448159,-64.177026,-32.655714,-89.534720,-67.202749
28.5469,94.713050,30.303673,110.259498,163.700394,156.743835,117.445685,-12.734401,-15.076676
28.5625,131.905845,100.342634,157.442943,147.465083,135.936577,134.644385,-17.881361,-14.262943
28.5781,-205.283726,-183.088047,-151.828200,-136.381717,-155.914066,-158.945157,-136.850803,-153.899658
28.5938,69.998255,35.680218,-43.089051,-6.200250,-15.133105,-4.969395,87.392325,91.635133
28.6094,114.444941,122.530857,45.741751,63.190514,58.994530,69.912475,187.620855,165.802884
28.6250,-179.832699,-130.788989,-97.548469,-117.979037,-154.383364,-165.484996,-64.754487,-64.735444
28.6406,55.025937,29.783268,-24.995116,-42.496715,-29.675105,-1.799854,58.848966,69.881977
28.6562,101.398000,73.448723,-35.221687,-48.850222,-43.261688,-27.158607,-35.163806,-28.609230
28.6719,-141.926721,-116.749175,-64.878028,-100.274453,-93.663605,-64.296635,-214.636798,-179.999501
28.6875,61.482295,21.222923,164.504802,218.047797,156.540200,117.889120,49.927413,73.021861
28.7031,95.759840,63.528977,48.662993,90.673060,65.514501,36.296110,127.916495,123.568331
28.7188,-114.928894,-105.754495,-110.406984,-81.641533,-158.210650,-81.101882,-35.436032,-52.558149
28.7344,24.856207,32.387727,143.820638,131.209846,142.060205,125.807559,125.359949,151.388585
28.7500,73.651193,54.687182,55.053697,51.312554,25.774574,59.883169,-73.835149,-77.019878
28.7656,-61.173613,-77.094890,-156.590217,-118.360466,-150.975968,-143.598941,-204.282138,-173.757133
28.7812,-2.075790,42.224410,30.058924,-6.713213,-15.083178,20.111655,120.281432,78.130284
28.7969,-19.900191,13.335862,-117.069173,-54.150565,-64.086355,-101.270638,81.395140,18.336214
28.8125,-26.492515,-39.578191,-98.096519,-83.987684,-90.413764,-106.212571,-23.379079,-10.271960
28.8281,58.138020,31.302331,141.546276,154.140068,136.895728,132.547318,151.880461,177.889232
28.8438,-8.528894,-62.076802,-58.299547,-38.010770,-63.988264,-36.483664,-80.117906,-92.073189
28.8594,38.658897,-15.388170,-25.969087,-15.928338,-58.627660,-16.199706,-148.632672,-169.302244
28.8750,78.772174,98.867856,221.283582,233.554835,214.987488,203.664188,54.333701,46.384892
28.8906,-114.562896,-116.773784,36.078945,77.076177,-7.321573,27.686018,-72.664482,-39.838294
28.9062,-8.329348,47.466230,-69.171472,-56.102087,-41.360352,-81.816694,25.005509,31.613665
28.9219,36.598149,107.449137,65.884084,80.401101,70.919553,40.684382,185.109362,173.251454
28.9375,-133.240387,-189.495967,-112.483888,-127.440170,-83.328269,-91.996354,-86.600690,-55.796569
28.9531,30.413816,38.334601,-4.223483,-45.929077,-27.512290,-9.970727,-104.879558,-112.471323
28.9688,82.445903,150.324234,53.894358,37.946693,47.816686,-16.882817,-6.179898,4.975131
28.9844,-178.365322,-185.706539,-208.364018,-200.504264,-204.696445,-173.880636,-116.163330,-113.456290
29.0000,68.009837,34.249364,-23.402635,6.922597,3.512117,-7.575591,92.789703,72.253554
29.0156,93.663131,101.200240,197.745852,163.916785,202.122651,178.959148,180.901097,191.691666
29.0312,-163.505123,-169.455401,-37.775485,-33.947827,-49.934305,-62.020420,-77.521451,-83.809447
29.0469,51.308594,64.666130,33.298698,18.415531,17.723350,54.545895,-51.505079,-73.371532
29.0625,154.357169,95.382072,85.865189,110.238775,126.853695,128.811245,34.599464,-23.268088
29.0781,-176.731969,-132.490815,-85.906264,-35.121682,-55.529079,-46.255516,-164.903229,-166.234154
29.0938,73.379347,18.978001,52.602969,46.384153,20.988037,25.143813,107.799776,121.103548
29.1094,152.129650,129.345859,-25.028589,-25.002839,-58.030171,-9.956522,163.909413,188.097534
29.1250,-162.213002,-194.704473,-182.830184,-200.219554,-228.125485,-217.631302,-67.405410,-35.823046
29.1406,35.012707,1.861904,44.355815,30.817984,32.089985,61.020050,35.135157,33.293445
29.1562,135.552649,117.921592,62.646813,85.005717,86.271608,66.663762,-43.947770,-43.727568
29.1719,-152.434703,-170.528077,-114.218019,-118.794337,-118.796400,-133.613360,-201.812644,-187.965699
29.1875,18.945950,42.053081,87.460621,99.358974,80.658450,97.574056,84.273135,72.372250
29.2031,103.204002,89.072668,103.506106,63.336026,102.268624,104.840644,122.748971,110.561677
29.2188,-148.247464,-106.784361,-15.729505,-5.740834,-6.277348,-1.725847,-57.169941,-17.382815
29.2344,23.186508,61.135615,122.804250,146.268451,127.155050,114.933808,83.413898,106.491940
29.2500,38.165920,32.420500,-44.164829,-80.788044,-26.507762,-33.882868,-126.076518,-56.158946
29.2656,-96.181329,-36.554148,-143.016820,-123.998656,-148.534840,-124.630823,-193.344156,-190.475143
29.2812,47.995108,62.881325,111.707848,91.590469,121.997909,81.045439,113.430624,71.838187
29.2969,25.287483,-7.879344,-115.939366,-45.674223,-87.906140,-74.833480,2.956241,69.354747
29.3125,-49.526665,-47.062954,-172.091170,-169.091167,-189.431188,-196.062840,27.081355,36.075389
29.3281,32.915602,39.924703,91.710002,127.314635,67.242364,88.225251,167.335655,153.047158
29.3438,-29.622060,-14.223825,0.067874,20.794651,20.994806,22.991788,-61.041991,-105.703671
29.3594,11.609453,-43.173731,35.714582,60.128789,51.833378,14.456346,-202.117090,-164.883974
29.3750,52.734534,104.656082,171.604459,140.336601,151.242947,149.149862,25.811062,96.797177
29.3906,-79.315203,-97.632415,-72.808884,-47.436985,-81.584049,-101.637688,-37.483802,-27.908306
29.4062,14.877766,29.996018,18.875524,19.822765,-8.640099,3.885697,49.614528,51.722073
29.4219,87.415338,121.335578,147.552739,153.391451,153.642042,93.726030,204.488366,199.006321
29.4375,-89.163613,-152.542890,-117.570592,-150.461188,-146.047454,-177.785536,-109.363112,-112.862094
29.4531,31.583830,20.018052,-127.303878,-172.125422,-142.239726,-119.606397,-102.893516,-102.927074
29.4688,90.106960,145.480544,61.725843,73.913200,33.491808,39.605422,22.880042,29.582247
29.4844,-162.151860,-192.865239,-74.500572,-80.641320,-93.505569,-89.788807,-112.436629,-115.409269
29.5000,86.125284,46.452452,-29.302060,-34.657384,-5.201190,-36.548444,63.034877,44.709840
29.5156,155.141580,193.190189,54.685380,72.427605,76.689821,69.879303,165.625600,184.643894
29.5312,-192.823553,-158.784540,-40.588152,-72.855236,-57.738282,-74.672800,-106.944479,-96.453030
29.5469,49.396041,52.423727,158.207804,131.325834,123.246441,138.845018,-53.480016,-51.274348
29.5625,142.591774,138.949290,150.253681,170.198951,115.484492,151.954704,-51.379969,-7.893424
29.5781,-212.470477,-173.110572,-155.524021,-161.101343,-111.478452,-142.255746,-161.758626,-141.495675
29.5938,45.119685,39.407163,3.984506,4.070045,-24.974546,-31.920355,101.534811,36.101894
29.6094,115.809911,115.115573,57.166338,39.112290,53.419297,48.014568,220.772749,157.086301
29.6250,-155.244471,-192.917305,-183.150458,-184.049588,-122.427537,-144.314977,-56.105232,-68.789608
29.6406,47.313619,43.138055,-23.322453,-17.809602,-11.057189,-29.081461,31.330041,28.921224
29.6562,107.952918,153.233013,-39.528767,-22.627925,-81.840538,-6.836732,-77.033831,-32.537525
29.6719,-157.558606,-162.648493,-118.166668,-16.631331,-57.697235,-48.158462,-202.320112,-227.692424
29.6875,14.610305,-12.099805,137.599090,180.411210,179.012891,163.103491,91.016726,57.244966
29.7031,66.735562,81.003253,102.877258,69.089894,81.794291,52.257149,112.793576,115.402431
29.7188,-132.721490,-104.828582,-111.723506,-94.471291,-65.290331,-107.364381,-7.261815,-0.809731
29.7344,40.786140,41.562586,149.534628,158.216499,165.176824,188.731175,127.758728,118.580899
29.7500,59.409766,43.670945,77.017919,22.933259,33.855365,40.775235,-107.132943,-69.974481
29.7656,-60.399164,-64.026730,-81.274774,-145.852150,-154.342233,-141.736332,-181.156119,-145.762019
29.7812,53.538253,27.195096,12.563382,0.741138,0.961270,-33.608222,68.164976,17.647465
29.7969,16.541230,-16.615690,-63.325682,-73.999037,-126.596763,-93.555601,25.006710,46.472368
29.8125,-31.988718,-26.385164,-64.871569,-65.209439,-98.290625,-71.352119,28.678120,16.317073
29.8281,70.728341,70.901919,130.291482,135.050613,132.738628,131.869822,184.423531,172.782791
29.8438,-60.419099,-48.495177,-65.069975,-101.351692,-55.556217,-74.238485,-119.349552,-96.263263
29.8594,-28.422052,19.938776,-62.088901,-43.857881,-68.278867,-32.994914,-185.002009,-157.500328
29.8750,105.202594,67.096073,188.023901,203.742005,237.196692,215.710280,45.689239,67.580427
29.8906,-143.752540,-114.189713,-3.106406,33.053510,23.540082,11.614335,-24.411626,-29.292444
29.9062,25.533002,17.256404,-8.991796,-78.691955,-19.389641,-65.828499,73.430990,84.828882
29.9219,79.489430,94.877992,45.371288,86.372410,74.364719,74.676523,202.165866,213.436941
29.9375,-127.908666,-125.296520,-119.750008,-112.185002,-107.835156,-120.487359,-81.827304,-105.951706
29.9531,23.367384,35.829952,-38.261501,-42.325842,-16.135176,-46.836304,-136.423915,-129.159022
29.9688,132.645308,126.034130,22.543705,39.329531,31.608556,66.579532,25.701547,13.151589
29.9844,-139.359838,-188.997516,-178.050521,-191.422244,-210.198343,-157.306437,-114.627271,-122.734789
30.0000,473.286968,444.442368,400.061768,401.110744,425.610897,387.771379,452.054442,496.315558
30.0156,384.296231,386.141431,443.386448,429.803279,425.873518,390.202933,461.267067,420.119874
30.0312,-14.444068,-49.266311,108.344954,96.231751,104.670254,128.110554,66.725505,71.146585
30.0469,126.500668,153.766643,156.675549,121.984039,116.688541,135.894177,34.642621,98.147238
30.0625,171.854821,204.393736,179.434907,155.289209,176.793229,186.802199,51.777660,51.388959
30.0781,-149.034297,-132.080856,-55.325638,-52.727359,-21.355751,-55.244661,-115.481772,-155.429712
30.0938,70.887512,37.700194,57.983807,61.166441,66.723080,68.341444,70.606493,80.991373
30.1094,122.589535,132.638709,-20.326351,-42.252000,-32.265405,14.773934,171.716838,176.983089
30.1250,-170.033379,-194.077228,-230.014984,-267.806305,-232.960769,-195.417055,-41.889195,-73.164548
30.1406,46.646631,42.056393,45.761104,60.393779,36.426734,68.974570,18.355902,25.661252
30.1562,135.239538,98.319665,37.463570,71.973636,52.008651,77.185473,-69.622592,-42.410797
30.1719,-169.197853,-131.536122,-106.609972,-95.433869,-107.663313,-125.574306,-235.448944,-165.369346
30.1875,57.217876,4.753730,72.664912,88.676937,78.404928,72.320494,84.790595,88.329785
30.2031,79.622222,101.549228,102.790035,82.247031,105.498917,102.958655,133.390204,110.671867
30.2188,-128.269662,-149.826475,-0.895642,-40.000551,19.390674,-12.442485,-17.305417,-4.645783
30.2344,56.008120,29.339264,119.979215,155.497293,91.062561,143.406474,101.815615,122.948662
30.2500,54.181423,15.328975,-54.722134,-54.817309,-63.140586,-41.339022,-86.262655,-98.076511
30.2656,-121.135632,-83.402419,-89.855210,-135.680253,-134.668392,-128.590927,-205.738243,-207.141153
30.2812,34.213203,27.292147,87.076089,106.828564,126.121661,77.476696,61.690326,61.962707
30.2969,-3.980736,-22.545287,-101.693723,-87.475160,-74.167972,-81.616450,33.956262,50.170965
30.3125,-44.021177,-5.746992,-160.814638,-172.491824,-159.177292,-173.956488,39.759061,-6.155095
30.3281,24.320745,65.961591,48.815061,84.298754,45.325453,83.061925,145.360893,163.861378
30.3438,-6.066549,-59.688346,15.468298,15.630602,-30.240123,43.249065,-122.495656,-103.387460
30.3594,-53.221580,-4.788829,-12.106158,19.754833,19.304774,12.916688,-167.074225,-171.793366
30.3750,70.851934,76.466711,97.404908,144.647420,132.022762,140.275994,36.110637,68.924822
30.3906,-97.975551,-93.461097,-46.671926,-68.088234,-54.538334,-82.934072,14.385582,-55.198503
30.4062,14.391572,33.802646,5.054871,14.377852,-15.394162,7.697568,47.393781,55.458777
30.4219,80.471908,106.666407,134.350207,125.673282,154.952234,152.295860,235.471353,194.778957
30.4375,-126.808286,-159.293112,-137.541115,-157.301216,-131.213036,-167.300585,-83.668307,-75.789677
30.4531,41.126859,26.781970,-145.769636,-116.613604,-142.323929,-127.702910,-104.178122,-114.153575
30.4688,82.248225,122.356664,64.433963,60.452896,41.853160,62.657457,17.779250,33.639919
30.4844,-153.837520,-165.722115,-104.667819,-104.453883,-67.457947,-74.956607,-118.648049,-97.022740
30.5000,57.953642,76.198022,-19.154078,23.578551,-13.080886,5.549145,44.091688,84.697304
30.5156,94.626205,107.996959,47.362163,100.156814,73.335145,115.627411,203.050595,192.678950
30.5312,-191.694033,-161.065166,-67.016808,-46.568023,-72.342826,-104.070696,-58.383020,-91.419942
30.5469,65.450176,41.162380,107.667806,157.437325,174.744330,107.007152,-49.179875,-65.109822
30.5625,125.848778,150.227859,187.374367,178.448720,158.438796,150.725672,-9.524558,-28.191878
30.5781,-227.643939,-205.487942,-181.103626,-143.873594,-139.510819,-142.270098,-152.656336,-162.321704
30.5938,21.306669,41.787463,5.569922,19.625922,-28.498734,-10.538589,76.731014,79.878410
30.6094,120.528876,152.127099,41.994308,51.052702,56.962344,78.802653,164.013092,183.733141
30.6250,-185.472405,-170.993901,-128.843250,-141.739097,-101.721790,-108.554207,-96.692796,-45.717646
30.6406,70.466406,39.668399,-14.188647,-4.677689,-16.884219,9.897821,64.672940,17.889239
30.6562,105.116972,87.362996,2.979065,-5.375010,-48.679945,8.277408,-32.615755,-72.593132
30.6719,-137.242351,-151.744754,-92.920064,-99.572308,-77.779179,-45.183531,-164.753413,-175.977308
30.6875,44.082518,40.040550,157.503441,168.580014,155.672508,166.423321,65.871720,90.856218
30.7031,71.603619,103.870831,56.282275,97.664285,94.850444,69.352474,114.638952,112.236377
30.7188,-129.762116,-97.550757,-150.930888,-131.181239,-90.392935,-116.313052,-23.611151,-32.602951
30.7344,20.278492,70.912935,137.589867,124.738881,147.252568,108.960988,118.925565,107.991796
30.7500,8.854224,40.393450,32.675945,31.638138,78.428617,24.578313,-49.636421,-102.746955
30.7656,-87.173938,-69.417666,-114.077694,-157.166767,-130.725146,-150.362306,-168.560253,-182.236076
30.7812,45.059081,50.343975,0.076591,-7.429601,-13.868123,-6.794820,105.539619,67.054008
30.7969,49.014457,-12.870574,-103.388345,-64.119356,-72.746183,-106.212137,30.810558,72.938559
30.8125,-34.066697,-17.471420,-70.100191,-60.198840,-63.719847,-71.697794,31.572292,-14.293323
30.8281,40.347536,53.662243,116.493634,155.533786,123.651040,120.594536,182.773392,188.778795
30.8438,-65.194931,-64.101687,-62.030193,-79.769992,-52.107625,-30.733197,-73.477806,-82.532853
30.8594,25.505671,-16.409693,-67.591220,-36.499881,-90.830596,-53.265908,-159.895806,-151.222161
30.8750,57.511861,92.065975,198.278347,205.502260,220.827460,195.017315,34.239542,99.470548
30.8906,-77.774576,-83.439565,56.879799,39.949994,36.879437,23.877565,-56.348742,-41.698900
30.9062,28.885499,27.140831,-61.242828,-8.258775,-56.773384,-59.105416,14.711300,-22.278531
30.9219,66.405045,58.726828,75.594771,23.217956,56.088759,57.679667,212.916401,209.085952
30.9375,-137.703439,-131.691411,-113.749397,-104.396619,-99.165748,-109.163786,-65.450509,-128.128610
30.9531,42.330328,54.336751,-7.326830,-22.598744,-36.437229,-24.769627,-109.287116,-111.351052
30.9688,90.975912,119.557232,64.372554,37.600456,58.433402,19.863708,-2.434412,11.930058
30.9844,-190.017960,-128.177497,-175.988233,-163.253962,-178.282592,-203.990495,-109.841307,-101.050927
31.0000,56.396325,48.309730,-6.761018,22.398873,20.967028,33.639928,34.939839,101.524812
31.0156,142.167876,173.734720,200.315442,190.521878,167.721402,188.163392,200.481238,203.738317
31.0312,-170.241810,-202.468252,-64.779475,-34.861036,-66.418380,-24.685638,-80.422494,-98.809778
31.0469,17.877678,44.930267,9.800423,48.633308,17.793838,43.305108,-28.120740,-19.661136
31.0625,140.155591,124.524242,99.582495,99.532409,92.496361,90.892403,-24.581236,-35.939198
31.0781,-185.544852,-194.920034,-83.155190,-38.230597,-82.837016,-48.462234,-152.808515,-178.768329
31.0938,58.499773,16.932289,34.697518,53.131876,49.719329,89.630610,82.506553,92.101241
31.1094,119.166375,137.327717,11.070901,-39.904763,-26.730808,-21.201161,163.551197,149.221494
31.1250,-161.287851,-148.766543,-217.535956,-200.222785,-215.529576,-226.091196,-106.610688,-79.996183
31.1406,32.524414,30.648843,75.856462,53.207197,15.856273,43.483488,42.785720,9.426957
31.1562,76.098628,89.244646,42.485702,66.681173,29.407254,41.215195,-49.563801,-60.546215
31.1719,-118.096850,-143.291820,-113.262073,-117.236943,-123.438485,-124.672622,-190.910375,-173.601162
31.1875,8.742091,40.634927,67.119039,79.549188,70.286057,80.514636,81.645885,83.520960
31.2031,63.309615,31.208586,79.556699,84.507332,111.030517,102.113800,125.614905,171.740592
31.2188,-102.259645,-110.220572,-1.361257,-5.132839,54.689050,-48.620367,-14.845055,4.946262
31.2344,75.427421,69.994598,137.738259,111.944421,136.298852,118.249221,135.240415,114.289494
31.2500,71.048741,15.827036,-31.647014,-51.433870,-41.581138,-46.820818,-69.870412,-68.598822
31.2656,-96.665438,-64.015090,-133.132268,-155.782514,-107.910427,-146.972084,-192.761403,-205.336992
31.2812,50.999400,50.145661,105.920641,129.880310,100.125861,87.149518,98.400267,128.008946
31.2969,11.876474,-13.073949,-86.006871,-63.282606,-83.662072,-76.571882,19.469301,26.818293
31.3125,-45.239600,-50.103733,-173.475101,-172.235060,-174.597995,-174.118981,27.037993,32.111444
31.3281,24.452066,40.744303,96.809840,89.997957,82.385315,95.051923,160.445033,191.226574
31.3438,-26.087526,-36.330424,19.221102,26.923242,12.036055,-0.890515,-89.752804,-83.701496
31.3594,-11.024884,16.036479,0.641560,2.141068,21.703726,13.836432,-173.706734,-143.308493
31.3750,66.884153,109.208164,160.141635,163.177978,145.214363,144.550871,22.293459,64.465073
31.3906,-101.713783,-110.289288,-72.056038,-92.114467,-53.378660,-63.213892,-68.824951,8.983921
31.4062,-20.078758,35.696686,2.460521,5.167998,-22.001946,-41.993740,44.760398,67.794654
31.4219,81.107308,139.739005,160.441026,130.298471,134.065696,134.136311,196.175119,193.443276
31.4375,-145.175177,-155.130386,-166.742058,-161.983567,-172.461119,-176.953770,-102.637194,-93.306341
31.4531,94.373906,19.218822,-132.442271,-162.933240,-141.290047,-120.765146,-131.159202,-127.237604
31.4688,98.639139,101.587749,46.997260,88.619132,55.676513,54.043990,-2.920980,20.520525
31.4844,-165.867133,-200.770285,-44.408572,-90.666542,-48.819913,-77.899901,-107.157820,-96.070361
31.5000,21.135076,42.367808,-15.203035,-13.641280,6.099050,-4.747254,59.606621,80.607077
31.5156,127.094872,171.190099,66.586962,105.385981,77.155952,112.605890,241.736085,176.845114
31.5312,-189.426995,-187.497250,-59.836310,-40.703817,-44.095807,-40.498921,-68.552340,-58.073614
31.5469,40.182818,61.176916,134.069790,110.699934,134.606561,120.413186,-29.162894,-10.530933
31.5625,129.282307,89.888522,143.970061,158.943916,144.174631,164.039509,-19.736767,-18.759517
31.5781,-199.726306,-151.207057,-160.741197,-180.361923,-156.658114,-140.553932,-133.921970,-176.001079
31.5938,54.494738,11.021717,-25.430269,26.922349,27.381834,-5.985398,145.067580,86.428090
31.6094,136.041168,118.548417,83.293378,48.380147,70.112819,16.384796,137.418649,146.129926
31.6250,-146.653376,-165.197826,-130.398331,-136.335008,-172.620295,-121.847436,-27.797155,-65.582455
31.6406,63.783725,72.732165,9.133529,-12.146323,-46.459954,-40.831874,40.760533,22.067428
31.6562,114.724753,128.156442,-7.527803,-37.507928,-38.584251,-20.601413,-38.209639,-52.725189
31.6719,-146.568689,-125.217018,-100.091994,-105.752243,-53.914692,-86.982954,-196.166185,-180.879456
31.6875,26.237468,26.036002,187.905335,181.225379,167.026242,139.854032,77.827848,76.762833
31.7031,126.347892,74.142927,66.009050,51.814368,99.431242,83.875330,98.297704,123.687201
31.7188,-78.937560,-96.675691,-106.042060,-108.704862,-74.431355,-72.664258,-29.599203,-21.169909
31.7344,50.504126,68.483760,122.949413,144.154227,124.432575,110.314254,72.549864,107.742362
31.7500,58.418511,88.678626,29.256195,51.025837,89.436542,55.626617,-85.957240,-82.764779
31.7656,-60.300837,-79.827923,-152.427622,-133.302960,-118.375889,-127.034689,-167.430481,-174.945575
31.7812,44.918720,48.273885,19.643206,-10.458760,-26.872663,-1.042819,86.113884,122.183984
31.7969,53.539446,5.444563,-75.831359,-100.614387,-89.942013,-115.056728,72.448593,53.722640
31.8125,-31.764427,11.759837,-64.433671,-94.873194,-84.265579,-107.722921,4.945218,-3.284645
31.8281,33.540736,90.316481,135.172763,82.359120,115.492011,101.695342,181.195838,180.940813
31.8438,1.096332,-84.701451,-53.590427,-55.364111,0.769648,-57.893291,-81.849578,-132.214235
31.8594,15.722856,-2.634899,-75.159000,-57.785211,-27.029288,-48.978886,-170.921695,-142.655881
31.8750,67.304471,91.058310,235.395577,194.975198,188.388514,192.951949,83.028528,57.881515
31.8906,-99.539956,-100.052705,68.606944,-16.672641,6.389396,-3.828671,-35.920971,-15.061496
31.9062,19.996417,19.333881,-76.200164,-50.821643,-62.899054,-50.281938,60.304754,35.493972
31.9219,88.115014,83.826575,59.863152,83.490201,58.025560,56.438356,211.645695,185.004205
31.9375,-155.429467,-151.190710,-91.296584,-52.276596,-110.364790,-118.513884,-76.474942,-107.671890
31.9531,6.869680,29.438042,-24.847704,-36.074575,-7.610292,-36.871971,-117.073069,-108.591910
31.9688,94.366539,114.627339,44.150393,51.338543,49.727867,26.329798,15.722757,30.195812
31.9844,-186.766211,-134.265473,-189.003776,-190.084139,-176.685422,-200.427205,-96.393985,-79.942020
32.0000,83.583374,26.946368,-29.867050,-21.025684,22.064512,-19.075760,77.875433,71.945856
32.0156,118.266656,117.821716,181.616794,165.431257,225.745607,194.819995,182.761684,195.873043
32.0312,-212.891626,-178.489685,-59.356901,-34.548387,-52.559478,-40.227932,-68.727583,-65.103083
32.0469,56.754937,16.598752,38.342258,40.614458,14.407902,44.718807,-24.633752,-55.816496
32.0625,113.092924,109.988709,88.336779,90.208323,112.320133,91.985208,-34.272019,-16.283613
32.0781,-199.292194,-179.556576,-43.457880,-64.204052,-56.667723,-63.664408,-154.265467,-172.254027
32.0938,62.917810,34.228569,62.955493,31.718879,20.573279,39.679947,104.114675,59.852997
32.1094,166.280623,146.642222,5.854356,-22.110480,-15.654704,-20.402805,144.786604,182.437525
32.1250,-168.750573,-166.266312,-200.932820,-217.267902,-240.501636,-201.480984,-97.320734,-66.377215
32.1406,55.471769,9.763242,37.048177,30.219792,44.942595,19.928047,70.653727,60.589375
32.1562,122.284069,147.120858,106.016373,82.401215,47.510038,69.982776,-32.521054,-22.975241
32.1719,-149.454793,-155.447715,-117.227183,-131.167188,-142.219981,-109.737778,-205.201357,-185.756242
32.1875,35.550317,36.311651,54.928872,107.257570,108.070745,119.547317,105.584808,101.444131
32.2031,101.528423,71.675993,112.782730,81.600685,81.775679,115.290383,121.385366,128.125458
32.2188,-91.882458,-104.973501,14.851939,15.934860,-31.396717,-29.385888,-29.157479,-44.446795
32.2344,78.918632,53.062827,152.055013,99.643911,106.553179,104.841615,105.990643,102.755271
32.2500,65.793157,20.603206,-37.111179,-44.485916,-56.637875,-62.659108,-71.778515,-117.668488
32.2656,-81.175998,-62.081939,-147.712372,-128.981841,-133.877386,-131.775867,-203.965987,-213.212269
32.2812,-8.974940,50.491327,116.587173,126.239827,111.041434,145.282365,60.456639,78.734478
32.2969,17.082081,-1.011726,-54.362022,-65.194733,-57.330321,-111.398183,75.698359,42.417353
32.3125,-50.191815,-24.339865,-167.149066,-174.360578,-160.107099,-186.759550,42.011420,34.062984
32.3281,60.996612,52.986903,59.458101,99.910741,58.125003,70.189649,169.242049,187.333901
32.3438,-51.987137,-64.815542,27.354298,23.423369,37.193066,33.344725,-58.714183,-98.859286
32.3594,-9.230926,-3.174332,13.677262,3.924503,24.167600,11.678572,-193.813653,-162.565496
32.3750,55.433277,72.009670,141.757238,173.356420,162.990667,152.386606,56.111808,50.810670
32.3906,-109.684623,-101.355248,-71.821831,-63.879068,-50.094120,-67.030335,-28.776792,-21.382101
32.4062,11.956362,46.576257,7.455181,-20.162543,-11.974891,46.028979,72.818633,-1.212735
32.4219,68.842127,136.120114,150.650102,138.473997,171.628955,175.832014,182.380368,226.210111
32.4375,-131.922386,-137.614509,-144.659675,-154.822248,-185.527686,-141.577149,-103.849326,-94.393622
32.4531,77.145784,12.975737,-103.540256,-97.593266,-103.009496,-142.302209,-124.622652,-123.438367
32.4688,122.237767,102.935581,63.103099,76.081123,59.543050,65.335271,10.784938,18.353504
32.4844,-176.539045,-132.400742,-93.139256,-89.982068,-92.661832,-99.139318,-72.804732,-107.452463
32.5000,23.890056,75.377149,2.169106,15.490380,18.547915,49.054225,56.799319,65.664672
32.5156,105.177041,152.496677,116.529652,94.871562,40.906993,67.590361,219.569995,166.027435
32.5312,-173.621038,-184.402664,-75.902767,-44.115553,-45.119124,-28.944992,-109.117960,-82.095470
32.5469,73.160419,64.503983,130.760249,138.676820,134.357329,146.270767,-73.092905,-45.128599
32.5625,118.610027,127.120893,129.140399,142.520090,140.713818,151.952326,-26.326432,3.975111
32.5781,-205.120595,-191.482787,-158.825340,-125.119805,-147.876025,-165.260319,-194.558630,-184.667207
32.5938,73.287792,14.163680,10.920395,-15.598837,2.784181,7.748951,103.820218,110.464534
32.6094,127.023295,96.673082,72.286237,56.543272,63.872789,67.115185,144.591739,171.635491
32.6250,-181.927082,-153.630751,-120.499481,-171.641373,-159.324441,-138.318536,-19.883417,-62.611026
32.6406,15.987923,52.834872,-0.919156,-23.215417,-14.559970,-26.485235,48.595595,38.909702
32.6562,127.568534,154.387268,7.364755,5.354275,-35.981589,-32.481239,-45.276315,-77.594370
32.6719,-129.294255,-157.236010,-97.735548,-55.434249,-96.100127,-81.020812,-176.870025,-213.306294
32.6875,24.353807,50.945742,184.376760,166.436174,164.736350,189.409003,82.856430,94.927973
32.7031,81.614839,77.115986,35.791346,58.728316,61.443700,67.698714,107.071751,101.542488
32.7188,-114.680347,-100.650253,-89.176929,-73.334122,-148.357697,-88.824353,-47.969430,-43.787826
32.7344,47.427317,45.977539,113.965957,127.634439,150.384135,141.280197,103.709419,138.024389
32.7500,50.007833,73.573221,16.829856,48.205525,72.736900,64.142241,-92.856903,-76.175461
32.7656,-66.232206,-89.058276,-121.867262,-130.916821,-155.090660,-143.664424,-201.290358,-200.136706
32.7812,52.176946,75.833775,4.923539,-0.673130,28.730262,15.419518,106.462644,87.041667
32.7969,5.967858,21.520391,-133.394131,-100.292506,-85.988442,-115.355198,25.242677,48.205127
32.8125,-66.846668,-24.769248,-87.190548,-87.496254,-101.974943,-71.946992,-14.577298,11.234370
32.8281,54.432793,59.151998,129.438045,163.460200,123.327429,113.566456,132.229911,145.154942
32.8438,-14.360831,-45.779697,-53.086090,-76.310794,-76.840349,-92.754782,-88.854973,-74.341381
32.8594,-19.278135,21.565098,-49.530668,-82.320033,-52.326310,-60.504700,-132.784345,-202.269918
32.8750,47.400509,65.792579,184.302904,205.757174,206.953737,226.068205,75.163641,37.522028
32.8906,-108.474096,-94.360376,12.700892,16.121790,35.659335,43.502512,-16.944287,-12.373717
32.9062,-10.477400,26.863066,-17.863112,-65.036736,-33.355312,-41.219121,63.168454,35.813773
32.9219,85.223727,117.976516,56.127369,52.723521,87.297839,46.271072,193.634167,198.503457
32.9375,-133.575434,-137.989382,-118.978809,-117.055081,-68.471447,-110.223795,-77.844399,-98.450425
32.9531,61.910577,35.212917,-45.042364,-54.655597,-41.124595,-42.394109,-121.079897,-135.157180
32.9688,101.927710,109.575189,26.708762,40.691903,55.360933,60.640850,28.087294,-23.142263
32.9844,-175.494790,-140.108756,-185.956603,-139.020173,-193.868726,-181.140882,-112.844161,-139.491459
33.0000,81.602515,54.764258,3.158478,-4.299700,41.739639,-27.845726,63.701514,86.236116
33.0156,121.492603,157.651308,229.950623,172.917729,196.082617,196.117529,178.029540,220.178584
33.0312,-176.982521,-195.812339,-44.595020,-47.166680,-0.817772,-49.421054,-44.902841,-92.558332
33.0469,48.285916,43.851585,61.145253,23.964133,52.396995,37.414684,-21.961715,-48.663897
33.0625,128.972755,105.690848,111.996048,96.766729,131.667837,98.618734,-1.995236,-30.715857
33.0781,-192.890391,-178.324775,-46.132138,-68.952691,-56.858670,-103.140205,-185.845187,-175.647615
33.0938,66.619529,34.155131,60.262650,67.199325,41.407046,67.707433,96.922405,80.060724
33.1094,164.466633,137.653997,-7.303757,-12.998024,-34.767768,-46.102253,153.941758,142.776617
33.1250,-182.082103,-152.221838,-244.142306,-219.337882,-190.698508,-210.563727,-81.204018,-37.987279
33.1406,33.703926,64.757223,44.198702,76.641543,35.897322,59.176185,22.101566,17.746664
33.1562,105.876281,116.438805,81.200354,42.789270,66.405836,50.525001,-23.520688,-20.525080
33.1719,-120.424006,-131.247073,-116.855528,-137.412148,-130.348458,-168.338197,-189.760033,-229.370616
33.1875,37.345419,7.870082,89.767076,60.696310,51.151770,103.448669,113.350332,87.744562
33.2031,82.375549,90.703314,115.923898,73.489325,110.607955,96.593048,83.862741,107.752804
33.2188,-163.376746,-58.291760,2.676629,-22.807067,-23.048055,-14.400470,-37.060635,30.037301
33.2344,33.258499,33.810490,111.527743,126.059746,134.938820,113.593308,77.531420,134.442356
33.2500,55.608563,75.072620,-32.994919,-56.934034,-49.220493,-80.278403,-105.433071,-64.589434
33.2656,-110.557182,-37.032377,-148.032840,-146.350407,-142.013047,-122.066665,-184.529914,-196.939171
33.2812,45.845566,64.866495,112.536988,109.383609,91.501768,137.757973,103.240990,97.910068
33.2969,6.385633,-19.333658,-101.824725,-87.163037,-42.611229,-86.427518,60.562140,43.700566
33.3125,-33.318341,-44.467898,-182.632089,-175.562741,-172.035777,-164.233987,36.882628,-4.196204
33.3281,56.093546,38.397950,80.067073,95.166812,84.068093,89.600704,166.325088,132.453142
33.3438,-71.154622,-30.830932,-21.863307,76.214098,30.074813,-6.448427,-97.106434,-79.157673
33.3594,-38.183639,30.728621,7.772857,24.281722,9.831682,37.171253,-163.341911,-186.807962
33.3750,37.677068,67.106024,145.791046,121.690348,136.875970,131.012221,59.132007,49.510592
33.3906,-87.234398,-85.877528,-56.347978,-87.305743,-8.570705,-61.626488,-27.855568,-49.974385
33.4062,3.096976,-6.883298,21.489409,12.658510,-20.996439,-25.166715,40.538887,24.806482
33.4219,84.207093,107.043078,141.648975,132.799450,189.698583,105.890252,180.491181,203.318833
33.4375,-114.693415,-139.506683,-139.645307,-130.772650,-95.388546,-169.847836,-72.721074,-96.903646
33.4531,53.389905,35.193297,-118.862540,-145.598601,-130.627545,-110.440559,-149.405749,-125.528571
33.4688,100.151432,98.451630,67.477284,60.979432,51.199033,78.363991,-6.115543,12.262989
33.4844,-159.953951,-176.728042,-73.192178,-74.374973,-61.863962,-59.425954,-136.923247,-128.822633
33.5000,46.883553,34.082253,13.820427,-15.092741,10.601517,9.559866,57.365474,68.597545
33.5156,134.698665,111.508813,126.156769,82.980554,96.682096,68.712378,140.624894,210.520647
33.5312,-204.848863,-212.717441,-65.210490,-46.256431,-71.529632,-84.744301,-98.453379,-75.597373
33.5469,56.957637,35.898632,119.519091,127.389957,133.170357,131.640164,-69.415081,-14.507081
33.5625,128.192035,144.357275,152.416699,168.684703,173.400691,156.790689,-12.228187,-35.300906
33.5781,-151.576199,-183.206892,-113.286221,-153.437955,-174.908425,-149.949700,-150.802772,-141.280433
33.5938,73.214099,59.265776,-2.841487,-23.013075,-8.149492,-22.655683,95.094946,78.914785
33.6094,162.434020,140.752519,59.012532,55.293335,39.133745,39.213057,171.988466,174.672561
33.6250,-177.461923,-171.720465,-147.045547,-148.390192,-127.326452,-127.985409,-79.235046,-55.674485
33.6406,65.793771,-12.768950,-19.973897,-49.181945,15.266283,-12.296384,28.528983,17.340997
33.6562,118.731769,102.643920,-14.009933,-30.521968,-25.194064,-32.861305,-43.535916,-24.393316
33.6719,-129.934844,-147.485756,-50.401779,-63.487350,-93.979229,-84.137870,-190.408884,-182.632629
33.6875,60.095939,-6.663600,177.167203,154.724511,131.502626,179.175254,82.455544,43.189999
33.7031,68.533167,91.680860,48.592031,50.802978,56.624143,82.973167,135.918145,101.373718
33.7188,-121.036930,-101.398770,-110.719311,-129.127872,-120.563731,-84.889473,-60.686838,-21.899509
33.7344,30.098961,30.161170,131.109553,128.221749,120.919426,107.861473,90.730142,72.689876
33.7500,53.130736,5.769135,63.230640,48.347267,61.679393,80.936287,-59.291577,-52.758079
33.7656,-86.377239,-48.878531,-105.935241,-90.939904,-164.169649,-100.580641,-181.945250,-194.887022
33.7812,16.049010,11.041869,-12.064545,7.792117,13.556006,-3.883589,66.881759,82.572672
33.7969,4.306904,-14.275367,-93.627114,-108.981889,-117.086505,-81.573201,70.917271,37.753543
33.8125,-47.831480,-37.580720,-104.964244,-70.127214,-68.374422,-75.781653,30.029160,9.815637
33.8281,66.943647,37.190193,128.551976,146.517236,133.874952,106.694800,171.096525,167.666369
33.8438,-44.088028,-71.938926,-55.608738,-82.103597,-73.741055,-109.894402,-98.159224,-106.409101
33.8594,19.136021,18.220862,-59.817406,-63.851610,-22.923690,-32.412670,-173.520880,-174.601693
33.8750,92.966747,58.562639,183.377896,200.723658,209.358757,207.488164,58.919826,60.803218
33.8906,-75.623226,-110.105549,12.186461,58.002116,55.805554,-7.806663,-44.373555,-20.055733
33.9062,39.514864,10.787394,-70.265165,-57.799013,-35.276597,-82.922943,55.650276,76.749775
33.9219,90.351648,78.178797,41.190612,100.924494,59.554318,66.747165,171.892197,201.898747
33.9375,-120.748315,-152.144342,-110.604918,-87.603136,-126.763297,-76.449997,-127.100713,-73.733032
33.9531,46.224789,32.311819,-22.157272,-38.835846,-15.762966,-40.511138,-154.852015,-123.634591
33.9688,110.767700,82.920409,45.100630,40.565950,25.068862,59.346201,38.538744,21.657153
33.9844,-158.673412,-172.387660,-171.003931,-192.394800,-189.585782,-174.706569,-91.885935,-120.267008
34.0000,28.888645,61.169072,1.664224,8.882657,-23.861689,-37.823619,55.077791,76.351067
34.0156,127.635459,102.375766,180.147120,244.156333,187.384886,165.643509,204.454202,176.953649
34.0312,-189.489640,-224.073572,-52.088672,-47.310147,-72.016309,-40.436329,-92.153664,-83.305015
34.0469,33.782235,34.983809,49.247688,-17.642450,39.394166,38.949163,-61.977638,-21.253028
34.0625,147.333127,164.770695,105.352791,93.973956,103.213778,99.620716,-19.314909,-14.931570
34.0781,-180.011634,-133.467053,-43.431572,-63.071874,-54.722549,-75.179674,-182.155777,-158.960175
34.0938,25.524100,35.735670,73.461225,96.507883,38.149219,78.332282,91.335688,85.946198
34.1094,134.606285,111.621997,-17.153687,-37.677855,-20.962505,-43.600293,149.173927,152.866983
34.1250,-192.559781,-144.682771,-210.572973,-233.043253,-228.907704,-176.389735,-43.311425,-60.399966
34.1406,58.601665,36.346457,44.486007,16.862720,46.025511,42.848002,54.424742,55.085531
34.1562,109.180262,108.909594,63.714246,85.126800,53.381926,108.019470,-45.123030,-69.257749
34.1719,-144.845731,-104.585662,-134.681485,-153.598892,-132.998893,-118.736698,-167.633878,-185.076035
34.1875,54.245194,-4.715590,68.038023,123.257516,90.606424,80.107429,100.236697,106.905923
34.2031,82.330988,65.088661,113.570480,75.278200,109.743672,71.798182,122.345265,112.979405
34.2188,-111.909514,-96.567950,-26.644543,13.525771,13.812957,-25.624143,-17.624976,-25.497065
34.2344,27.091337,6.274649,140.633016,139.977275,110.359503,126.638307,94.613514,125.704772
34.2500,22.954179,50.045479,-11.469572,-43.354424,-59.000743,-32.470253,-70.843647,-99.117414
34.2656,-110.633603,-62.965842,-116.798991,-103.030561,-165.062893,-115.862123,-214.745198,-212.878169
34.2812,53.855632,72.178371,97.935394,111.971387,117.229100,104.654147,60.413603,104.914188
34.2969,37.478182,-15.191692,-77.930381,-73.546339,-72.835157,-51.854364,13.846863,8.013185
34.3125,-45.443881,-17.555345,-164.710865,-156.756313,-184.735435,-161.420542,19.467995,10.793311
34.3281,23.671681,42.988906,62.186775,130.281347,94.801686,92.696537,134.762390,167.508041
34.3438,-44.616709,-4.961543,2.236435,49.001646,-16.829803,12.581125,-71.374357,-132.167259
34.3594,29.433935,58.700819,26.423624,24.500071,5.903173,24.769801,-177.934625,-205.969431
34.3750,28.609639,83.206018,159.890023,89.657456,162.938952,139.961688,31.264287,24.671358
34.3906,-84.678823,-77.776114,-15.302277,-42.398026,-68.920616,-109.422579,-61.967826,-31.285048
34.4062,-20.832604,16.912222,28.949592,40.613971,16.272823,-6.407441,25.255650,60.746102
34.4219,130.700656,82.568213,146.831292,177.658366,131.641784,138.140881,207.418281,202.506590
34.4375,-145.896212,-127.923510,-142.004313,-114.461584,-135.977541,-150.251218,-76.860243,-96.454817
34.4531,16.868566,11.631171,-136.177844,-141.256637,-150.915836,-128.836013,-104.910145,-110.726697
34.4688,92.638286,108.923320,46.748672,80.711813,48.290635,65.489829,-11.295180,54.206580
34.4844,-171.672316,-161.617632,-100.874004,-78.120186,-91.439788,-72.442682,-129.926293,-135.731875
34.5000,58.984171,15.045457,-25.895490,21.023854,30.220816,-26.546502,74.416268,72.212882
34.5156,153.932845,131.391693,75.329245,34.430139,57.959553,63.801973,201.713338,237.688450
34.5312,-172.577341,-187.335842,-73.988627,-59.177458,-76.471125,-70.068515,-105.757371,-83.462062
34.5469,85.280959,33.209964,168.929142,141.206109,146.239655,105.608903,-25.978337,-47.728678
34.5625,106.212756,187.732158,149.436588,148.640559,133.580206,168.263777,0.294690,-49.806767
34.5781,-189.491457,-164.008197,-134.352462,-167.784167,-173.515820,-179.573864,-165.757457,-183.040580
34.5938,60.301614,57.651760,-8.092379,34.644551,12.205526,35.058979,97.662993,79.667929
34.6094,138.097592,119.972684,77.527257,34.731319,42.760641,86.239856,147.632333,215.362611
34.6250,-173.203468,-180.709921,-144.275349,-165.331690,-160.969398,-131.354904,-84.064304,-82.731915
34.6406,72.574312,28.835988,-27.478782,-24.009977,-27.457514,-16.999096,34.165212,48.199976
34.6562,102.669391,136.974027,-6.561554,-20.900433,-30.885413,-56.587911,-2.502965,-61.808856
34.6719,-176.097975,-127.761666,-76.139474,-97.428593,-73.697580,-60.939553,-177.176856,-204.552651
34.6875,53.703519,37.501031,164.998947,214.774514,160.094969,154.928595,106.462746,108.953291
34.7031,123.432013,90.031552,57.296522,67.252464,53.331513,51.367271,153.281082,111.260652
34.7188,-135.743954,-130.569094,-129.410468,-65.643137,-98.742854,-108.144866,-4.878583,6.358852
34.7344,21.096130,9.726489,142.051231,129.319162,159.577142,143.334133,103.755581,104.996161
34.7500,53.199981,20.496364,47.151123,54.228378,71.168368,71.353889,-69.764213,-93.252583
34.7656,-75.824995,-62.235445,-160.621834,-119.743891,-140.049249,-162.959464,-197.075285,-184.800954
34.7812,39.759992,27.778399,32.266885,15.120010,-6.450722,6.096582,92.583076,103.415742
34.7969,38.303901,-25.699659,-137.576643,-103.167669,-131.226985,-109.247501,28.063183,-0.536987
34.8125,-18.951350,-41.878955,-73.294496,-48.222732,-112.289069,-91.691521,24.727515,-24.711216
34.8281,28.508741,52.014657,115.997576,140.076454,130.338859,132.709711,178.316355,174.747558
34.8438,-26.398204,-57.592070,-42.954700,-59.866395,-77.923820,-70.484845,-63.903066,-81.857498
34.8594,26.136630,3.382062,-65.152494,-20.743107,-49.179267,-29.292268,-166.180987,-188.708023
34.8750,80.166473,52.362444,222.106376,217.846610,198.132281,241.471868,62.707217,73.064018
34.8906,-91.818933,-95.128985,77.251767,4.858554,8.704738,0.223133,-27.208638,-55.386135
34.9062,-4.337750,40.456716,-24.501260,-43.646706,-59.091115,-50.312368,33.193473,38.607488
34.9219,62.100561,77.170806,73.052097,72.877315,85.361200,49.424299,188.617166,174.980280
34.9375,-124.760173,-149.753990,-70.121461,-65.058478,-114.023955,-112.812618,-96.876641,-93.247564
34.9531,48.725631,55.282489,-51.884658,-68.059574,-27.299884,-71.977564,-118.997240,-120.581755
34.9688,116.326190,134.969537,65.855254,33.248903,59.506446,37.118605,-3.693520,-7.067517
34.9844,-164.943773,-161.771217,-175.387938,-180.152249,-186.520018,-162.310478,-117.823850,-112.112603
35.0000,435.897289,463.095925,394.403945,414.716053,411.468422,382.972103,438.083549,465.598772
35.0156,342.862554,343.201911,419.614200,422.007192,455.284902,412.201644,401.248739,428.399111
35.0312,-8.852102,-73.668593,120.995581,58.032659,71.934642,108.042790,67.561688,50.125783
35.0469,171.949552,104.745860,90.621295,128.488108,154.076850,73.326237,-22.012419,52.419372
35.0625,183.445858,201.377021,167.426833,141.529989,199.250410,190.641160,12.240829,26.049152
35.0781,-179.576804,-150.666359,-31.693645,-45.750942,-25.995320,-41.716558,-117.432729,-168.336174
35.0938,46.451304,36.791405,80.771181,88.709974,49.241534,54.760134,130.848168,130.892895
35.1094,95.848270,88.909176,-19.561619,-21.776827,-12.570601,-28.439352,119.954170,188.084515
35.1250,-142.871489,-175.510824,-209.645244,-183.525625,-208.044734,-205.403721,-75.331583,-77.157581
35.1406,85.212415,47.721812,49.604339,86.257856,57.109932,64.932099,5.276848,59.040492
35.1562,101.336381,103.459708,77.213048,103.251877,63.812544,52.323095,-44.717311,-43.494691
35.1719,-123.425459,-112.254367,-122.829581,-148.149597,-139.147553,-126.930265,-201.476026,-211.952662
35.1875,82.104052,-23.751568,75.866015,76.690525,66.853530,72.686045,93.044084,94.044947
35.2031,74.959477,94.993719,70.605523,64.902852,115.679542,114.327957,134.489470,88.552315
35.2188,-143.982686,-84.952196,-15.511702,-14.229070,-28.381258,-41.689639,-13.507686,-56.352487
35.2344,44.872465,50.946784,114.840136,142.954165,78.500284,118.967221,97.805076,134.336042
35.2500,49.327257,77.230904,-11.365626,-40.554451,-73.760110,-64.636676,-77.773662,-68.902297
35.2656,-104.323775,-88.491278,-160.264309,-118.275149,-150.203699,-133.487838,-191.947316,-169.959737
35.2812,52.009389,44.152008,114.442073,118.894775,91.383986,80.788003,90.164794,102.469259
35.2969,-14.796977,-5.038006,-47.477060,-68.379168,-66.842818,-65.992216,45.236494,36.882590
35.3125,-27.441207,-18.616686,-172.779409,-170.718588,-191.422491,-189.256644,45.665364,-39.157020
35.3281,73.836143,55.408962,86.883921,63.867941,58.927805,80.389153,174.723626,174.229345
35.3438,-64.731465,-76.887615,46.044060,51.435581,54.619246,29.033069,-103.444256,-117.619708
35.3594,-43.975772,14.502629,18.490247,21.943385,-11.465433,39.607267,-173.512430,-187.862163
35.3750,69.206607,90.170295,144.457168,156.632166,138.526105,122.957992,79.955446,40.748291
35.3906,-91.016949,-105.009213,-98.888534,-25.249822,-66.555538,-70.503859,-28.777057,-65.592167
35.4062,19.730823,16.609761,-3.488605,3.757686,35.096484,8.548060,73.198188,35.733283
35.4219,109.095817,78.604116,125.663956,168.557899,168.369833,123.511807,214.254586,226.702710
35.4375,-153.220938,-95.021316,-134.096514,-150.140422,-127.814628,-151.777903,-86.341408,-98.839207
35.4531,48.500783,49.689403,-158.507620,-139.991047,-135.003635,-136.864015,-87.710296,-84.246404
35.4688,122.601348,113.122315,54.698374,92.071251,72.807163,42.153824,35.071996,14.281320
35.4844,-169.661901,-128.138718,-58.542848,-87.677443,-85.367516,-109.908047,-116.711257,-145.787213
35.5000,62.145673,60.638052,3.030638,-2.056049,-54.750933,-22.262544,58.154710,89.806246
35.5156,159.260387,124.602573,57.948286,78.198097,84.246627,104.546206,203.040540,160.553513
35.5312,-169.413945,-189.433917,-77.671165,-98.663608,-94.650493,-53.771685,-58.884282,-68.281791
35.5469,56.956158,13.529666,125.445490,132.493804,148.420672,111.844097,-50.062293,-61.441988
35.5625,110.967764,142.170290,124.723177,147.323197,155.356426,136.255305,-32.050990,8.585751
35.5781,-172.475665,-185.850664,-166.087134,-162.045030,-121.430859,-128.715286,-150.176420,-154.066155
35.5938,42.234718,44.362387,10.198380,2.659621,-7.259231,13.854641,113.090736,83.679274
35.6094,110.858069,157.750710,30.408209,72.016781,37.655333,50.397694,168.869196,166.478128
35.6250,-149.389809,-169.588691,-151.349832,-147.810482,-157.396417,-145.011356,-55.689195,-67.664045
35.6406,84.212126,28.534222,-13.182445,-33.623771,-32.367495,-13.812497,37.466366,75.192680
35.6562,98.760915,130.906511,-37.320901,7.077221,-13.581550,14.495097,-45.891117,-51.051719
35.6719,-186.117015,-175.304647,-104.954038,-94.373601,-54.934331,-78.301928,-160.153364,-177.958366
35.6875,42.582344,44.825371,173.811067,168.763940,176.542587,164.136001,90.771453,97.151843
35.7031,104.573140,53.993317,73.782252,83.279245,79.870438,87.042859,149.266854,118.594562
35.7188,-120.145428,-91.518275,-115.879787,-110.234270,-94.065298,-93.278345,4.801615,-17.527367
35.7344,30.797470,44.117479,149.929847,152.239191,146.826950,146.333336,110.331497,97.554442
35.7500,88.519375,36.771369,58.250553,77.712608,78.284848,58.311069,-92.601287,-107.311582
35.7656,-83.715470,-50.593098,-134.245235,-136.738144,-127.013379,-124.773168,-180.314504,-171.983960
35.7812,44.461038,17.156405,1.971118,19.935501,-12.629092,5.630533,52.820018,73.237643
35.7969,17.084876,-39.891542,-93.719428,-98.998810,-102.725013,-106.639161,59.375249,-18.778077
35.8125,-14.221421,-54.405610,-104.087287,-104.613549,-102.959430,-75.311504,9.237158,-8.124930
35.8281,48.646610,47.042407,86.207472,176.671527,154.392634,108.565019,179.551795,179.323677
35.8438,-17.922102,-98.334251,-49.882344,-89.193422,-108.914817,-47.190014,-100.353126,-87.124024
35.8594,-14.082203,27.182513,-57.605794,-70.778197,-59.675794,-34.494081,-162.068359,-187.519980
35.8750,46.923074,61.663530,224.393763,212.120874,218.022937,220.915182,70.567582,71.209742
35.8906,-71.659294,-90.104830,2.776542,45.744460,27.077586,10.535262,-62.774129,-44.965700
35.9062,26.244994,31.058077,-36.378615,-56.323061,-51.351417,-40.483968,52.091760,75.331252
35.9219,88.732029,68.194674,73.172945,74.457412,87.861639,45.300432,199.894845,183.811775
35.9375,-108.002668,-161.365962,-92.620956,-104.510198,-94.673443,-129.615076,-125.197163,-92.012728
35.9531,34.753276,24.540198,-9.198433,-4.392160,-52.247823,13.478894,-69.173102,-120.886135
35.9688,127.387460,86.977938,72.939570,69.578035,35.070290,21.025908,2.205276,42.638351
35.9844,-154.933763,-184.905518,-185.583519,-151.789637,-187.016337,-210.074415,-69.146974,-131.717717
36.0000,38.801707,84.098590,12.435183,12.337971,13.596406,5.302254,90.705372,77.941832
36.0156,119.405584,99.969347,192.317457,184.912721,206.427998,172.976206,203.982246,176.109802
36.0312,-199.310784,-197.535499,-41.711339,-52.846831,-27.148576,-49.235700,-64.681271,-85.243043
36.0469,83.962886,44.389464,65.324158,44.964752,42.639879,11.526364,-51.248512,-54.757380
36.0625,150.477669,129.442561,124.491893,117.181933,101.450057,117.828667,-27.817089,-26.452990
36.0781,-209.106499,-156.807711,-47.140525,-1.818629,-48.268056,-47.770402,-168.262428,-134.801977
36.0938,81.949703,52.260582,67.752383,55.148186,80.365685,6.322231,88.574122,73.729681
36.1094,129.586225,108.029252,-24.958898,-4.598696,-6.208346,-18.351813,147.555927,146.811760
36.1250,-213.874632,-152.051331,-199.104054,-201.150296,-208.769982,-198.863954,-49.898232,-86.898931
36.1406,68.078643,22.859982,33.622013,38.145245,51.008903,85.673229,37.653031,35.537144
36.1562,137.595027,134.179230,86.167755,82.310768,79.276817,47.421556,-70.217065,-40.864181
36.1719,-155.678422,-144.494118,-135.683485,-109.891962,-91.063791,-147.287712,-179.790999,-208.418579
36.1875,23.579006,26.884537,51.471614,100.407833,41.591366,89.051983,90.995988,113.807863
36.2031,94.133586,117.686418,100.761472,97.128888,76.580575,128.642234,114.017601,101.907648
36.2188,-116.775997,-89.201439,2.645877,13.528299,-8.760829,-24.621335,28.724846,-28.461609
36.2344,32.088722,10.510415,134.956861,152.810386,129.732066,126.726074,95.835040,131.571326
36.2500,31.921547,61.125090,-92.367077,-69.868348,-60.672179,-26.517649,-43.229393,-58.616087
36.2656,-68.393053,-77.510522,-147.045943,-141.809072,-144.004955,-140.719192,-218.714740,-207.308027
36.2812,35.439797,82.371259,146.830260,112.253467,96.293044,94.321668,75.395261,72.050312
36.2969,8.171271,-26.417868,-83.326123,-62.732974,-56.811834,-65.608506,5.894211,52.261231
36.3125,-32.400731,-14.257438,-177.800534,-183.822983,-179.637570,-203.629234,-27.606660,2.995646
36.3281,57.248525,82.882315,74.188833,83.923309,77.769503,76.080310,153.591665,183.755596
36.3438,-33.668038,-34.922803,-3.788827,10.966571,17.170167,14.659005,-99.311937,-86.585765
36.3594,21.171812,17.103801,-0.776411,-6.141623,29.936216,1.481752,-172.807282,-174.970779
36.3750,45.871882,101.286738,114.222069,180.503514,146.621085,123.052297,48.770841,54.775288
36.3906,-93.667644,-121.285915,-84.741571,-57.284444,-44.605569,-55.500565,-60.791629,-51.889404
36.4062,-13.292629,44.449556,42.272871,4.039973,27.147543,-11.038587,71.736792,52.735624
36.4219,68.370031,126.356029,136.519962,174.405591,129.579853,151.770845,201.269465,176.695107
36.4375,-132.901167,-158.796952,-139.024388,-127.066631,-148.534439,-120.247219,-79.039822,-124.192128
36.4531,53.133611,37.205472,-127.731582,-146.244819,-148.495303,-142.193968,-133.250800,-104.855048
36.4688,99.326438,133.664242,44.562041,55.453140,50.178807,69.000096,25.546850,44.326682
36.4844,-164.174525,-167.995557,-98.416624,-137.804635,-71.020916,-20.861481,-130.838256,-110.629280
36.5000,59.062937,65.391795,32.116415,0.274008,8.193890,13.194575,101.788263,77.584265
36.5156,122.493350,122.357070,59.674457,101.476616,87.319979,32.380432,225.683613,198.350171
36.5312,-157.653375,-180.132913,-65.558408,-56.596522,-74.601702,-51.581388,-63.025898,-63.560962
36.5469,16.401359,26.956783,116.818021,131.699580,113.484899,97.315375,-22.407806,-11.407595
36.5625,132.724183,155.625835,152.631935,151.382292,175.925739,146.788895,-2.866081,-33.141922
36.5781,-202.778159,-137.822971,-131.057132,-152.965917,-148.925546,-132.570878,-163.638245,-185.035085
36.5938,64.659966,20.573128,10.036225,-24.004266,10.395157,-16.022865,97.005194,95.420050
36.6094,142.125821,154.911897,47.810740,32.127380,4.248987,26.636246,169.800169,149.049490
36.6250,-171.295414,-168.226077,-137.742176,-125.128839,-134.213151,-164.904709,-93.096456,-51.642648
36.6406,66.572497,7.129943,-13.728907,-11.675433,-3.070243,4.014201,79.630517,51.471840
36.6562,103.960894,99.575321,-22.704868,2.107370,-30.103520,-20.470438,-15.901598,-62.756385
36.6719,-121.953693,-157.230712,-73.696978,-83.155921,-62.686135,-63.450516,-198.741087,-220.378374
36.6875,-4.068210,69.625065,180.184594,221.686396,155.952869,174.101821,75.405870,84.050563
36.7031,95.758891,92.820881,68.453159,37.654615,75.902156,82.391294,113.984468,133.092723
36.7188,-130.114653,-108.246234,-85.341326,-153.215750,-122.166233,-68.699338,-30.305041,-50.564691
36.7344,28.551666,41.635037,119.808510,128.963756,127.200954,132.977602,147.951593,119.423751
36.7500,40.191983,36.604191,48.824685,94.515953,10.978496,10.419425,-57.653039,-73.835167
36.7656,-67.021757,-32.208775,-143.407988,-107.474076,-106.143425,-151.746603,-192.460707,-169.506918
36.7812,23.434036,67.074046,19.947005,15.494475,12.193913,-25.981900,89.442473,60.597793
36.7969,42.722810,10.967294,-90.343790,-96.309949,-94.607344,-83.614653,34.666636,5.134835
36.8125,-46.881906,-42.011239,-70.188408,-79.366953,-72.445773,-110.925354,20.562371,2.570876
36.8281,49.658359,58.711547,130.202229,143.194917,114.586370,130.445282,164.212595,158.798843
36.8438,-29.143190,-32.384047,-92.727447,-47.931507,-70.500696,-57.073752,-95.784149,-107.219684
36.8594,19.556758,-3.578200,-55.327150,-40.577609,-63.446156,-84.944479,-169.008491,-184.659153
36.8750,99.691337,76.153616,221.110509,189.847102,218.796656,221.459468,33.974704,67.523872
36.8906,-75.638441,-118.336386,-15.651167,11.300123,5.875187,-7.182204,-11.384570,-54.902838
36.9062,29.607554,13.054111,-51.997840,-52.751454,-54.374418,-45.612402,37.308930,26.119049
36.9219,51.472350,76.987166,44.578504,85.561033,57.591828,71.355412,203.883206,201.152765
36.9375,-123.388877,-116.173829,-72.708214,-117.451321,-104.753157,-94.709767,-75.143319,-101.192964
36.9531,17.381482,39.698475,-41.202637,-59.380837,-21.647388,-2.396681,-120.644099,-92.811421
36.9688,119.920290,114.754949,38.097279,48.892000,17.383677,46.020969,56.625504,49.362026
36.9844,-144.506336,-173.015420,-155.284150,-193.971404,-172.697713,-216.603794,-97.107786,-140.693759
37.0000,58.889774,89.561573,-10.089787,5.915065,26.937885,-3.534350,66.634515,57.536545
37.0156,98.605316,130.214044,160.371969,175.619851,171.021648,180.802117,185.523107,221.531591
37.0312,-185.937527,-179.603101,-31.002314,-61.510174,-62.487230,-35.950843,-79.084305,-90.449597
37.0469,55.129028,17.921800,37.695952,26.441583,31.056902,68.938706,-49.997662,-77.904341
37.0625,102.132102,153.326353,149.482974,131.342412,118.105517,45.898044,-3.813291,-33.731654
37.0781,-182.274824,-189.116905,-63.971723,-65.950019,-45.654949,-57.781543,-177.070414,-170.426626
37.0938,43.952618,20.937766,58.324845,32.996175,38.614549,34.301850,63.450854,95.975462
37.1094,125.961904,100.520368,-10.403010,-29.492238,-43.578668,-1.788702,204.590363,177.810494
37.1250,-199.968112,-178.724459,-226.137075,-201.910344,-229.582540,-201.328085,-61.866132,-107.246158
37.1406,14.739992,42.069275,66.389218,68.404291,23.875955,49.229881,69.811674,71.125747
37.1562,103.380804,109.275928,77.796047,30.377431,70.331942,36.272428,-69.216731,-59.139172
37.1719,-150.643966,-137.416535,-147.482226,-124.591231,-121.338206,-141.869849,-196.654599,-189.245817
37.1875,11.671192,24.865515,69.448557,82.458735,70.095084,88.206545,45.523508,84.534255
37.2031,91.352051,78.574487,99.784255,114.420651,77.561060,78.577289,116.551305,154.653229
37.2188,-127.141272,-106.355984,-12.524778,39.743421,38.570606,-39.706824,-10.326116,-35.772392
37.2344,49.660956,10.442593,102.083181,153.581027,135.698840,140.387672,137.697762,131.729405
37.2500,72.477964,19.448730,-21.784569,-58.932915,-69.970447,-49.920518,-62.885386,-42.936278
37.2656,-102.764483,-19.749374,-160.009193,-125.081451,-141.261832,-137.581319,-207.331220,-193.167754
37.2812,40.407317,53.609843,133.929785,126.834949,105.551108,131.078472,86.268139,100.192382
37.2969,25.806731,32.037789,-72.700343,-76.962524,-87.236142,-71.837198,45.976165,51.898797
37.3125,-45.185791,-21.857200,-200.472125,-156.461165,-166.110069,-193.909369,45.819135,20.007133
37.3281,35.938483,53.900261,80.566490,100.314559,68.152473,46.643274,158.121030,168.596125
37.3438,-8.844552,-48.750031,-2.015650,1.119511,30.623857,13.104900,-85.708999,-91.041766
37.3594,1.895863,-7.813556,-9.035277,1.237177,-0.773052,35.172908,-153.506446,-185.900065
37.3750,59.378685,105.035778,159.737166,140.735688,144.947637,117.117699,68.586860,25.242210
37.3906,-91.897719,-111.087860,0.748590,-34.330031,-79.564975,-41.951415,-24.432903,-52.529939
37.4062,13.002083,14.074435,-27.787349,-11.097177,27.759035,1.380568,50.445212,68.299980
37.4219,87.507393,90.245918,145.069171,168.647522,171.669213,156.462011,206.803205,234.007879
37.4375,-132.630891,-140.505704,-183.119864,-160.674604,-156.176752,-126.372732,-126.831836,-129.084717
37.4531,35.310335,54.143308,-110.315249,-118.220251,-120.388537,-140.753634,-68.761693,-112.799081
37.4688,120.309581,158.214208,71.485646,52.638813,59.220712,51.317996,9.723178,16.225124
37.4844,-176.463505,-204.194741,-79.401110,-89.432653,-90.801904,-53.788445,-100.342250,-108.039637
37.5000,69.285248,20.081927,9.494608,-9.896202,31.985829,-2.061101,79.587678,96.831287
37.5156,113.439317,125.292361,87.152318,84.030211,87.992191,91.425259,199.523398,205.641795
37.5312,-150.233080,-208.326264,-83.973563,-60.191176,-74.877316,-86.023491,-93.386647,-89.731969
37.5469,58.377469,60.582531,133.396583,129.314018,110.785255,118.463063,-32.442614,-53.870627
37.5625,113.002464,134.279569,146.817222,129.215431,156.065015,147.129772,-30.887640,-6.406800
37.5781,-197.784863,-158.424338,-168.554490,-168.672245,-133.167072,-143.104110,-158.143049,-159.485302
37.5938,61.317684,35.183082,4.971281,15.425379,13.343039,1.965575,95.385227,79.355170
37.6094,114.879822,167.905018,41.444090,26.610430,55.868121,52.624316,186.746747,174.222643
37.6250,-172.030394,-179.967841,-111.328556,-168.758749,-129.216281,-109.208746,-60.100803,-44.953911
37.6406,43.998630,10.182177,-28.887511,12.897644,3.095148,-7.491274,37.821176,18.990975
37.6562,120.999801,104.865563,-27.358403,-6.479124,-12.381190,-23.710985,-83.349291,-79.351707
37.6719,-136.641409,-121.053948,-58.481328,-78.500337,-99.493364,-108.936703,-197.093291,-181.798762
37.6875,43.459079,12.318763,174.585314,136.030556,155.505075,154.611939,64.164184,138.423579
37.7031,73.487948,54.669787,88.387557,81.207700,63.930928,82.469127,112.291868,122.897648
37.7188,-119.493621,-122.158738,-122.797007,-101.901245,-144.757511,-99.267503,-23.820060,-27.781254
37.7344,51.907524,17.780180,174.533657,151.732295,110.362718,145.396219,90.086791,135.635236
37.7500,60.851185,40.475009,41.174864,62.049686,55.339931,67.561062,-47.318047,-78.362694
37.7656,-93.371962,-64.047504,-93.963094,-122.773843,-144.922232,-129.862996,-195.043881,-192.879032
37.7812,57.545851,57.040460,-11.462978,-13.451614,-29.424899,11.688691,88.382256,77.411919
37.7969,17.991127,4.464989,-134.109697,-99.844981,-100.135955,-74.794023,49.445225,16.518802
37.8125,-17.171284,-60.862234,-49.302614,-94.438504,-69.264718,-77.074394,28.812403,38.999401
37.8281,30.321607,70.858429,100.896258,100.133774,134.217907,79.697001,168.260601,162.456641
37.8438,-83.451845,-100.214548,-83.425229,-68.739037,-26.944080,-52.971943,-91.581005,-91.414985
37.8594,9.141292,-22.475122,-60.547672,-53.948555,-38.839107,-75.999129,-153.895483,-178.658072
37.8750,72.320802,94.272135,235.157950,210.889027,231.341031,192.028334,68.234967,38.796177
37.8906,-108.082372,-101.125609,-6.402293,7.022879,18.521435,4.147405,-66.482707,-43.034208
37.9062,21.025011,40.178747,-84.268465,-47.708812,-26.663634,-49.016439,42.438353,34.496830
37.9219,83.091448,98.137239,66.712665,58.659960,41.481599,83.835816,187.000036,240.092132
37.9375,-133.584356,-122.775500,-97.905878,-118.913306,-90.218131,-87.774202,-116.418333,-67.004674
37.9531,44.693406,24.120625,-2.340721,-17.404409,6.103728,-16.239717,-55.883829,-110.035291
37.9688,100.282556,110.430554,59.523005,6.961799,27.261515,69.619477,-15.376042,25.555604
37.9844,-149.381742,-185.570933,-170.989273,-156.396207,-145.988378,-186.492004,-70.224727,-84.307802
38.0000,72.631628,13.458532,7.587642,12.774310,10.930456,8.325960,91.675068,93.956220
38.0156,122.823438,153.375639,167.344250,182.988900,182.323570,161.693058,157.459308,191.125819
38.0312,-191.137629,-173.130438,-5.087529,-62.565626,-45.875363,-60.243191,-99.508866,-49.466647
38.0469,67.691152,32.865898,20.687030,44.956120,22.598069,63.737437,-29.026883,-18.657242
38.0625,133.966182,141.849088,92.718739,117.600404,86.825063,129.257994,29.122435,-33.895246
38.0781,-152.588467,-179.114287,-55.681929,-91.515249,-27.196684,-59.709739,-194.091453,-182.609684
38.0938,39.875417,29.516881,37.434456,99.924360,58.004078,48.451132,66.383458,105.183341
38.1094,111.917242,119.426384,-12.889491,-17.277037,-41.308797,-9.531847,147.566066,166.197564
38.1250,-175.441155,-149.861800,-230.093378,-236.158621,-221.454047,-218.179285,-46.187197,-60.708621
38.1406,72.945283,22.162327,36.673151,36.867965,59.924955,57.813865,65.297802,16.051244
38.1562,136.634136,99.739719,52.119416,44.646238,51.543303,9.658579,-39.072214,-44.613391
38.1719,-156.796951,-96.572313,-110.432522,-109.519548,-145.596965,-146.331783,-183.017244,-212.863450
38.1875,52.749170,51.989996,91.186368,63.422573,54.134946,89.289606,95.160808,55.771546
38.2031,86.349657,126.843777,57.677493,119.651387,123.558834,85.249547,122.488341,126.564938
38.2188,-109.736206,-90.813386,-23.650907,50.653645,-24.791951,8.485557,-35.605077,-20.525006
38.2344,-25.253145,28.930429,168.898668,104.610163,171.035820,156.559104,142.752437,87.495792
38.2500,55.153783,47.836434,-57.629109,-19.729085,-40.908147,-3.405215,-91.266926,-93.183524
38.2656,-64.674097,-32.453649,-119.391733,-129.716061,-166.329963,-144.699004,-197.693197,-183.284130
38.2812,-5.608646,103.295408,96.613952,140.092490,106.537678,50.533072,97.576042,68.730838
38.2969,-11.936251,-8.346468,-36.530165,-99.995531,-90.823942,-107.475387,-0.063187,24.905876
38.3125,-36.591469,40.534661,-150.180756,-175.232399,-160.988712,-165.703708,-6.266360,4.322182
38.3281,39.342762,70.224204,67.793267,100.698362,79.136105,82.621000,136.244226,206.907070
38.3438,-26.977770,-35.782513,10.874116,-17.014462,21.009360,22.191539,-114.768799,-119.585645
38.3594,-33.109146,21.303660,-3.765476,34.817709,29.547402,-2.501718,-149.872536,-169.959767
38.3750,59.800635,95.358751,186.739680,160.295923,150.377670,179.604772,52.709429,76.962076
38.3906,-79.089751,-121.064795,-63.823459,-79.442584,-52.346682,-45.593495,-32.769875,-16.074714
38.4062,22.490817,32.585723,-2.188372,2.258688,-15.975454,-5.221522,53.717852,47.442722
38.4219,73.484402,82.411267,129.240612,134.889551,138.518797,140.412197,182.750499,191.725545
38.4375,-128.748478,-175.102844,-166.209437,-179.429553,-188.860972,-129.887397,-116.721755,-97.043244
38.4531,107.493776,6.234714,-155.794982,-144.365166,-122.114925,-163.713166,-125.759301,-110.975948
38.4688,87.702683,103.601491,33.331386,49.893932,74.345331,49.144298,33.849071,55.312150
38.4844,-173.165004,-175.994652,-87.400532,-83.983066,-92.947670,-110.745511,-155.685484,-105.207658
38.5000,49.012294,34.117217,14.181622,-6.500881,15.705249,-5.664860,78.279576,62.823131
38.5156,125.562940,138.717141,63.604275,99.095729,66.047001,76.287198,214.346670,217.761290
38.5312,-188.161484,-160.628711,-82.904025,-77.763834,-68.801908,-60.785376,-58.075368,-76.386310
38.5469,43.973037,50.434817,90.854496,108.647798,144.552547,113.284321,-23.506500,-25.924251
38.5625,152.807839,142.837908,167.353562,140.365168,162.787165,149.358464,-34.731390,-21.059268
38.5781,-215.218835,-152.496590,-181.051268,-140.265819,-168.078807,-175.799941,-156.366145,-167.078500
38.5938,75.760403,20.673265,-8.892604,13.636644,10.883783,24.874418,77.904206,71.472077
38.6094,127.577483,132.137918,58.973777,57.921655,56.031447,67.949752,177.836741,142.032816
38.6250,-160.355472,-198.132100,-148.342218,-173.628992,-152.391405,-116.751794,-21.865992,-64.472171
38.6406,51.649601,36.594685,-1.313380,-9.813352,-8.048357,18.374816,45.429053,51.622326
38.6562,118.696143,112.258847,-42.243837,11.784910,-14.794015,-6.009750,-29.360255,-50.441196
38.6719,-133.044885,-131.787978,-90.218997,-106.653113,-64.932500,-106.567574,-205.756047,-185.538673
38.6875,51.314967,44.355291,130.267075,149.106676,174.239859,168.522232,111.307170,58.973546
38.7031,86.130133,95.303209,60.898058,51.341197,80.126803,80.498080,59.189052,129.652442
38.7188,-143.877499,-104.353583,-143.369048,-109.611358,-79.045572,-123.458612,-12.841038,-33.537292
38.7344,39.495240,29.039748,108.360280,131.733021,161.708829,129.830489,123.935811,90.768081
38.7500,88.308044,34.327053,25.998377,52.575332,22.467268,14.964510,-63.527688,-83.905067
38.7656,-60.256282,-52.380841,-113.732574,-106.953983,-118.151746,-141.886328,-193.049860,-183.345307
38.7812,61.653900,22.976296,25.878080,13.309147,32.478793,29.026157,68.895115,89.680302
38.7969,16.010196,9.075937,-49.175177,-89.973925,-86.695313,-89.853656,26.629608,13.417376
38.8125,-19.180415,-46.894288,-93.784048,-103.467267,-87.942842,-87.967202,7.858220,-7.685993
38.8281,22.606648,75.345398,145.815950,138.926578,124.598110,146.678029,163.130568,167.911285
38.8438,-27.776919,-59.642586,-46.856093,-76.247244,-59.388136,-58.041813,-72.110244,-84.827987
38.8594,12.502780,5.308395,-27.205247,-37.976644,-26.328095,-57.647532,-176.312115,-184.286997
38.8750,95.931063,72.616042,216.005816,228.747075,182.656971,250.552333,54.890582,23.282692
38.8906,-80.964136,-94.350437,49.818229,-2.263778,63.322932,19.249687,-51.320073,-72.760021
38.9062,36.268400,3.683420,-54.234261,-58.256518,-24.732238,-43.422260,71.165107,44.476325
38.9219,76.449579,89.078585,52.697487,51.735227,76.274828,81.681662,188.972803,184.057502
38.9375,-128.393808,-138.003247,-102.496847,-105.026939,-76.156079,-101.213159,-101.484875,-75.373671
38.9531,92.144962,38.895994,-50.072570,-19.941550,-78.113833,-35.549181,-119.725338,-114.025951
38.9688,77.835288,135.256035,7.174449,78.103664,34.958758,44.314994,14.755903,36.547211
38.9844,-171.851858,-191.230001,-184.964030,-180.661579,-204.062548,-215.610025,-149.552771,-107.330377
39.0000,41.888033,55.720085,8.423607,-7.552945,-10.675293,12.264795,58.138395,54.906565
39.0156,150.699317,153.345446,162.076885,167.693971,163.105298,201.165892,211.582305,210.823648
39.0312,-190.982532,-222.031901,-66.057403,-44.834184,-51.984754,-44.472351,-79.141928,-39.726657
39.0469,50.290582,19.438915,28.733548,49.821052,35.091806,51.533562,-57.699452,-44.167111
39.0625,163.787097,160.111667,133.735990,107.962955,134.545142,133.194822,-12.426880,17.127169
39.0781,-202.257765,-169.999763,-82.461010,-105.957838,-40.109308,-63.469914,-158.856006,-168.171951
39.0938,59.181791,46.427200,53.862967,60.190991,62.117805,61.184588,102.081719,111.609574
39.1094,85.114638,133.238925,-20.410877,-61.177742,-20.541577,-2.690203,164.397279,159.689738
39.1250,-170.893350,-163.396149,-230.295485,-209.751418,-245.674704,-208.768761,-21.652835,-50.559241
39.1406,53.586815,35.116415,66.925243,22.680049,57.222197,57.321889,34.723920,31.398584
39.1562,103.749795,84.178221,69.427028,59.667048,90.337010,63.169331,-46.057327,-51.361014
39.1719,-142.005254,-136.454604,-161.698683,-160.164306,-150.497664,-143.414290,-218.224777,-191.815898
39.1875,33.669589,2.790432,44.819147,105.090077,89.133109,63.132242,116.063625,113.550891
39.2031,118.905404,124.195079,103.961566,88.421461,90.557616,71.331279,116.090579,83.565813
39.2188,-116.545064,-64.619461,-38.753996,-19.488357,-40.367772,5.992517,0.552996,-31.517292
39.2344,68.108488,28.117300,124.113512,100.912655,150.136114,110.039530,64.762876,88.152912
39.2500,53.260979,54.968164,-24.388504,-62.911263,-43.232395,-29.838373,-60.367306,-60.208104
39.2656,-67.130920,-92.668751,-161.418915,-128.954654,-135.876083,-124.677467,-147.721659,-194.056454
39.2812,15.658092,72.624873,127.002508,72.571487,91.582433,93.116158,82.750360,62.563961
39.2969,-21.019484,2.582974,-39.159236,-45.655997,-83.673667,-78.353730,16.254246,51.724759
39.3125,-27.793195,-17.004307,-194.217345,-187.404246,-175.823822,-176.185839,29.335825,13.204592
39.3281,11.692348,78.960745,77.728728,59.687572,106.610976,48.585333,196.172761,148.900068
39.3438,-45.522047,-34.637397,-16.934112,13.678303,-16.059063,-4.989369,-103.780881,-86.156993
39.3594,-21.517137,-6.124213,-17.960906,-3.250861,8.543780,-6.136208,-173.852074,-144.396469
39.3750,84.382861,61.674619,147.552774,156.764617,144.627222,138.823745,63.678618,48.126933
39.3906,-64.874781,-124.262276,-57.311438,-54.783569,-36.571723,-49.131222,-24.413877,-4.501732
39.4062,50.833012,0.683935,-29.603803,-4.173008,28.437960,5.205836,68.749496,61.073907
39.4219,80.684932,114.600622,160.162878,124.567755,112.563796,139.486559,225.019935,193.959184
39.4375,-124.122651,-139.999093,-133.736345,-153.264103,-192.031600,-125.953398,-86.269506,-97.285875
39.4531,63.459528,44.948961,-116.802658,-121.380790,-96.704803,-105.626527,-129.398268,-128.174293
39.4688,116.551116,155.088536,65.379202,96.888702,40.871221,64.698605,73.534874,29.524575
39.4844,-204.099145,-163.794981,-95.340627,-98.632990,-124.266501,-63.910716,-88.332600,-132.127814
39.5000,40.060023,40.266369,-4.759476,31.424221,7.590884,34.792840,34.459230,80.691091
39.5156,133.064424,143.774870,104.835041,102.275746,69.014003,102.922444,181.727609,213.209825
39.5312,-176.532488,-186.799778,-34.858660,-106.536163,-58.088275,-60.948502,-74.195818,-89.686407
39.5469,68.893523,57.649991,157.331557,123.728120,130.759131,149.182228,-48.616599,-63.077154
39.5625,128.036287,125.962486,162.287993,137.812732,124.137872,129.278368,-38.714895,-14.665431
39.5781,-178.905082,-176.687899,-140.536152,-136.613033,-161.840134,-159.349752,-175.570931,-145.332765
39.5938,39.791219,43.666072,23.966213,-16.567631,-12.456212,-22.868066,86.189307,107.540981
39.6094,121.225053,107.684247,56.078913,65.718129,52.956959,58.172092,173.697108,166.303914
39.6250,-170.856117,-175.159200,-120.609844,-117.073870,-163.378503,-135.259952,-32.187313,-87.168673
39.6406,24.443257,41.979413,-24.302082,7.361961,-5.723280,1.767356,69.131174,15.046539
39.6562,110.694368,109.759662,-14.859017,-31.985867,-15.649945,-51.422056,-53.466380,-40.895883
39.6719,-142.964181,-105.909959,-95.329841,-99.926337,-95.673472,-81.684743,-198.274151,-163.751074
39.6875,61.452635,26.159484,172.048838,164.623353,171.308836,167.254769,101.599655,98.495394
39.7031,66.630363,62.092049,74.054979,65.728477,70.914843,62.758559,86.747886,117.988774
39.7188,-110.768758,-110.987667,-103.650701,-67.364638,-100.216638,-74.270848,-38.849567,1.561941
39.7344,48.185509,20.346662,149.406401,134.491910,140.684560,167.773508,117.543575,103.027736
39.7500,80.897571,61.231371,36.868869,43.708817,22.792949,38.268733,-81.647205,-55.360065
39.7656,-104.964589,-42.441820,-155.857209,-109.538276,-135.678583,-147.605885,-207.665256,-194.145099
39.7812,69.867429,61.135892,-3.492253,-25.856246,-10.220890,4.482051,73.168017,99.760401
39.7969,-19.947489,-28.423661,-111.019444,-107.904022,-77.871186,-82.041411,35.625274,24.958255
39.8125,-33.735986,-38.154558,-63.486972,-87.972742,-68.150415,-121.085972,19.988196,26.395273
39.8281,63.350185,85.356100,111.174854,137.601377,143.041062,127.481454,152.907939,180.073215
39.8438,-69.609407,-61.819370,-72.569102,-32.028882,-62.597618,-85.146844,-121.884507,-69.138426
39.8594,2.945731,-9.636174,-31.609977,-47.830392,-59.740099,-11.322330,-151.046183,-137.848879
39.8750,30.860017,100.889356,204.904783,213.449411,232.367681,206.175776,75.961839,69.911340
39.8906,-125.642582,-81.689611,-13.406260,33.039394,52.110071,25.048153,-79.350923,-33.246819
39.9062,-2.549909,7.659691,-28.840149,-81.248032,-66.878297,-78.021492,34.874844,58.526462
39.9219,106.800582,98.595701,102.114631,77.951741,71.225529,61.936504,201.826606,216.247858
39.9375,-128.565536,-107.677947,-119.749356,-109.083058,-117.440224,-142.852969,-140.658540,-107.713847
39.9531,23.830135,31.342327,-18.005304,-68.809602,-62.525924,-30.025720,-122.239819,-114.328590
39.9688,98.578918,87.318343,48.103018,43.833484,36.073861,9.108116,41.424825,17.222421
39.9844,-135.059696,-136.030391,-179.819916,-188.609515,-159.115132,-188.293210,-92.874292,-107.143807
40.0000,472.205885,409.732266,367.935734,432.245028,426.091127,409.779452,467.341874,471.217639
40.0156,262.245808,253.025726,320.772685,363.049430,280.484112,347.505856,337.449691,321.971942
40.0312,92.256697,73.461185,225.121347,208.965397,221.076249,231.786661,174.609796,190.544413
40.0469,135.235482,115.485590,116.174125,107.836878,64.046598,109.099956,12.420952,63.645583
40.0625,88.381452,135.439263,56.298958,51.013497,41.022374,70.226263,-29.342746,-45.574081
40.0781,-61.211655,-47.847130,103.451516,104.878383,99.707141,88.095654,-17.758129,-5.398596
40.0938,25.463794,37.856530,15.312164,14.452312,57.974936,-1.075928,72.163581,81.852223
40.1094,57.917477,63.266411,-68.565309,-104.691312,-98.072530,-63.718795,127.247039,104.482282
40.1250,-40.991537,-55.088074,-98.364633,-89.927962,-108.033521,-79.508349,79.878563,52.925695
40.1406,-46.076308,-41.769373,-24.402032,-26.858910,-24.089053,-14.462844,-41.128540,-13.614425
40.1562,95.243607,81.252057,57.123125,23.617325,32.631480,16.196741,-105.831741,-102.043170
40.1719,-7.279049,-2.652449,27.661831,-12.301281,-31.519398,14.730938,-54.109324,-92.749275
40.1875,-38.002769,-47.345354,21.786297,-35.449134,-19.564052,11.841100,-3.131409,-5.181827
40.2031,75.433040,88.040408,57.645758,41.052157,87.903593,89.783329,103.751385,76.476030
40.2188,-6.276758,-5.161025,111.254716,90.798630,86.964507,97.997032,99.462184,96.216580
40.2344,-65.088547,-56.978972,40.966652,25.134887,14.362246,43.421520,13.893103,26.374367
40.2500,53.982540,43.799109,-60.710651,-40.384845,-50.188260,-34.079609,-73.945471,-110.886413
40.2656,-9.344219,-3.616773,-61.962807,-59.059143,-28.466225,-35.772562,-116.168327,-89.122476
40.2812,-68.028490,-59.845595,-34.862444,13.298702,-8.271067,-27.074409,-5.622501,-26.374616
40.2969,13.670808,11.447392,-33.683656,-82.008188,-24.369655,-41.953244,82.715396,54.776788
40.3125,57.530429,49.902502,-87.958695,-67.934134,-72.887342,-105.658081,99.558283,143.066333
40.3281,-53.027909,-80.825458,-43.968205,-7.920063,-51.831936,-39.272190,121.434470,41.475105
40.3438,-13.227594,-13.398065,53.782376,48.768853,75.721403,64.967148,-69.396524,-43.534985
40.3594,85.721323,52.652223,85.290235,70.906008,90.843815,59.089866,-117.501577,-71.914316
40.3750,-16.172673,-60.956704,56.403711,53.686231,10.402092,59.575292,-41.155031,-85.246615
40.3906,-22.885316,-45.000752,31.371151,-2.637109,-2.578306,38.308580,16.860754,37.674269
40.4062,83.223209,48.572925,64.384172,34.167423,38.460826,61.703346,108.468479,80.554562
40.4219,-18.899680,-41.294701,23.545247,24.574275,19.608109,52.179275,58.009497,103.604782
40.4375,-17.491982,-90.787080,-39.064129,-65.285872,-47.492106,-65.370468,-20.513197,-19.040496
40.4531,87.912883,58.263824,-83.437339,-116.842981,-91.654549,-86.010457,-110.571368,-79.912811
40.4688,-40.577309,13.956503,-60.628880,-30.729080,-22.738316,-36.926376,-94.082176,-82.043633
40.4844,-58.707024,-92.940963,12.297211,12.639232,11.507833,12.290743,-4.856926,21.922623
40.5000,51.106079,17.777537,8.063389,-32.025089,46.634503,-5.299488,75.713857,96.462785
40.5156,3.488362,45.481669,32.473206,13.348474,-23.021185,-0.181618,82.298529,66.149179
40.5312,-70.142978,-90.816167,61.121163,23.767754,12.744062,47.012877,19.512836,34.813168
40.5469,64.394130,17.488079,106.703409,97.694113,121.202395,122.019240,-79.920342,-94.741637
40.5625,38.757169,57.938731,0.629231,75.262713,88.954578,54.551397,-118.821732,-117.425637
40.5781,-60.433816,-62.920777,-18.122579,-17.254023,-56.218390,-33.308911,-58.974498,-21.024936
40.5938,-2.243012,-33.391841,-44.158013,-51.562403,-72.990224,-59.628419,8.640286,64.240590
40.6094,34.851906,63.927387,3.592944,-9.770796,-8.825264,-10.150985,91.155088,115.770430
40.6250,-29.395093,-42.203928,-5.940485,-27.285763,-26.736470,-52.052860,70.012771,88.353375
40.6406,-29.572206,-15.043409,-98.002399,-55.505023,-81.325858,-65.367370,8.074013,-21.800143
40.6562,119.928891,39.008398,-63.384314,-32.920720,-76.308696,-85.757174,-95.053592,-65.967448
40.6719,-81.622264,-38.554742,27.659004,22.379147,51.918335,40.236771,-104.304336,-42.535160
40.6875,-6.492540,-43.159540,114.311372,98.397168,99.936353,108.515491,-18.861115,-5.143373
40.7031,43.694444,73.480192,17.514913,7.417100,41.064659,57.368666,101.872387,59.429607
40.7188,30.760033,-6.291010,22.966549,20.192526,-21.176540,-1.959746,96.023630,67.611248
40.7344,-26.931389,-26.496959,32.037287,33.475279,22.354759,72.361951,-17.977102,27.945862
40.7500,60.973967,41.797146,80.837003,29.298534,22.511866,35.517591,-69.932905,-46.281908
40.7656,9.003539,47.750454,-6.203475,-33.395413,-55.030531,-34.682844,-97.751110,-103.449499
40.7812,-72.867711,-75.557826,-106.140295,-126.738692,-87.504935,-75.541852,-9.536749,-33.199360
40.7969,32.414995,-37.563270,-75.936486,-37.980533,-85.296315,-106.651968,60.895937,82.833546
40.8125,43.964754,61.312228,11.806271,7.979168,-15.326941,13.585363,66.698881,101.709022
40.8281,-70.791308,-61.300415,46.942854,-7.551765,32.243717,8.708864,58.104834,57.783259
40.8438,17.275265,-21.717882,-7.667450,-18.546472,-78.013591,15.641236,-39.235733,-52.163247
40.8594,88.974898,47.747454,21.852002,29.227703,8.493334,-19.395116,-124.557417,-92.861538
40.8750,-80.438416,-39.374849,100.152892,80.343170,99.763757,79.769219,-75.950233,-103.472914
40.8906,-31.637795,-56.712615,50.797203,80.838206,92.364009,104.076318,-8.700213,27.320088
40.9062,57.565885,52.701689,-0.454379,-36.088863,18.827658,-22.898463,77.712472,126.236369
40.9219,-3.136007,-47.840854,-41.081020,-44.099920,-83.019659,-81.794191,55.966237,63.766253
40.9375,-41.294486,-57.348560,-34.722864,-41.059415,-44.660132,25.013920,-30.021512,-15.550547
40.9531,56.351861,41.719273,30.961455,-5.577741,-42.658953,10.643123,-36.435705,-54.316820
40.9688,2.357471,12.767358,-83.652739,-91.671776,-70.303451,-52.295866,-112.382020,-89.560424
40.9844,-68.345336,-56.554886,-73.863204,-69.975584,-97.133382,-101.025317,-2.177864,-13.278786
41.0000,42.214031,32.134187,5.374502,26.872104,-13.088155,-23.832407,78.757558,79.952510
41.0156,4.237862,80.650075,77.367704,85.811091,80.784051,78.779037,111.100803,108.782832
41.0312,-59.386109,-62.386930,74.973587,62.284096,90.865821,83.127100,22.208768,56.115580
41.0469,59.858544,9.647041,-26.263360,0.919437,36.054224,-15.967831,-44.804013,-32.559618
41.0625,64.482466,57.230818,31.725097,8.919452,6.991091,-5.359592,-112.004359,-96.568433
41.0781,-28.303117,-63.344833,53.649846,26.915141,56.614965,37.933156,-32.974311,-8.729617
41.0938,5.136573,-15.517724,2.167397,-11.716548,-6.492232,18.095452,46.992736,61.518492
41.1094,51.507523,64.310088,-80.555840,-80.936582,-79.644842,-76.463708,63.977102,84.772186
41.1250,-67.815220,-44.573042,-51.268937,-77.019010,-74.511672,-108.942798,79.011009,43.560891
41.1406,18.397525,-43.697410,-6.694701,-3.113213,-39.901926,8.821040,2.948530,-61.691129
41.1562,81.541117,79.894016,0.668930,15.839316,41.776888,9.133502,-79.574060,-87.901939
41.1719,-52.635047,-16.635251,18.484854,-35.026164,-0.974563,4.392467,-109.084502,-81.498932
41.1875,-52.341661,-65.407247,22.808744,-16.705766,-11.073902,12.740378,-14.393778,0.353496
41.2031,74.644143,60.066669,96.218201,104.505277,61.242653,82.781669,100.224609,68.739492
41.2188,-8.008533,0.045806,117.909192,117.208324,97.643251,110.354589,80.483818,22.418107
41.2344,-60.634595,-70.676069,21.550808,41.172246,13.168653,39.386551,10.845532,17.584148
41.2500,21.782378,70.186647,-65.684256,-40.333222,-42.022648,-39.560843,-86.443916,-50.210129
41.2656,27.316506,20.967790,-61.375101,-36.808731,-60.623827,-49.751595,-98.702572,-74.811494
41.2812,-105.648607,-34.974578,-6.126812,-23.681892,-1.424688,5.673098,-48.519832,-36.278043
41.2969,55.899799,26.596558,5.349551,-47.348210,-51.449465,0.836442,110.169852,80.339863
41.3125,33.329434,47.582486,-90.229543,-76.640301,-127.266645,-96.197991,108.610949,86.760685
41.3281,-87.978197,-65.087637,-42.192469,-52.873250,-11.806981,-43.781543,29.050290,51.340417
41.3438,26.818090,-13.521408,47.608089,32.049940,70.345629,57.658603,-54.525382,-69.285449
41.3594,79.724133,99.840618,113.947402,87.010661,54.384469,106.379608,-133.273350,-61.685268
41.3750,-60.678451,-16.842589,25.236556,0.336636,21.321462,40.681296,-93.472260,-62.375398
41.3906,-25.264291,-38.312224,-3.351739,18.613254,50.843766,-15.696983,24.002361,1.465648
41.4062,86.999316,83.897960,79.073677,40.855249,69.616964,8.939868,97.591363,110.832995
41.4219,-26.879932,-27.663179,73.651814,27.415280,44.328362,27.644663,40.933777,59.806945
41.4375,-15.134878,-54.102224,-43.739640,-48.757612,-63.529746,-61.137856,-13.171057,-14.577076
41.4531,90.092475,32.737938,-109.816225,-90.679131,-136.300597,-106.743059,-85.673027,-61.458222
41.4688,18.244991,16.734561,-74.864865,-14.889706,-62.564004,-51.818325,-89.394872,-113.866955
41.4844,-45.008920,-45.404549,28.791870,24.879451,32.639469,24.657350,1.862973,7.407508
41.5000,78.212540,24.883254,4.284497,-2.412915,29.854921,-27.287264,67.815769,97.738954
41.5156,15.140196,17.285410,-22.559664,-69.746590,-22.612788,-26.014052,69.142950,104.665454
41.5312,-38.268758,-65.598845,72.923143,60.637069,65.006794,62.609582,15.734911,-0.054755
41.5469,32.617152,16.674575,77.799062,112.912986,78.954875,99.443910,-67.375836,-42.689602
41.5625,37.631078,75.498731,43.279479,82.121262,82.792918,46.846514,-128.123921,-149.268699
41.5781,-90.676757,-67.640049,-70.132859,7.331120,-62.103047,-53.369282,-51.050836,-43.996876
41.5938,23.779325,-19.759206,-34.540544,-52.338745,-46.384975,-68.350566,49.749654,87.757649
41.6094,78.957397,67.895736,4.321072,4.995165,-7.319258,69.805591,96.457300,76.826542
41.6250,-66.713913,-15.550989,-5.275451,-49.728774,-21.219320,-8.942019,44.314371,36.422825
41.6406,-33.823394,-24.750030,-66.351617,-72.221273,-83.347138,-67.666670,-56.621030,-47.507476
41.6562,73.269210,55.132546,-62.981574,-36.989027,-68.587116,-70.537160,-115.517544,-115.806548
41.6719,-46.829347,23.278338,44.710958,46.888426,15.886790,73.367031,-98.937273,-68.247237
41.6875,-78.001246,-23.205919,66.564548,98.426805,83.307360,117.054757,29.874945,12.234063
41.7031,68.385938,84.376689,38.530675,21.841935,63.597315,70.694825,73.394922,84.359371
41.7188,7.973330,1.139903,7.159850,-5.408171,18.925549,23.356176,79.967058,89.403106
41.7344,-47.669482,-64.230395,67.962943,37.744151,18.035754,30.729516,52.074934,1.178662
41.7500,67.679112,34.618039,52.473721,40.775039,22.610766,70.091648,-86.818129,-66.134016
41.7656,24.704875,46.615551,-36.351919,-48.649324,-2.290097,-10.164366,-86.662172,-68.351107
41.7812,-76.883610,-60.086567,-119.787385,-36.746648,-103.098188,-97.482008,-38.521517,5.276402
41.7969,-5.973225,-1.724759,-57.894051,-65.895386,-72.072832,-69.610998,42.461841,39.209497
41.8125,52.757788,109.710004,-22.360223,-17.488152,14.525064,11.036810,63.974114,89.772789
41.8281,-62.522894,-58.596949,-3.398726,26.628630,21.559258,-25.394719,82.829166,52.210742
41.8438,13.393659,12.025775,-36.138621,-11.659549,12.568969,-42.757422,-45.407457,-76.618898
41.8594,60.701862,53.145179,4.077663,-2.512935,12.134800,31.728117,-104.955407,-116.815144
41.8750,-64.642816,-56.409869,86.805762,77.456843,85.067045,72.482307,-75.300287,-66.675500
41.8906,-35.565539,-6.382066,106.804119,106.756182,100.618846,104.342745,38.274768,30.746929
41.9062,76.103810,80.019019,-21.102662,27.681180,16.302943,0.186245,96.155218,120.545531
41.9219,-20.388269,13.615415,-26.916177,-75.271293,-72.413876,-25.367318,64.078296,89.199822
41.9375,-20.090176,-63.858007,-33.947071,-3.299285,-59.966703,-24.901425,-33.319175,-59.781442
41.9531,82.173914,46.144912,1.328693,-11.535045,24.188261,-40.530304,-91.329712,-109.988716
41.9688,5.314212,24.197393,-46.842056,-59.938958,-65.885571,-26.238841,-78.280658,-87.842445
41.9844,-73.585783,-74.791325,-82.199219,-106.620479,-57.669213,-115.901675,-19.557977,13.939971
42.0000,46.282166,44.019322,6.324923,-7.397414,22.977333,13.505740,66.157773,77.705135
42.0156,26.325630,-3.495044,48.959506,50.981035,95.269849,66.765284,117.915031,78.971404
42.0312,-85.023636,-84.459898,56.637483,100.702008,53.030972,54.072506,8.197582,35.410466
42.0469,41.722363,32.416057,-6.178484,13.914444,7.072502,3.213900,-49.901870,-14.590788
42.0625,66.334801,28.220310,4.018375,30.031863,21.285684,59.845334,-54.379595,-114.199194
42.0781,-67.894581,-70.318744,61.071617,49.645549,79.565272,59.342694,-51.671874,-45.865771
42.0938,-8.194548,5.015911,1.369462,-4.107208,-13.369911,-17.730346,14.020905,80.535954
42.1094,48.576664,36.410598,-80.812402,-111.372941,-82.492298,-101.141302,126.961333,107.553255
42.1250,-61.540817,-46.891177,-100.387560,-84.648261,-48.055020,-127.218519,73.845035,113.942306
42.1406,-24.606260,-23.380366,-47.682649,8.821524,-3.489929,6.768198,-47.570921,-63.976123
42.1562,103.489505,45.140711,20.656555,39.865414,0.111530,23.412775,-98.382857,-88.161364
42.1719,-16.482442,-41.680978,6.151953,-37.746960,2.499707,-7.597098,-68.886304,-81.585275
42.1875,-18.253239,-64.079948,-10.850848,0.197257,3.410401,-52.934098,13.437276,-23.964072
42.2031,116.529398,66.677728,83.975829,89.033666,52.657968,85.761663,105.441414,80.834019
42.2188,14.135166,-15.810131,109.527871,96.023405,106.366876,122.931646,56.911749,72.816814
42.2344,-22.524805,-56.432947,39.227935,13.926668,25.062181,19.952822,48.747945,26.822897
42.2500,29.379145,60.219407,-33.285392,-59.684845,-72.492680,-33.586457,-63.862756,-61.222478
42.2656,24.366054,33.088093,-41.258181,-65.683707,-62.532021,-26.776731,-91.603518,-77.152473
42.2812,-51.391200,-86.331370,8.111228,27.532489,-17.002567,5.885251,-28.829461,-48.228305
42.2969,9.770299,6.000437,-72.210061,-37.729700,-47.766835,-5.654216,89.486178,62.374232
42.3125,63.070300,48.973800,-97.061329,-97.223332,-106.302913,-111.510362,134.288992,122.220892
42.3281,-78.553029,-56.929936,-26.852499,-17.165153,-56.063146,-44.794440,3.991994,83.448527
42.3438,-27.321539,-8.915795,62.700086,103.495249,50.748950,84.174117,-34.434949,-22.152610
42.3594,35.735094,52.932939,49.319991,72.336646,98.452598,78.373345,-101.789409,-91.248441
42.3750,-49.490514,-32.712516,-6.191810,1.104035,19.464163,13.797058,-56.784401,-90.424362
42.3906,2.207731,-21.866542,-13.990642,-9.452599,22.950835,15.458154,16.345405,11.894059
42.4062,91.373433,37.628734,63.519594,13.572605,46.332092,92.815614,120.720981,97.277995
42.4219,-23.652971,15.217408,24.342121,32.666183,38.466256,28.179103,124.540512,103.434435
42.4375,-56.701278,-28.591116,-85.463701,-89.407177,-48.156637,-58.964880,8.849767,9.665910
42.4531,76.611920,48.892416,-109.845986,-76.266327,-99.692195,-124.948356,-83.442972,-94.465988
42.4688,-20.832729,44.787639,-64.502190,-51.974966,-32.251886,-32.768245,-112.915010,-80.128723
42.4844,-43.245147,-70.077068,-16.099767,29.921136,1.056219,24.278026,-18.985378,-11.866347
42.5000,22.579040,8.503615,-21.994110,-34.611076,-15.138011,25.905402,67.325058,56.271529
42.5156,0.722214,62.043962,-13.334683,-31.920719,-26.306814,-21.555248,106.705727,78.075938
42.5312,-57.404421,-82.150675,85.823309,68.939370,21.455429,35.854387,4.302027,43.876622
42.5469,28.588844,25.899134,91.790589,88.168526,124.187226,83.991359,-91.998473,-54.148454
42.5625,26.659601,59.652223,79.831953,88.294088,67.113849,95.311359,-71.048040,-121.688335
42.5781,-82.922146,-57.937212,-17.433020,-37.405670,-49.616616,-55.017778,-38.220318,-46.416319
42.5938,-13.765600,-28.123262,-18.960522,-70.547658,-57.788463,-47.062258,64.818574,50.396337
42.6094,77.690308,68.219352,-2.168129,-25.609311,12.055324,4.509394,75.134255,99.588575
42.6250,-49.421663,-47.013419,-22.400401,-16.824745,11.097401,-38.741594,63.319111,43.986216
42.6406,-51.574767,-27.657611,-71.802973,-87.767059,-87.466284,-69.346291,-14.424952,-40.189715
42.6562,76.710291,60.371552,-52.217390,-54.016065,-72.588707,-39.760835,-131.519198,-93.102258
42.6719,-60.292380,-61.792209,45.533657,64.251824,61.452637,21.055256,-87.331505,-71.923958
42.6875,-46.203978,-44.333658,77.012666,118.635247,52.391209,69.702574,-4.939049,-1.527588
42.7031,58.644452,62.886373,65.610112,19.026699,31.481552,72.929043,64.540187,100.736004
42.7188,-30.027553,47.390256,-3.968776,4.488554,2.419154,6.878313,57.501788,86.519334
42.7344,-63.041973,-48.389861,38.538390,30.385657,19.304712,41.322375,14.209483,10.500323
42.7500,57.442379,16.394396,24.643368,41.145074,17.050829,57.939780,-66.104859,-36.233441
42.7656,22.174517,26.790141,-4.730855,-17.052421,-48.668151,-50.334073,-94.252130,-95.896262
42.7812,-52.097396,-77.718736,-156.787106,-116.207912,-74.389529,-122.837795,-35.707067,-62.234298
42.7969,52.735664,23.865857,-89.117388,-79.939423,-78.065293,-83.354730,52.054970,53.061081
42.8125,20.840834,35.345913,-17.083314,-13.726738,-21.164509,3.084984,106.543954,112.268097
42.8281,-102.801335,-89.598670,-4.861322,41.153453,-24.695327,19.533604,34.353854,28.272088
42.8438,-2.435139,1.515497,-9.092180,-38.419910,-49.262336,-37.985990,-38.186584,-26.915417
42.8594,71.627082,54.035060,7.390993,20.977386,2.667783,26.090856,-115.264774,-109.687110
42.8750,-40.549944,-20.577706,48.970097,91.979115,63.688876,87.711404,-62.320124,-78.962869
42.8906,-31.823813,-42.178991,100.657705,77.803331,57.664336,87.626082,37.130038,50.085106
42.9062,82.065683,95.605693,-15.939929,-1.023981,-19.419101,13.160081,101.056588,66.255339
42.9219,-28.301650,-26.563462,-69.167846,-45.516672,-75.769245,-40.339674,105.796963,101.163430
42.9375,-77.747484,-29.270407,4.812246,-24.197676,-12.321734,-18.406191,12.961803,-32.560147
42.9531,90.622085,43.736335,-23.708067,-29.657591,-5.175975,-27.505637,-118.490860,-75.363102
42.9688,-8.905409,30.193190,-61.402922,-57.805488,-35.802313,-69.353091,-90.875307,-95.829911
42.9844,-37.791385,3.098870,-72.592114,-94.246722,-88.856022,-76.356859,-29.036911,-31.174778
43.0000,54.097336,23.544522,-12.745844,-19.530472,-25.306980,-28.386091,51.057384,64.580873
43.0156,24.217498,37.815395,93.533864,83.448912,95.357028,106.731756,119.218978,76.895674
43.0312,-65.515526,-74.826900,41.856267,77.100918,58.282830,57.461676,20.081774,48.693953
43.0469,18.828055,-9.634601,21.063465,-23.602575,-34.342750,35.920660,-51.073594,-76.976138
43.0625,47.617290,19.555678,42.413416,27.392732,12.926421,27.608237,-116.576250,-112.369766
43.0781,-53.485287,-42.503133,36.353510,37.222736,-3.208891,33.475218,-47.798850,-57.247917
43.0938,24.697359,4.518992,11.937191,-30.758246,7.942392,-8.776359,18.838660,34.903622
43.1094,39.537783,52.955624,-65.635644,-73.783612,-107.081943,-107.035340,112.577312,93.143782
43.1250,-58.242210,-30.988299,-98.071240,-100.628219,-104.631575,-54.763326,66.913423,33.181716
43.1406,-15.271237,-36.110873,-16.327452,22.162109,2.006147,-4.644366,-35.109364,-24.728451
43.1562,76.903777,93.440492,1.007261,5.388092,33.597941,43.346313,-97.938169,-120.135656
43.1719,-45.967209,0.213964,-18.930010,-9.192915,-20.278992,1.469318,-73.405416,-60.453951
43.1875,-47.973947,-56.107552,11.364304,10.416500,-4.797093,-0.502356,-5.587034,28.617563
43.2031,65.160417,32.661236,59.551186,53.054091,56.333334,71.610909,77.850488,72.007696
43.2188,-5.450409,15.459159,87.122386,104.777606,130.758194,85.469828,42.221191,107.969361
43.2344,-47.770293,-85.966554,32.017342,52.559449,-8.840836,48.971326,29.940745,15.191204
43.2500,83.314728,47.636378,-37.347881,-25.601832,-59.528640,-74.660631,-27.422844,-91.745403
43.2656,42.457971,47.601960,-62.724743,-80.537947,-47.149529,-52.941902,-117.889801,-117.823395
43.2812,-67.770655,-35.020889,2.475465,-15.043491,-19.237296,-8.852136,-28.011740,-12.845918
43.2969,28.678636,40.777514,-38.350763,-51.695964,-50.805167,-27.036500,71.772782,58.816875
43.3125,30.481557,45.532310,-89.009044,-81.832759,-146.199193,-90.312047,123.701077,116.789672
43.3281,-59.027646,-75.401786,-74.197237,-58.956489,-54.447244,-62.676233,61.600021,53.906515
43.3438,3.096541,-27.129615,94.166592,66.730827,103.487681,27.291347,-51.805818,-23.431547
43.3594,50.084967,107.706378,64.350074,80.652550,99.164197,65.609724,-113.394410,-90.704268
43.3750,-81.542725,-42.822095,40.853112,31.247424,34.910140,53.910939,-78.495938,-64.035739
43.3906,-16.798576,-70.750947,-15.138477,1.950887,-4.921358,11.106371,13.400924,45.254410
43.4062,43.010197,41.820214,82.467472,81.145878,43.078412,88.338471,101.617546,77.069041
43.4219,-42.818466,-7.742547,28.735015,38.789092,46.392833,44.657719,77.008415,91.342714
43.4375,-22.746738,-51.669426,-65.538667,-72.455494,-52.977898,-36.688814,-25.599328,-26.193895
43.4531,97.609282,77.583912,-91.512942,-112.019392,-115.644811,-92.852596,-97.541031,-88.579662
43.4688,-0.466634,-1.652881,-83.994182,-40.006824,-59.245931,-46.603568,-100.668568,-94.805785
43.4844,-81.015578,-58.256561,-11.101811,18.643644,2.038702,24.088597,-5.622973,9.949211
43.5000,54.444477,35.472827,6.585197,-3.505978,32.455839,17.363106,96.772175,98.310217
43.5156,27.519022,25.727034,-30.741410,-9.298032,11.749465,-42.767561,117.767248,107.901828
43.5312,-48.985317,-43.753917,48.206438,38.350655,52.930848,35.552508,17.059683,17.244085
43.5469,-0.509736,-1.688184,130.209581,115.189242,122.491433,138.920539,-86.918515,-103.644890
43.5625,57.507483,44.492009,73.622584,76.414097,57.731555,57.887495,-65.452754,-79.042766
43.5781,-50.639034,-35.912820,-30.127878,-26.704165,-42.379757,-71.387600,-28.788914,-74.991734
43.5938,16.566555,7.876559,-56.730385,-35.580441,-60.355102,-78.093273,23.026825,63.237523
43.6094,40.931462,73.897943,-9.699384,-15.473370,-44.080632,-5.626044,79.373626,117.685980
43.6250,-104.695162,-71.051545,-12.940081,-8.688225,-8.737221,-10.998677,73.936828,54.756135
43.6406,4.473062,-27.756768,-71.725269,-78.644752,-52.063856,-85.930275,-37.292877,-41.788486
43.6562,58.016940,80.777931,-51.239826,-31.667655,-58.002986,-59.354724,-113.037108,-84.527086
43.6719,-22.012068,-31.943204,49.785056,3.637837,35.986508,41.767858,-74.017518,-112.665530
43.6875,-39.893883,-63.989773,119.417542,63.536680,83.561211,98.744717,41.719251,-7.645772
43.7031,72.583815,88.961527,42.675221,14.964197,35.931897,45.236808,61.825148,66.050699
43.7188,-13.470632,22.614212,14.106135,-43.096987,-9.512238,-8.272615,82.544881,76.246190
43.7344,-25.376755,-75.239465,59.818506,11.124781,65.876783,69.655085,9.695443,62.043940
43.7500,66.735916,47.458069,32.590153,27.206712,83.416602,44.535710,-62.201847,-28.084427
43.7656,25.861327,29.933037,-38.654236,-45.552751,-31.164293,-21.784534,-38.944522,-66.065676
43.7812,-83.035835,-88.364710,-111.976198,-107.638921,-99.194851,-104.320624,-26.286032,-26.103598
43.7969,8.574607,-13.126852,-51.989580,-41.550644,-104.016850,-94.427414,56.362501,48.347290
43.8125,73.609280,61.705578,-14.517226,-0.113449,13.918832,25.140600,105.663279,98.213418
43.8281,-71.986623,-70.662508,-16.949468,32.220584,31.637094,-17.437116,57.717523,56.915326
43.8438,25.733502,-4.124620,-9.755479,12.716455,-19.202799,-14.027441,-67.279188,-36.656227
43.8594,52.070715,94.137329,35.257229,9.286699,43.764583,27.305864,-92.719453,-82.150984
43.8750,-68.671917,-15.788269,76.646033,87.147477,131.847329,88.524029,-71.831045,-95.327553
43.8906,-17.876953,-18.844921,47.392711,14.232111,47.171380,81.971580,50.736250,72.990992
43.9062,67.327723,89.524989,-10.140255,12.632348,-38.547293,18.665128,114.544116,95.242979
43.9219,-47.084787,-7.640958,-30.005654,-26.359647,-39.446408,-68.009569,88.701003,38.024822
43.9375,-49.605661,-84.727677,-39.675672,-37.452751,-20.476878,-9.383752,-7.909501,-2.906498
43.9531,76.457368,46.878270,-1.801665,27.990052,-31.124437,-15.028260,-77.273571,-92.253497
43.9688,-3.472718,4.303434,-66.984957,-29.679159,-88.308844,-89.838436,-109.617716,-116.826829
43.9844,-55.269086,-62.938441,-95.674053,-81.834429,-81.444551,-110.368764,21.243197,2.279573
44.0000,59.298135,18.485672,1.527940,2.608685,-11.347091,21.742375,81.586355,58.448520
44.0156,56.983412,10.013168,58.510920,95.967341,57.716634,70.231647,67.986621,119.946749
44.0312,-61.710552,-108.521069,39.364577,41.452320,75.637278,80.026135,41.085691,36.944053
44.0469,26.819222,-6.613013,8.133518,-2.171566,5.079744,6.987152,-43.829966,-44.344273
44.0625,67.244854,62.708543,50.403257,16.954736,36.592887,39.737509,-52.047621,-105.640695
44.0781,-74.066468,-109.330712,63.311729,48.374705,78.708792,71.387077,-61.111665,-36.627288
44.0938,-36.767431,-33.846624,0.275168,1.024074,-2.618941,-4.485145,37.363784,23.137446
44.1094,44.263258,36.895164,-94.404012,-71.191102,-92.304927,-78.461109,121.956691,105.634110
44.1250,-48.987594,-46.958297,-89.475981,-98.171871,-72.932304,-81.017892,71.014344,41.645863
44.1406,-5.907140,-28.566452,-36.621088,-53.606021,-5.936480,-29.957537,-37.541134,16.511917
44.1562,92.101970,71.476507,37.565815,27.112269,6.319776,32.022437,-116.806027,-86.559803
44.1719,-14.854951,-33.368289,-36.845072,1.214452,-39.709374,-52.695464,-112.277057,-72.390670
44.1875,-29.485852,-60.181951,-9.407208,-12.702230,-23.972630,4.141970,-26.665748,4.786158
44.2031,96.906029,76.357854,74.856543,61.480924,76.133836,106.938375,79.954949,89.446018
44.2188,12.612238,10.179650,118.045892,125.605654,156.739054,98.674208,84.211941,43.128271
44.2344,-75.288154,-37.440219,-7.356285,30.946851,18.744589,44.693696,7.410053,-12.361316
44.2500,15.762496,82.622424,-63.939308,-34.655695,-64.391182,-47.014923,-76.817087,-59.241651
44.2656,27.325916,14.415756,-77.550473,-35.986272,-52.391077,-24.541047,-85.045180,-84.788078
44.2812,-111.335937,-57.784843,2.165142,10.527848,-17.280703,5.054858,-22.848095,-33.333565
44.2969,72.959014,20.458465,-26.832540,-33.601040,-48.434612,-42.532729,55.715844,52.182608
44.3125,54.246028,77.330827,-72.299112,-104.346306,-72.603901,-117.445680,85.376395,124.238186
44.3281,-81.095632,-81.082392,-31.073209,-42.566588,-35.581828,-62.282948,42.520509,70.298379
44.3438,32.434671,-17.382465,70.147184,62.085135,46.742749,95.258250,-79.164258,-45.781944
44.3594,68.138855,64.309585,67.750318,124.844861,88.739917,89.244662,-97.275349,-101.808946
44.3750,-35.502217,-63.388254,33.484446,10.278503,20.439952,-6.621002,-43.122588,-45.328558
44.3906,-41.877278,-37.027165,5.090507,15.777856,0.947256,27.139311,-15.169436,14.594448
44.4062,59.440832,56.364433,74.145976,51.678344,25.305930,63.466784,87.666485,96.024391
44.4219,-56.131311,-9.903238,8.195974,69.906573,36.169556,75.789393,63.867144,69.349762
44.4375,-90.292000,-53.761935,-46.719319,-82.473935,-76.756974,-66.684374,7.193195,-41.411924
44.4531,51.721268,44.030821,-154.349978,-124.830147,-93.885592,-121.148694,-64.489994,-62.062755
44.4688,-30.689085,-6.233573,-75.771791,-28.173574,-61.845690,-73.545188,-75.505839,-82.110256
44.4844,-48.989414,-49.503660,2.275599,-16.264180,23.320735,35.318363,-10.208600,49.307157
44.5000,78.393138,61.070373,-26.175180,-35.993649,-29.811106,-6.971117,106.754099,58.749404
44.5156,-7.820810,22.751785,-20.410500,4.252891,-5.550405,-6.623632,102.545473,89.567159
44.5312,-44.929394,-67.019759,48.780122,58.474448,39.177233,37.638077,32.817659,50.248122
44.5469,41.131791,5.194401,114.687042,91.933436,44.819562,106.580497,-92.141575,-56.707496
44.5625,46.775974,85.573137,130.854631,51.196627,63.959540,72.573652,-78.592218,-131.520051
44.5781,-54.553073,-46.309111,-4.320898,-31.032831,-45.394327,-45.196038,-52.244790,-28.450991
44.5938,-1.878290,-17.655077,-45.717267,-27.141450,-23.953620,-33.549295,88.697399,50.260714
44.6094,42.178627,94.700603,0.902886,-20.905758,-41.908563,-5.710964,57.505976,82.035131
44.6250,-45.255396,-24.828836,-6.366619,-45.256927,-37.942024,-48.378273,79.858039,87.498915
44.6406,-42.250882,-48.485929,-88.769797,-121.169617,-58.730565,-95.643237,-33.671389,-42.390173
44.6562,50.604068,33.753520,-55.189048,-38.649191,-79.865115,-78.771317,-69.613710,-104.523089
44.6719,-61.338159,-0.367833,69.221801,-6.900176,52.826013,34.298105,-84.781782,-69.916709
44.6875,-49.311899,-92.852305,83.414139,102.642921,73.712145,54.753376,4.806484,21.107975
44.7031,42.490915,51.746375,21.532705,44.310581,33.455270,36.015015,88.193817,66.200732
44.7188,40.188761,-4.107606,-47.298157,-20.752694,15.523203,-13.102489,93.967694,90.321384
44.7344,-30.888643,-51.790275,11.099805,46.726690,1.596126,39.741288,1.056382,9.251073
44.7500,73.675818,34.913720,13.912102,70.492916,47.979071,40.372170,-58.289206,-97.112878
44.7656,12.977598,29.997951,-30.137416,-38.371113,-59.479478,-51.895221,-91.995973,-85.514727
44.7812,-67.421711,-58.677504,-132.009987,-83.855933,-125.748594,-84.494474,-12.437182,-53.178319
44.7969,22.487624,-8.724176,-79.348930,-28.677510,-70.761876,-95.684285,44.438149,75.587644
44.8125,27.682784,83.454626,-20.841895,7.444888,11.342122,20.370969,115.268616,74.279776
44.8281,-82.732650,-39.063073,-10.220006,1.017485,1.123173,14.466085,42.451983,42.197372
44.8438,20.631491,0.806042,24.283096,-8.450415,-1.942627,-33.404818,-7.839353,-72.563772
44.8594,64.141583,82.364074,41.180211,31.686951,22.355279,-27.575262,-120.452925,-117.811882
44.8750,-38.027154,-40.880500,107.595734,73.726773,116.935191,96.993388,-82.054174,-85.639357
44.8906,2.510743,-31.432731,119.894544,87.831866,95.261049,54.649773,27.349311,32.857696
44.9062,65.018705,58.246295,-21.440387,-18.305558,-26.490273,15.669613,65.735680,100.145148
44.9219,-16.193614,-69.072182,-55.994961,-52.681597,-59.512421,-70.047006,71.905231,78.156671
44.9375,-36.224376,-46.359499,-24.550382,-33.970073,0.077772,-39.032712,-1.301006,-45.522733
44.9531,91.493958,39.037847,16.286084,27.809956,-30.325858,-18.884588,-84.511715,-117.168846
44.9688,-18.407642,50.972434,-54.843241,-74.328620,-47.941068,-74.125071,-98.471885,-63.975948
44.9844,-47.079664,-95.749887,-58.292141,-98.661033,-97.997027,-85.010757,-18.867113,-18.379425
45.0000,459.237157,490.717294,386.268282,407.198486,433.884427,419.108055,475.185376,442.448392
45.0156,264.832750,289.195256,341.362301,341.188153,313.081760,316.198108,360.290486,284.849568
45.0312,101.119732,69.589937,238.262299,247.772717,185.175904,184.976145,168.209949,159.083632
45.0469,81.004587,81.103106,117.033344,127.130764,59.850083,121.782098,45.421351,50.881177
45.0625,94.347026,78.392988,55.295573,77.426613,72.369472,40.395316,-57.931541,-68.613613
45.0781,-9.304022,-31.064793,68.628237,90.091849,133.229540,95.483906,-20.941692,6.842842
45.0938,30.165338,13.267311,36.184933,39.205053,19.929749,30.496311,59.970655,66.012921
45.1094,76.611702,94.425275,-99.485030,-95.206472,-70.436472,-107.894153,52.103884,121.931495
45.1250,-45.547015,-10.816936,-90.550042,-123.521423,-84.434891,-127.536926,61.785262,93.304665
45.1406,11.671073,-45.431778,-5.059717,-2.937741,-23.290540,-25.213316,-24.037293,-30.001048
45.1562,72.944082,72.349245,23.548362,-6.113356,24.015523,32.597922,-93.149255,-35.326292
45.1719,-43.818841,-14.147409,-1.731585,-19.971073,-14.454383,-62.714959,-40.639557,-82.760442
45.1875,-43.955765,-103.013802,20.833554,-27.501117,0.108965,11.126511,-8.902168,7.555774
45.2031,57.543875,47.103538,97.983763,82.151817,67.105505,89.686779,100.291397,83.731801
45.2188,-41.410091,2.868195,87.302885,109.037470,75.705262,113.904742,101.750738,89.219198
45.2344,-72.023086,-88.429008,39.751613,1.238643,21.469537,37.703389,9.114884,30.202464
45.2500,26.347059,76.648454,-40.264299,-50.109893,-71.447079,-56.931381,-69.744583,-65.901411
45.2656,6.631388,30.979505,-6.415985,-9.931959,-23.616715,-57.787343,-107.100797,-110.861566
45.2812,-48.710847,-67.370060,-32.110501,27.832085,7.011982,-10.398244,-46.098726,-38.508266
45.2969,59.544408,26.363683,-70.384130,-49.897894,-59.752352,-24.585193,55.874920,76.056586
45.3125,61.590951,74.278971,-124.466319,-104.978387,-80.782817,-55.297138,125.257182,90.868647
45.3281,-43.506217,-53.039486,-19.277049,-28.430345,-82.474214,15.039869,36.240689,27.597938
45.3438,4.127497,-10.587721,44.655098,77.042798,83.723414,60.913787,-69.336496,-66.767600
45.3594,48.621895,63.346523,59.005688,86.142964,108.074263,83.296162,-121.865972,-97.395056
45.3750,-34.348977,-51.823600,16.337831,57.481791,1.759638,17.600795,-24.416789,-82.948364
45.3906,13.338389,-27.476961,-9.821360,3.434731,16.566506,25.456617,33.979855,6.333418
45.4062,85.882469,66.572882,16.309090,75.716656,24.246774,27.102121,113.959124,74.033993
45.4219,-30.561750,-5.545987,56.323171,17.721122,17.163395,7.890556,34.044451,82.670485
45.4375,-33.253794,-27.983681,-60.380462,-75.740073,-67.060908,-76.792388,3.100290,-7.090984
45.4531,62.231830,15.030883,-113.933611,-113.125685,-119.651228,-88.946226,-93.669043,-66.254043
45.4688,-1.904519,-8.755215,-48.676219,-75.025881,-41.334034,-90.523402,-71.254720,-103.249465
45.4844,-53.814807,-55.688726,29.085232,21.212967,8.406996,39.010989,-44.976605,-19.075258
45.5000,35.125406,56.417345,-11.171844,31.259986,32.342127,-11.386550,81.465221,93.834027
45.5156,41.524583,-11.199163,-14.050957,-1.796232,-15.835344,-19.549703,79.787646,104.612001
45.5312,-64.539732,-59.010001,52.776958,71.051623,46.607873,66.480898,6.885731,4.824720
45.5469,39.264023,12.293118,77.735594,101.925705,82.497983,112.437761,-54.140697,-93.901378
45.5625,27.542037,41.181218,75.495909,71.278141,52.024155,51.536922,-49.397617,-92.871287
45.5781,-45.163712,-30.253963,-12.995791,-13.741266,-28.363400,-61.942366,-81.382623,-34.305313
45.5938,10.180211,-1.867588,-44.715187,-77.570856,-50.794196,-36.971032,43.743964,85.051674
45.6094,59.553059,87.755538,-13.608026,-4.374399,17.218975,-12.242791,98.951175,111.584757
45.6250,-80.312715,-57.528435,-37.925469,-14.320219,-35.711101,-4.172552,47.556445,53.293550
45.6406,-32.495466,-58.466049,-46.481505,-81.510067,-111.966838,-54.348256,-43.384005,-17.814880
45.6562,75.183998,44.426173,-54.094145,-42.586561,-69.377488,-66.459255,-93.031693,-120.843120
45.6719,-28.414103,17.035560,17.999736,23.813393,65.649223,60.909141,-74.789987,-114.614977
45.6875,-10.996248,-60.854142,94.518386,101.271297,117.375181,70.185074,14.263323,-13.658439
45.7031,42.953973,45.202707,53.491711,46.339776,53.035407,30.146112,89.063462,124.606274
45.7188,5.133242,27.162360,2.544425,23.506412,4.715772,-0.221522,76.358842,76.452702
45.7344,-51.069239,-64.651447,11.988952,32.627387,28.350777,54.622493,-9.682563,1.046891
45.7500,39.257868,50.696663,55.083530,79.057049,26.963799,30.784411,-63.099932,-79.368381
45.7656,2.426161,41.655479,-17.136058,-17.624000,-34.776587,-32.540033,-108.384531,-89.302774
45.7812,-95.092858,-101.481985,-124.659054,-84.288786,-114.793016,-69.812962,-27.555823,-4.155536
45.7969,22.137270,3.953900,-86.947536,-38.743970,-75.432647,-97.786470,76.160186,58.063381
45.8125,39.755526,50.580434,-6.916415,5.879196,16.608013,21.499437,88.617266,108.735042
45.8281,-78.447623,-93.924806,9.598312,-17.264816,4.486860,-11.748310,68.614057,32.150744
45.8438,8.658691,-10.866641,-18.125380,12.558306,-44.123812,-36.528819,-34.684196,-46.803533
45.8594,58.173578,81.738823,15.225993,38.019608,42.383851,8.730262,-100.787466,-97.343860
45.8750,-17.338142,-24.341189,115.460609,79.863030,87.202730,110.029184,-65.992481,-89.409835
45.8906,-10.034113,-43.703257,72.262923,46.651893,81.864765,100.379701,45.171471,42.794693
45.9062,69.251137,46.926896,12.348685,-30.675213,16.009543,-29.265646,118.913450,120.073494
45.9219,-24.422227,-30.437053,-85.095669,-51.731961,-53.027701,-46.217735,111.123950,76.750868
45.9375,-54.639656,-56.184866,-43.885793,-50.763247,-15.083475,-24.577853,-7.469001,23.320226
45.9531,60.624640,52.945254,-20.889646,-14.863335,3.019781,-44.565578,-81.615926,-75.700541
45.9688,-9.381814,49.524754,-68.183765,-39.346701,-73.888879,-67.191942,-109.995892,-89.321446
45.9844,-48.489699,-97.158978,-93.760538,-80.341268,-71.041729,-79.792858,-11.903407,-19.720757
46.0000,54.560090,15.712055,14.593981,-18.697463,-14.817652,14.609343,93.334608,57.604052
46.0156,18.229503,28.908740,99.748550,71.535546,72.737412,94.786782,100.603919,100.934748
46.0312,-68.573587,-88.693470,35.911825,52.689699,36.691680,36.892662,49.129824,29.265394
46.0469,54.704087,0.713768,-21.552472,-37.409140,34.100655,19.239970,-98.674735,-53.588072
46.0625,68.789716,64.834160,61.507930,77.468232,36.535971,46.856257,-70.348488,-90.063999
46.0781,-79.623353,-61.475286,63.204682,80.501717,62.021089,60.699511,-59.598152,-53.917038
46.0938,10.919569,-6.537022,28.106798,-14.480222,-3.225519,-15.051623,46.136262,56.212837
46.1094,41.680680,120.346567,-82.933059,-59.806937,-63.502670,-80.334119,85.263058,94.487906
46.1250,-48.041171,-31.965482,-100.815048,-131.005920,-118.085343,-75.576902,71.234631,58.371233
46.1406,-9.395449,-52.488551,28.131066,7.935283,-34.457013,-44.581355,27.679686,-64.871611
46.1562,85.474872,60.927570,31.223860,20.598695,35.813441,-10.378568,-108.256858,-124.478123
46.1719,-28.326189,-21.539416,-20.176242,-9.955491,1.130874,-32.874156,-54.443332,-60.447416
46.1875,-35.035317,-83.997830,-32.401757,-6.917593,-0.615436,-5.558403,7.291348,16.089085
46.2031,80.270887,83.378862,75.889291,87.188986,58.029360,91.657656,101.982226,115.982632
46.2188,8.192783,-14.004900,74.762322,100.114520,121.095142,102.595445,92.326802,105.207042
46.2344,-55.695294,-106.094539,30.621908,59.117977,25.962110,44.991255,19.618954,16.330263
46.2500,61.220104,74.788512,-44.599667,-48.485849,-102.869993,-6.558442,-90.503089,-87.835727
46.2656,13.524864,9.184446,-45.814919,-45.609378,-38.469194,-44.522618,-110.971811,-125.826615
46.2812,-53.205098,-76.107521,6.339095,-25.480122,21.847699,-0.589826,-10.225249,-8.760148
46.2969,53.084473,45.091677,-32.011349,-29.916608,-1.480765,-5.970507,109.462990,88.756451
46.3125,34.403296,82.688605,-74.272617,-83.071088,-107.015340,-92.558143,85.194834,85.403259
46.3281,-73.866995,-52.021305,-21.658669,-22.760593,-38.652075,-21.135973,33.348078,36.152502
46.3438,-35.376980,-25.872268,60.782663,95.121966,84.513882,55.671774,-56.127530,-47.704906
46.3594,41.800005,89.855669,43.829848,86.342574,87.213887,76.508137,-59.784881,-74.200705
46.3750,-54.031086,-36.690269,27.393582,7.432626,27.610363,29.630115,-65.491085,-37.060562
46.3906,-19.131755,-11.596051,26.469410,-9.753979,26.174095,18.525066,33.991247,31.634725
46.4062,47.136972,125.599105,26.648951,56.611977,31.051679,73.318196,124.764177,85.314060
46.4219,-16.665032,-75.103237,28.150752,1.899284,46.386474,14.580442,108.438307,79.434321
46.4375,-42.427267,-98.558390,-49.779229,-84.808378,-60.569403,-68.096561,0.932528,-41.524516
46.4531,82.581617,53.714131,-139.478272,-118.162930,-114.890349,-75.644381,-97.744839,-82.677659
46.4688,-14.481203,30.287326,-64.666374,-42.834672,-61.757659,-42.165198,-117.316355,-98.284143
46.4844,-81.984103,-63.618419,3.378490,11.149703,42.372439,52.506487,-31.089309,-16.802874
46.5000,56.210484,30.421985,37.116823,-55.360462,-4.622370,-4.869110,91.276975,77.663219
46.5156,50.832368,54.220523,-17.263942,-25.530292,7.355229,-12.287728,97.707380,82.051935
46.5312,-74.190533,-88.655609,81.527402,18.533851,65.908880,61.500191,19.764843,-4.484331
46.5469,31.605055,11.381347,86.183703,117.529086,104.672779,65.136942,-93.499724,-80.482157
46.5625,23.164767,44.243418,76.043269,59.506449,46.493688,64.915524,-107.959373,-112.707699
46.5781,-66.070244,-57.952333,-40.723065,-21.406362,20.815044,-24.131612,-81.698430,-54.518094
46.5938,38.255316,-29.640266,-25.256367,-58.970879,-88.271692,-53.147436,36.905663,36.832755
46.6094,68.011976,59.946693,5.043271,-89.501600,-38.632177,-17.000564,107.130048,130.022799
46.6250,-54.367659,-45.673861,10.097443,-10.742762,-4.877321,-21.682702,40.733060,110.350378
46.6406,-9.537710,-59.532070,-75.969040,-71.702746,-56.756110,-44.037671,-16.258925,-14.083099
46.6562,78.571741,55.756796,-115.033735,-79.618174,-77.486032,-71.167160,-112.965715,-88.746512
46.6719,-53.878333,-17.245921,52.182150,51.700182,32.825663,18.654226,-66.922846,-47.023114
46.6875,-25.317496,-70.692987,64.968385,79.260684,101.206252,106.352435,15.289179,16.391684
46.7031,64.934198,69.505406,45.999971,28.052410,69.671478,6.781073,119.653233,102.793928
46.7188,-10.136457,-11.284526,-5.595147,31.032495,13.379043,0.541670,85.640140,82.274572
46.7344,-91.189974,-69.403555,56.037395,29.663472,55.241441,39.602156,9.638028,25.596327
46.7500,48.043036,28.581177,49.545313,62.219227,24.762239,42.539815,-69.188623,-87.459575
46.7656,25.446104,-2.313455,-27.491657,-17.292272,-52.524115,-27.351463,-86.190353,-82.371220
46.7812,-62.489750,-97.941430,-135.191476,-128.023678,-80.342953,-79.219836,-23.767162,-28.409164
46.7969,24.838688,22.184641,-121.950403,-77.248909,-54.557152,-88.943521,58.521859,69.029280
46.8125,21.383012,67.560703,-26.755126,34.341107,30.393799,1.827171,99.422037,122.877272
46.8281,-84.407069,-54.665677,10.175024,2.819442,16.917737,47.093576,46.127508,51.822543
46.8438,43.700481,25.308012,-31.530978,-17.198846,13.349390,-25.556456,-54.979386,-31.023565
46.8594,76.171081,31.879465,25.475635,7.759397,18.610175,18.979186,-110.288529,-100.099933
46.8750,-63.503216,-45.362943,81.644490,105.617098,98.865743,105.256312,-78.218546,-61.321998
46.8906,-35.864814,-24.698848,100.113048,74.797325,96.783387,61.421474,20.231308,34.541411
46.9062,96.667558,77.900945,20.193161,7.444049,-13.856354,0.227847,84.437426,128.263745
46.9219,-7.408475,-16.075404,-65.153750,-97.989063,-104.174375,-35.663925,80.229064,70.939291
46.9375,-41.590147,-62.596836,-18.431482,-26.119907,-26.954492,-45.207740,25.704662,-14.605201
46.9531,80.567246,111.498999,-14.471343,28.300799,-17.697586,-57.108463,-95.590487,-99.886523
46.9688,-19.964386,21.966230,-45.601815,-78.733945,-56.253450,-68.422860,-94.106442,-66.999788
46.9844,-52.899717,-77.806009,-80.995248,-72.349391,-66.437072,-111.820000,-5.523693,0.481868
47.0000,21.342452,46.070988,-10.077846,-14.202305,-2.845856,0.319173,55.946957,71.846463
47.0156,37.065827,42.083104,76.046109,51.970864,86.370293,54.918449,91.628116,141.979571
47.0312,-75.249006,-88.408988,59.520407,58.150316,87.357786,67.571895,55.759248,6.807489
47.0469,52.129969,59.416318,10.182751,34.390626,-14.735346,12.588274,-94.991338,-77.546548
47.0625,15.681505,28.528054,25.069061,3.467472,26.966358,16.907067,-122.799188,-115.961274
47.0781,-42.847193,-73.600306,42.501810,61.254090,72.365241,62.975104,-23.799747,-34.362565
47.0938,20.670102,-16.841236,3.311471,-25.728723,11.810869,39.951824,15.449242,26.172348
47.1094,54.351952,59.706709,-112.347017,-54.832958,-81.109678,-45.267983,97.886407,88.047615
47.1250,-38.951845,-10.073939,-102.292374,-101.155376,-106.925168,-77.264782,104.153586,78.580537
47.1406,-23.017851,-37.917413,-9.756636,-13.878437,-3.043828,12.385662,-34.481605,-7.088729
47.1562,66.017569,105.107445,22.564103,-14.858004,-27.916278,42.326776,-108.329254,-111.563199
47.1719,-7.899402,-17.387694,16.080970,-17.649755,0.752159,-54.135964,-85.661951,-76.332445
47.1875,-29.039382,-43.940778,8.747912,1.908650,-2.332060,-34.509590,28.952331,-5.070090
47.2031,88.438265,35.489593,100.700875,74.139828,126.946858,86.349931,87.720467,88.609832
47.2188,3.277239,-5.579101,104.374799,138.672863,120.658230,142.448119,71.405323,91.288384
47.2344,-54.207908,-88.088808,29.180501,41.569323,12.401726,23.350717,-5.613339,21.670598
47.2500,39.519692,65.659329,-77.666716,-46.783706,-38.429907,-54.629000,-86.205023,-60.116728
47.2656,30.212951,3.210201,-26.101823,-25.525919,-38.051898,-45.151245,-123.900622,-77.711207
47.2812,-48.843190,-95.371425,3.767365,-7.951922,-18.409362,-0.462933,-9.642470,-52.389065
47.2969,42.852758,28.513086,-28.825624,-85.757364,-59.129044,-39.203892,111.936418,51.281781
47.3125,62.532727,42.480367,-67.685239,-121.183627,-117.433823,-83.945466,104.750879,114.822742
47.3281,-88.092081,-47.496194,-25.936526,-14.238712,-52.478079,-26.604809,45.306266,66.733097
47.3438,22.654883,-6.486232,85.102100,42.377037,58.470915,92.846156,-28.578138,-49.656733
47.3594,43.916662,59.792438,112.274152,72.959573,72.218121,71.682320,-109.443624,-106.868552
47.3750,-60.256248,-38.209604,49.170945,31.862543,-6.014039,47.875312,-75.252451,-50.113448
47.3906,14.111762,5.776246,-7.311618,-2.218120,26.527911,-22.035353,1.551675,65.637026
47.4062,70.640371,58.062960,59.325601,45.223786,81.572171,46.512931,98.042039,93.269835
47.4219,-73.715410,-17.206233,22.155778,6.360211,41.322774,51.227125,61.964796,110.287378
47.4375,-40.751590,-78.896931,-93.972452,-64.812904,-48.508011,-33.891301,-25.672260,-2.299560
47.4531,101.483419,53.814429,-84.254848,-78.915499,-92.138265,-119.137590,-98.119463,-76.871481
47.4688,-17.528351,-12.992201,-60.562735,-51.558554,-40.181779,-68.287518,-77.565192,-52.109037
47.4844,-89.885269,-86.901360,15.426206,-10.507757,45.443259,36.947425,-35.952870,-6.148494
47.5000,56.187312,38.134355,22.964901,-14.682915,3.154574,-16.205364,116.480384,64.582420
47.5156,20.773537,33.368300,-46.380726,-8.185890,20.272960,-10.506532,76.116903,109.939219
47.5312,-101.022488,-40.593237,58.689495,46.543488,21.268183,29.924949,26.362060,14.415074
47.5469,45.201418,17.566403,108.445894,78.984895,137.338727,49.546054,-36.816533,-43.309338
47.5625,29.711312,41.760518,81.899788,70.152020,74.215005,24.631863,-117.126534,-121.968086
47.5781,-82.548169,-35.011106,-25.689702,-42.910737,-46.664083,-50.175005,-25.415260,-47.124680
47.5938,-8.829977,-6.054767,-23.042229,-83.246878,-22.560017,-86.260678,47.477677,27.250256
47.6094,39.208940,52.939167,-14.132092,-13.667865,18.183205,-4.408822,110.608139,86.120631
47.6250,-72.589875,-30.917290,-22.947761,-16.566520,-33.577121,-50.433366,61.696281,42.561853
47.6406,-20.557266,-25.881355,-69.869580,-63.839700,-83.699950,-145.917414,-49.671645,-48.177330
47.6562,31.616421,96.962748,-69.694185,-44.381113,-71.373554,-67.643521,-143.001315,-84.421884
47.6719,-57.581596,-8.475133,22.332921,38.471789,48.673638,54.863096,-96.973083,-72.707405
47.6875,-52.602826,-76.905085,113.532340,76.812462,87.726975,77.465112,-13.823971,14.737189
47.7031,70.609761,78.217094,67.470475,26.700217,67.373766,55.289841,56.781031,59.979820
47.7188,-11.621613,39.793559,-3.926699,35.218409,10.851606,12.920646,72.507784,97.848083
47.7344,-87.946381,-92.213112,49.861512,46.510742,32.587187,45.481014,59.970385,7.802090
47.7500,63.842474,34.719516,36.545144,54.527459,-9.652098,23.227035,-51.608806,-99.085563
47.7656,11.895952,52.968435,-13.458626,-73.496576,-26.746957,-31.515530,-133.506798,-158.196713
47.7812,-59.207360,-106.021626,-104.500045,-84.965820,-145.752990,-77.341669,2.417491,-35.518128
47.7969,20.357948,-4.056348,-64.220246,-106.004732,-29.804420,-58.763067,80.378578,33.356302
47.8125,-11.041006,48.597623,-18.199842,21.691222,-19.333213,-13.307956,72.753011,88.028505
47.8281,-69.455301,-74.291720,-7.355268,60.492067,16.983121,27.481468,46.302022,52.434641
47.8438,15.324142,-33.572443,-9.135737,-7.895239,-55.156319,-26.557518,-44.016227,9.307038
47.8594,76.464408,36.923327,36.890635,8.562579,32.477896,16.716712,-102.545758,-82.637555
47.8750,-62.042591,-31.052941,125.699324,93.819539,112.714059,90.559008,-98.945889,-68.474579
47.8906,-6.093115,-47.875713,107.710217,100.479379,81.145279,56.974724,12.030555,55.079132
47.9062,73.974061,38.706969,-23.512831,7.061768,-25.108562,-39.872778,75.984636,71.546136
47.9219,-12.074464,-35.654421,-21.759038,-32.150328,-30.772219,-66.500253,103.032690,44.389048
47.9375,-55.661895,-17.989613,-58.302351,-26.100068,6.273363,-33.461463,-9.689088,-3.346803
47.9531,45.086527,66.932062,-4.791960,2.288625,3.994357,-16.907370,-57.942937,-96.793438
47.9688,-8.592078,-7.656107,-64.706337,-54.518146,-81.477892,-59.232979,-74.797302,-80.188837
47.9844,-63.461605,-58.820414,-95.245561,-76.664762,-78.913128,-91.929403,-4.363709,37.711547
48.0000,82.288790,12.221285,22.470119,26.570641,-24.286166,-17.754434,56.082945,116.760102
48.0156,8.139134,12.026438,87.380558,97.865707,51.586225,87.037716,89.914181,127.196885
48.0312,-72.453548,-35.898828,84.000686,88.097733,35.776659,27.939702,48.085574,28.123201
48.0469,74.238447,20.960266,20.689915,6.779970,29.532626,5.485864,-43.633729,-76.463904
48.0625,17.055614,21.791018,29.338164,-0.890296,-4.410325,35.593557,-83.815157,-91.156571
48.0781,-77.007893,-95.486739,29.970652,22.733963,54.870611,45.627146,-33.169250,-35.437526
48.0938,-4.838955,-28.861084,20.253295,18.206272,-11.286951,-4.215475,46.242509,38.739597
48.1094,70.643245,70.302235,-108.401795,-73.968546,-101.766227,-117.297343,71.895772,111.588263
48.1250,-78.956232,-44.611743,-116.221715,-96.019766,-85.670144,-103.578070,63.858892,73.543037
48.1406,-24.568129,-28.039203,-48.587944,-9.649811,-7.832411,-8.587849,-35.359684,-11.859764
48.1562,47.651620,19.826835,0.928327,43.961898,-0.112271,3.902577,-66.614275,-61.901343
48.1719,-39.996344,6.346816,-17.694177,-23.729330,-16.383688,-26.424926,-77.928646,-118.872104
48.1875,-66.397191,-32.988243,3.512088,6.549216,10.561906,-8.148864,21.713447,-17.963725
48.2031,68.859621,71.459063,49.060807,113.191532,71.761421,48.784630,89.143707,89.906450
48.2188,-4.728620,11.758849,117.186435,91.334131,117.322735,132.264209,116.632649,106.542864
48.2344,-92.606222,-54.522548,39.478151,5.375482,41.692949,50.717272,-25.867898,-13.480896
48.2500,60.476249,10.838318,-46.485449,-45.980305,-48.413556,-63.534473,-55.546263,-51.867093
48.2656,86.964825,54.829894,-60.083442,-47.339233,-53.759631,-22.255418,-80.010787,-113.186697
48.2812,-75.336975,-86.004081,33.327439,-39.793367,-35.673809,-30.572852,10.066768,-33.758150
48.2969,24.322198,6.282492,-16.984312,-49.869193,-30.278479,-71.351406,99.208522,35.673940
48.3125,13.055763,49.170527,-81.150785,-65.508768,-57.124811,-91.071568,100.285346,83.107720
48.3281,-78.715382,-63.176547,-34.331181,-46.716066,-51.392645,-3.952814,63.702072,20.871094
48.3438,33.871474,-33.321096,63.192843,76.679120,73.571784,9.156438,-69.483866,-44.393262
48.3594,47.910075,96.518460,95.962121,93.314501,82.117543,78.370075,-93.473293,-109.426804
48.3750,-74.412187,-35.221817,1.192534,-5.474871,22.769278,0.000411,-46.946395,-64.664068
48.3906,-52.890732,-28.953256,17.549045,23.839479,36.320062,46.897163,46.728248,17.426392
48.4062,82.521732,76.683417,77.508201,48.941005,55.454407,64.381739,91.585800,68.372932
48.4219,-37.726900,-17.327765,32.335159,41.477442,15.766916,75.368891,80.656865,63.529296
48.4375,-12.407117,-46.523142,-59.155391,-102.771446,-56.501479,-66.374336,14.168564,-5.756530
48.4531,65.486630,52.063004,-110.517877,-119.088575,-124.627800,-83.558088,-63.330071,-66.864467
48.4688,-22.040263,25.371239,-43.488632,-15.170822,-27.175231,-64.704245,-107.769827,-83.446784
48.4844,-58.325459,-29.727818,16.558163,18.218318,30.110394,22.411035,-26.521532,-2.660728
48.5000,43.902235,62.427398,-30.330603,-29.178083,-7.756958,-21.486273,84.344797,73.327915
48.5156,33.854477,41.940934,-54.675503,-4.157560,-5.827116,-6.019052,108.879538,55.510948
48.5312,-83.435224,-65.673167,43.313086,46.313036,42.651251,35.131169,31.466899,15.651473
48.5469,5.953773,19.340479,152.282959,103.337668,156.294119,93.270690,-72.837497,-56.993146
48.5625,12.928001,39.602320,67.649161,48.337921,97.444313,49.852158,-114.512242,-127.290147
48.5781,-82.351664,-61.067147,-16.342141,-36.378146,-33.662203,-50.668715,-53.982419,-42.014623
48.5938,-4.902057,-43.068211,-55.392105,-21.180559,-25.512246,-56.490186,43.871688,51.235177
48.6094,54.665328,43.531175,16.524114,4.852316,-29.322606,18.135537,113.424790,120.241277
48.6250,-16.047642,-32.037497,-9.449980,-3.303169,-40.193443,-8.575973,71.773017,68.306666
48.6406,-6.699218,-45.245842,-72.736301,-79.825919,-70.929055,-86.206654,-29.189850,-19.183600
48.6562,73.467152,71.578992,-71.829140,-54.622005,-66.589578,-85.782751,-96.928730,-129.933599
48.6719,-15.723974,-8.910147,57.201765,44.452612,9.278812,28.992175,-82.173467,-57.312350
48.6875,-43.687373,-77.442149,83.499452,51.708334,83.843808,97.164009,19.752173,4.128211
48.7031,62.965919,70.257626,45.821257,95.768981,17.307587,52.099164,96.851206,81.245937
48.7188,25.992419,-1.374717,-9.072364,19.154743,19.445319,-6.438528,86.238685,100.183501
48.7344,-85.689562,-67.935182,55.413439,43.599101,45.937800,79.173385,41.780314,5.486710
48.7500,54.429752,37.228838,19.522376,35.819796,73.028325,46.454369,-42.311187,-72.322277
48.7656,17.026701,56.748087,15.589638,-17.791851,-2.365265,-34.245012,-77.590971,-83.336752
48.7812,-120.468845,-70.570077,-96.603090,-108.460731,-92.141004,-125.594747,-39.504626,-20.810243
48.7969,8.775844,7.965264,-85.136081,-95.025224,-71.460368,-64.544530,56.889247,57.075989
48.8125,43.743913,64.300114,35.751878,13.142491,12.869311,11.999105,107.623385,107.957103
48.8281,-58.860054,-50.534066,37.184026,6.562677,19.970622,-0.276429,55.406363,49.768073
48.8438,42.727539,-26.589866,-55.975676,-7.117327,-32.155381,-12.878404,-43.177504,-30.247340
48.8594,79.824849,27.431381,11.411519,16.306194,6.662980,28.958202,-76.973521,-81.077836
48.8750,-20.769268,-67.104357,104.494435,100.232540,92.356276,116.478618,-102.337403,-72.006555
48.8906,-24.419770,-18.903406,83.307188,74.371715,115.639681,74.087128,68.149717,59.408511
48.9062,85.067952,55.306685,13.415872,-47.153778,15.071376,-33.772521,99.374428,111.850595
48.9219,-42.394114,-7.869175,-53.683589,-39.461992,-58.399061,-85.431057,41.749757,76.756004
48.9375,-7.654723,-75.942384,5.416602,9.298015,-8.126149,-15.582914,-18.222189,-9.107358
48.9531,77.225412,53.972832,-15.374293,1.213252,17.418217,15.190839,-55.309209,-73.794476
48.9688,-5.462597,24.291807,-51.564090,-78.603973,-51.484644,-49.619952,-101.243455,-113.202247
48.9844,-80.624105,-48.293340,-71.719890,-90.453293,-81.694728,-90.695574,-6.208816,13.617118
49.0000,59.240584,40.899325,-1.746629,4.089279,-1.809103,15.963191,79.637675,92.010966
49.0156,13.877659,44.292503,78.604311,101.059708,80.175315,77.730107,82.914854,93.766623
49.0312,-109.210281,-55.958182,59.063926,39.735882,69.224007,25.641675,49.073633,-7.432507
49.0469,12.431332,9.137677,21.552284,4.962091,25.191035,56.428267,-71.515674,-50.180822
49.0625,6.588058,79.203837,21.532320,53.256670,26.886360,28.758011,-99.269998,-133.987959
49.0781,-51.234822,-61.646042,52.921959,69.906467,56.478152,85.319935,-40.171973,-50.273481
49.0938,-12.282904,-47.965329,34.113424,-18.337442,18.960649,-34.045950,69.352497,35.975911
49.1094,113.190585,77.285715,-73.523626,-94.766708,-75.813336,-106.341611,105.551083,82.263840
49.1250,-20.535224,-25.881961,-126.243444,-71.797457,-93.432675,-108.362874,52.261201,55.167361
49.1406,-50.951384,-26.656945,-44.245395,-38.596202,6.068015,-20.440914,-6.573075,-49.510508
49.1562,19.484658,51.417454,35.399078,37.202101,46.431701,11.978653,-150.681383,-104.569760
49.1719,3.417299,-24.998837,-46.575854,31.782182,-30.804762,-19.275324,-70.756496,-119.670094
49.1875,-25.397737,-54.946328,16.062807,-18.281985,9.145988,-0.951487,-0.649956,18.517682
49.2031,81.813858,76.015166,50.378419,111.104045,91.097021,62.519627,76.465106,92.699611
49.2188,-58.865737,-5.301872,108.177570,116.271770,103.532062,109.587074,109.518567,66.337630
49.2344,-36.789494,-94.707739,46.476453,31.673798,23.499428,27.792545,13.276537,11.863618
49.2500,20.100935,52.066164,-65.032802,-16.969668,-58.816111,-84.917040,-72.678227,-96.490104
49.2656,38.755668,4.179347,-55.401832,-52.602276,-39.592440,-36.541156,-86.187259,-94.732304
49.2812,-92.288896,-78.925350,8.824855,-30.147356,-46.313671,29.011522,-20.121513,-49.397419
49.2969,41.477153,7.066617,-41.691540,-71.984844,-60.473331,-7.949999,50.892074,83.904194
49.3125,69.881137,67.695041,-127.561907,-92.399646,-83.025799,-93.100352,106.941094,113.721402
49.3281,-62.047699,-43.081426,-44.711397,-13.122407,-53.331478,-43.310712,57.552469,36.522605
49.3438,-0.640019,-60.331946,52.013955,98.672914,99.151412,45.076714,-44.912695,-49.732886
49.3594,51.951410,100.750343,104.990004,87.992725,76.076496,68.707075,-90.484858,-121.182758
49.3750,-55.624287,-67.843026,13.648041,64.013983,29.471577,19.040841,-54.056063,-68.657010
49.3906,-33.856689,-33.014152,13.623150,-8.905027,48.483946,-33.138300,29.369685,35.307684
49.4062,54.371027,83.567834,30.866008,51.382687,45.366371,65.584710,96.641563,108.581502
49.4219,-28.635823,3.392963,49.182681,44.701001,20.360434,43.935799,105.500842,81.385720
49.4375,-33.227987,-52.494044,-73.156054,-64.385683,-119.448212,-17.059818,21.901431,-31.540893
49.4531,90.225075,82.815795,-101.553807,-111.310657,-108.753819,-108.475718,-72.798502,-93.299280
49.4688,-41.023223,-18.614514,-0.984795,-20.992707,-51.251746,-45.091750,-66.934515,-58.107098
49.4844,-59.506392,-58.796362,33.944018,-2.933667,3.086303,17.411641,8.796549,-7.584425
49.5000,20.362021,49.177390,-17.565655,-10.388464,-12.113973,-6.994493,74.146666,76.488513
49.5156,13.446416,63.393325,-33.204935,-51.756622,-26.819430,-21.293623,82.659671,108.117062
49.5312,-113.064915,-91.059290,23.917848,22.796937,53.977025,59.971779,38.143185,25.036574
49.5469,37.166351,18.167494,82.750086,104.033205,90.393586,101.129486,-53.452719,-70.029055
49.5625,23.917672,47.197608,73.334308,48.216227,64.999673,44.359530,-85.276832,-109.023840
49.5781,-61.686884,-51.871108,-48.933755,-14.784374,-22.957764,-22.719735,-50.366860,-15.867106
49.5938,28.049755,-26.244430,-47.109077,-62.666846,-43.099771,-31.220689,43.622441,98.508401
49.6094,88.516121,62.628022,-32.629442,-7.512749,-29.741669,-6.870571,89.094284,65.262622
49.6250,-52.274083,-51.948362,-4.024107,12.438247,-30.309623,-18.390335,79.915673,53.144248
49.6406,-12.192749,-41.126026,-96.417784,-101.630111,-89.280269,-103.116592,-44.021165,-25.200687
49.6562,101.480688,64.712316,-88.013169,-80.979596,-68.954725,-57.972590,-92.601561,-90.817935
49.6719,18.938414,8.469278,42.936432,40.284633,38.165490,9.696039,-64.386372,-96.180481
49.6875,-63.121241,-55.238723,91.095911,74.217410,91.369947,113.810335,23.275551,39.429445
49.7031,69.523330,75.483775,34.871040,54.051558,39.621806,16.497904,64.987349,95.965970
49.7188,22.925528,3.437437,39.969956,-15.474331,7.588316,-0.003737,101.629809,78.389207
49.7344,-43.084413,-40.260243,23.396373,29.915671,5.965161,62.325850,4.998167,51.069851
49.7500,76.684926,71.584237,27.262661,59.909224,64.338094,37.115708,-54.307971,-81.129123
49.7656,27.736424,36.836936,-24.775438,-18.284284,-58.642361,7.191930,-98.480059,-124.631406
49.7812,-57.240879,-82.624752,-75.544895,-92.586900,-117.934170,-112.777249,5.856233,-16.595654
49.7969,20.115788,24.492772,-76.350840,-34.806244,-116.130142,-53.032141,58.861491,85.025920
49.8125,32.436241,52.284869,35.388755,-16.124931,14.430228,1.716259,108.105667,113.092001
49.8281,-86.966294,-89.596567,-10.615748,38.205033,-9.406765,15.545756,37.657183,73.612251
49.8438,19.229934,-18.703051,-18.962839,-22.394733,-20.107321,-37.352486,-24.852628,-47.416186
49.8594,72.146432,47.539435,23.270179,16.920158,26.896572,4.494136,-82.423464,-119.276118
49.8750,-75.330039,-35.204176,82.650665,112.693707,121.863590,81.736949,-70.530812,-75.237208
49.8906,-12.748971,-21.233466,90.959766,119.837469,85.720070,86.966324,58.671409,32.256882
49.9062,63.220446,62.310191,11.247240,-15.287481,-13.102716,6.904926,66.301231,74.559077
49.9219,-29.218938,15.629802,-58.547616,-62.446371,-19.694590,-33.893539,111.618468,36.766506
49.9375,-38.699476,-56.117364,-25.269187,-33.983438,-45.298932,-29.153363,-10.984961,-30.029012
49.9531,68.589681,66.590336,-6.931135,-29.552103,-36.744974,-50.346808,-97.139618,-47.496784
49.9688,-16.015302,-0.093234,-31.884974,-52.146421,-65.416679,-98.826669,-111.133992,-66.112691
49.9844,-69.322568,-88.004265,-80.259755,-99.799170,-92.163450,-114.095758,-30.607017,-49.410937
50.0000,482.779423,434.878133,416.697566,388.631297,398.553984,436.005548,502.357631,473.879078
50.0156,248.060367,275.002883,323.782637,354.629238,345.098258,323.777057,318.564777,334.438582
50.0312,99.217149,51.341084,170.760137,223.087126,219.215005,197.633756,180.939112,147.166970
50.0469,137.533302,91.363643,87.169992,98.229196,100.767337,86.889013,32.918852,48.191639
50.0625,120.695257,78.866148,87.936732,98.880168,89.258290,91.833756,-67.339510,-59.482219
50.0781,-31.593602,-6.305654,97.169550,38.089690,113.525437,79.184152,2.779244,-24.432915
50.0938,38.709067,34.236303,22.985437,19.576895,41.297661,44.507413,54.877825,78.669521
50.1094,54.695529,86.969027,-89.877370,-85.587787,-42.255538,-60.310669,122.599742,116.656652
50.1250,-45.889869,-76.864286,-125.909872,-80.701710,-81.942725,-70.448233,93.590554,58.931274
50.1406,-7.127750,-62.624534,1.019371,-48.668957,-22.367405,6.157834,-20.828090,-54.442929
50.1562,73.813118,67.882342,2.539269,56.673521,-8.414914,2.105103,-64.231962,-40.411410
50.1719,-32.653279,-14.284126,22.901997,-22.726181,-18.718924,-10.219059,-116.977952,-49.808507
50.1875,-26.018320,-56.426563,44.813905,-19.135829,-17.231931,7.979025,3.081385,22.332339
50.2031,43.650065,57.934341,106.828665,33.411478,71.595706,61.743508,73.747382,111.020194
50.2188,-11.073902,21.877376,111.884137,121.940961,145.137913,110.918583,83.446131,90.151744
50.2344,-88.106701,-47.130878,29.976864,40.572677,-10.067558,26.366046,-22.006488,-6.975553
50.2500,91.506657,31.822748,-55.564368,-38.183113,-50.630758,-58.137369,-59.782556,-90.241608
50.2656,4.116772,70.670121,-29.907712,-13.604619,-51.968038,-14.480847,-101.425303,-110.642585
50.2812,-63.355885,-52.412761,-9.598418,-30.530994,19.225909,4.640575,-47.921428,-11.361119
50.2969,1.187335,27.293334,-28.656432,-48.485950,-37.171738,-50.814752,46.414457,91.372009
50.3125,54.841788,65.321660,-64.918098,-96.798845,-82.521624,-79.700095,83.526701,118.719811
50.3281,-63.542861,-80.367012,-32.969389,-30.748008,-64.416094,-14.101812,24.912452,46.584128
50.3438,51.875212,-4.347732,85.821045,83.677173,55.334578,80.059965,-83.173821,-30.199947
50.3594,65.984002,53.457679,82.515220,73.633729,76.010984,93.429588,-108.385172,-89.631092
50.3750,-43.842745,-43.739544,38.367437,33.684644,26.490301,-4.231793,-109.199178,-30.088536
50.3906,-22.895025,-41.701839,13.399752,-28.709344,32.973928,15.456130,28.042339,18.902143
50.4062,66.602514,89.231591,58.714794,72.474788,62.438830,8.580636,119.931928,83.173104
50.4219,-26.912938,-1.881457,37.636900,5.440485,42.202369,20.128045,104.890794,53.999444
50.4375,-36.114887,-73.779232,-92.663756,-39.990361,-60.567492,-43.255930,-20.661110,-1.824388
50.4531,68.230474,90.305065,-123.318780,-102.392575,-97.039425,-71.033688,-61.765194,-131.405294
50.4688,-38.088232,24.569666,-36.878266,-52.274643,-9.335308,4.656941,-100.055914,-76.860626
50.4844,-39.535749,-105.936476,21.550700,24.144456,-1.304122,-1.794985,-62.966796,9.944082
50.5000,59.099555,70.072818,22.592671,14.629047,19.559396,4.569358,54.029703,78.162578
50.5156,17.816817,27.558126,-33.806953,37.206650,-20.687705,-11.232354,102.266334,87.528229
50.5312,-82.373514,-80.579912,36.578718,63.889009,40.064611,28.141743,43.561003,15.698547
50.5469,25.073197,20.094863,76.021797,108.001416,89.776473,108.911274,-84.327598,-81.593311
50.5625,46.508508,78.964696,74.186157,27.357032,51.777460,99.355963,-84.545238,-79.100047
50.5781,-46.576936,-64.407195,-17.087012,-56.003948,-47.172538,-73.301259,-73.821629,-53.166378
50.5938,5.446902,-1.959068,-31.867869,-22.683529,-61.945691,-70.383077,46.113408,63.741117
50.6094,82.705610,94.367161,-5.978104,26.895125,15.248246,-31.835150,91.919815,115.881865
50.6250,-80.253195,-25.926206,-1.666095,-36.613601,-10.872768,-31.752494,37.682942,46.052958
50.6406,-38.974212,-28.854202,-103.755797,-100.961095,-78.211868,-96.635806,-75.735788,-57.382254
50.6562,80.895843,60.898344,-51.358856,-70.985424,-40.597286,-83.741140,-86.171368,-90.388651
50.6719,-48.968979,-31.503935,25.414622,59.170444,56.469196,7.555353,-72.520547,-63.859616
50.6875,-44.058032,-33.424946,66.466488,92.006283,95.175945,95.768112,-18.294394,3.234393
50.7031,58.381644,53.972869,51.651169,27.196368,43.697666,46.881737,95.197365,125.531861
50.7188,15.835611,12.510781,42.945211,-13.968906,24.027589,14.920434,83.036916,76.825916
50.7344,-94.661113,-109.180462,28.355863,63.516556,33.546196,66.406825,-16.720661,36.739918
50.7500,65.035850,66.601414,62.796339,46.094518,58.653943,44.200787,-71.864135,-122.878442
50.7656,48.076530,18.435856,11.170709,-32.625615,-5.162856,-35.177702,-81.203731,-98.224151
50.7812,-47.388424,-61.379504,-99.462358,-60.883696,-139.053879,-114.547481,-36.864916,-56.118853
50.7969,43.532988,-6.356744,-72.510170,-43.011127,-82.910029,-53.303670,42.264022,99.207937
50.8125,70.239975,27.967611,29.242955,6.504325,7.015606,-19.510222,107.260863,108.351900
50.8281,-71.924371,-72.352954,3.881561,13.113832,1.397546,4.491458,41.620765,75.304744
50.8438,6.800717,1.455104,-39.014702,2.266324,-14.206853,-43.991074,-53.009982,-59.618750
50.8594,79.145209,100.208561,-1.454718,22.264626,19.620354,16.307624,-130.038956,-107.530731
50.8750,-75.882822,-44.941602,117.458705,89.322149,62.215558,94.137294,-54.690238,-97.378805
50.8906,-4.288152,-12.002449,74.617333,98.089088,106.519421,71.233385,26.456635,41.350076
50.9062,104.037871,50.024904,-42.348424,-32.251984,-37.950136,17.192917,81.957221,114.116237
50.9219,-46.240974,-43.450964,-63.314788,-83.500857,-35.939427,-24.032129,41.009693,72.823684
50.9375,-54.775599,-75.931621,-20.648645,6.209394,-16.863472,-11.055871,10.970312,8.454691
50.9531,74.900989,33.466350,-22.404305,-8.196619,-45.607723,-65.181400,-89.775598,-86.576300
50.9688,-23.959915,-4.552868,-85.206411,-52.184372,-35.028342,-80.882061,-103.938287,-85.975847
50.9844,-41.609230,-78.758726,-73.123467,-68.024855,-76.822712,-56.540020,-29.993718,-11.868172
51.0000,36.033160,40.689328,0.717963,9.023516,-5.423101,5.098487,71.136818,81.760928
51.0156,-9.127351,19.436364,82.901914,71.937750,65.660498,84.383054,81.206157,113.184127
51.0312,-70.804888,-130.120037,92.325614,102.548154,55.594101,82.380428,1.333168,0.635707
51.0469,51.235086,-0.364011,-2.988262,6.871396,28.666028,0.067217,-91.570822,-71.487377
51.0625,39.123615,40.473070,3.224418,17.784824,28.749367,-3.401438,-101.573515,-87.188995
51.0781,-43.509041,-57.817990,58.576350,62.363666,67.352290,69.731184,-77.055964,-21.549870
51.0938,17.695387,-34.690769,-4.637823,-11.987418,-26.512909,10.626501,35.102189,41.588825
51.1094,39.059158,64.822960,-85.176397,-81.663832,-90.309921,-94.283592,97.358217,103.905701
51.1250,-70.819167,-18.101046,-103.329388,-43.868390,-109.555743,-96.652081,40.957768,91.797523
51.1406,-21.718262,-10.257827,-63.303456,23.479649,-13.611347,-53.927436,-41.819652,-17.512392
51.1562,79.788307,51.013325,9.142125,75.213355,37.124634,19.146283,-95.914300,-99.880770
51.1719,-30.258396,-18.017678,-23.458262,-6.438150,-25.945358,17.786806,-76.296002,-92.222342
51.1875,-39.531922,-42.593782,-7.065469,-21.408022,26.216937,-19.534394,9.874648,25.667205
51.2031,49.908144,48.643218,59.358460,99.722902,94.626791,83.756516,76.711882,101.105655
51.2188,7.716095,28.390346,92.339966,95.277222,106.588786,97.325585,73.958704,92.555282
51.2344,-65.998454,-31.775584,24.506869,47.472986,17.350879,21.524158,19.613372,21.821396
51.2500,35.636843,96.863052,-68.423183,-19.701411,-20.334285,-18.123971,-64.327023,-68.957090
51.2656,39.049372,-7.852732,-4.989329,-49.472171,-64.676796,-40.882347,-108.295757,-68.478749
51.2812,-109.821713,-63.118548,-2.706276,9.919311,3.599827,7.459566,-22.596177,-27.869849
51.2969,27.892439,12.642247,-70.071296,-20.696402,-35.991428,-46.509796,80.183190,36.959506
51.3125,66.136846,37.773288,-104.982816,-76.584698,-124.111586,-62.725446,95.777722,77.816141
51.3281,-76.413899,-42.214635,-50.193294,-11.160554,-16.941890,-64.968327,57.921025,48.549940
51.3438,3.621226,-43.915377,57.333808,47.239278,56.844415,79.360466,-56.082471,-33.681762
51.3594,26.236254,51.379696,93.975022,133.544751,61.963064,73.215681,-154.302412,-116.035563
51.3750,-88.867577,-57.479499,-13.354672,-8.987021,16.721889,-4.272753,-26.013721,-65.929717
51.3906,34.919027,-75.223286,-29.331508,7.526699,25.765990,48.862048,26.831175,7.118680
51.4062,87.111607,95.908125,69.866347,78.254286,55.052884,78.321206,104.541465,119.161828
51.4219,-84.427017,-9.361547,28.995769,-2.408624,10.123952,19.329044,91.428733,64.586753
51.4375,-52.122490,-91.465759,-38.883976,-61.167103,-84.253002,-84.978365,-31.502983,5.232965
51.4531,51.210821,77.600145,-101.593784,-68.143651,-87.308177,-78.685642,-97.924266,-95.860105
51.4688,-7.959706,10.395532,-27.930046,-81.020438,-39.626986,-79.233007,-132.866503,-134.285031
51.4844,-43.243362,-84.499417,30.467068,55.575436,11.431663,-12.451691,-5.269879,12.707779
51.5000,38.736411,-5.310930,-37.529865,14.504466,11.383295,37.424664,82.607962,59.252729
51.5156,54.072102,30.745522,-6.318095,-52.452572,26.902117,-35.301999,97.094033,86.787977
51.5312,-87.236970,-73.549874,47.658263,38.206962,56.873543,40.347143,42.809456,58.994715
51.5469,31.719197,58.881333,85.483900,96.615378,101.848334,120.534088,-57.447156,-67.710572
51.5625,30.538876,62.842547,54.463172,77.202483,35.275038,105.968148,-65.852661,-99.735750
51.5781,-89.962914,-45.232442,-6.659312,-45.649881,-39.692196,-37.807946,-48.818376,-103.106544
51.5938,19.309437,-37.628264,-40.125258,-63.116404,-44.231740,-12.356754,24.785914,30.342966
51.6094,79.212895,36.248374,1.082567,34.763697,4.190224,8.845965,121.491075,65.225178
51.6250,-93.950850,-43.591947,-2.565450,-16.045996,-10.940622,-22.157804,105.471135,61.709463
51.6406,-2.281929,-26.582487,-52.321401,-69.125152,-90.080729,-79.923519,-67.119821,-31.136834
51.6562,67.300938,56.246439,-70.760713,-99.288533,-65.529411,-68.939109,-116.777919,-84.103322
51.6719,-31.031731,-68.338533,9.100212,44.520831,25.042693,9.687598,-121.340234,-85.199914
51.6875,-42.932938,-66.971630,111.647309,117.155128,108.000896,91.793347,52.610051,-10.256265
51.7031,46.283080,70.183375,39.471134,55.266129,52.306161,59.630250,92.039105,103.954836
51.7188,26.496788,6.206885,2.748505,21.115419,29.030796,-9.996431,124.692308,55.207742
51.7344,-71.578415,-87.910622,48.156778,13.311766,50.960352,26.140462,13.477004,-16.531490
51.7500,40.760368,-5.412424,30.128707,81.220817,80.138148,27.162922,-62.231484,-78.702264
51.7656,-4.004940,62.334441,-50.468977,-9.460283,-13.215985,-38.943862,-110.405287,-112.880280
51.7812,-87.851602,-74.371114,-128.295933,-119.691004,-121.707973,-98.335122,-37.252643,-14.542161
51.7969,38.197657,2.692026,-68.391903,-76.903343,-95.624559,-49.061186,50.011922,49.049033
51.8125,57.890186,33.675333,-30.053451,16.346368,8.325794,9.354190,98.370663,128.638824
51.8281,-58.776331,-57.935687,14.210784,0.581392,31.016633,19.450477,58.055652,47.732063
51.8438,33.929484,8.287030,-42.741667,0.940032,-33.868952,-29.429828,-63.555789,-70.100541
51.8594,97.648881,125.992009,38.896128,-4.186308,21.515243,27.860606,-94.012372,-108.647799
51.8750,-31.931197,-53.915279,78.950227,103.081930,103.575401,92.003725,-95.640330,-57.426526
51.8906,-4.981383,-34.403659,120.570324,81.247610,66.289306,104.434860,9.891369,27.697161
51.9062,48.885217,58.605923,16.375159,-38.977929,10.315673,5.409070,125.520527,104.255725
51.9219,-8.778124,-13.652111,-35.204279,-69.085057,-35.254187,-52.421800,74.894387,104.775850
51.9375,-48.202175,-54.734959,-1.876134,0.370575,9.386150,-3.698360,-11.131875,12.046745
51.9531,69.203765,61.928720,-16.165019,26.502854,-6.601330,10.416344,-94.840495,-106.728957
51.9688,13.752062,13.739438,-63.832771,-53.415213,-16.338841,-65.352732,-109.554403,-68.642790
51.9844,-80.704955,-65.460735,-80.466473,-87.751441,-85.875222,-91.927099,-25.963046,12.589383
52.0000,75.177268,82.587899,1.345534,-51.173589,8.708589,-3.477228,89.487084,60.168897
52.0156,60.157304,39.708961,88.459895,126.854128,123.106831,92.973750,78.619626,93.312820
52.0312,-89.813074,-37.030251,97.884086,60.912520,69.394582,38.512934,-14.048316,41.391136
52.0469,41.333522,42.656497,22.469214,31.287551,35.130377,2.038099,-52.174845,-42.254298
52.0625,60.259238,64.569926,44.859642,13.857798,2.572851,5.870426,-86.109967,-76.767846
52.0781,-95.379406,-95.366740,30.649534,67.968660,38.758952,59.831204,-46.527955,-52.202186
52.0938,-7.858315,-6.055321,49.142463,29.713233,11.886636,18.799995,23.820668,67.418033
52.1094,53.145497,79.854991,-72.013481,-83.799547,-120.274818,-43.433199,90.512691,101.691580
52.1250,-39.188739,-55.825748,-62.771219,-67.534648,-77.881620,-72.677361,67.579355,75.018859
52.1406,-24.701875,-45.907252,7.066758,14.686950,-4.901143,-9.483943,-43.042679,-32.665541
52.1562,68.445549,79.285196,4.112362,20.927893,70.381744,30.597425,-112.712821,-103.846113
52.1719,-55.816580,9.914748,-66.689888,17.030992,-32.036548,-26.447045,-54.642988,-102.309368
52.1875,-59.221090,-59.840736,-21.802479,8.416319,1.071499,13.314517,8.641967,17.741779
52.2031,53.348939,44.988011,61.658696,42.749775,57.598045,43.328669,89.323356,86.003427
52.2188,-5.207842,-23.483765,108.729923,72.260766,104.842164,105.945328,64.126072,56.377780
52.2344,-41.450515,-60.713165,-3.143856,23.731548,31.779119,15.321011,6.431262,27.375850
52.2500,22.041590,22.263893,-86.874631,-46.602010,-55.042803,-34.613672,-77.371669,-64.801044
52.2656,28.743921,28.024004,-79.234615,-18.625176,-40.337947,-36.210235,-135.887133,-98.106379
52.2812,-22.122094,-63.189459,7.410652,15.441334,-26.457618,-12.669143,-17.917579,-40.908154
52.2969,-9.653906,41.418159,-81.519928,-29.327179,-36.596106,-60.764170,57.243630,65.722412
52.3125,62.229370,76.406857,-63.645944,-76.225149,-83.456914,-77.719904,108.981548,88.139230
52.3281,-64.526143,-42.903294,-54.018383,-32.181746,-34.196042,-32.509098,79.440096,26.668274
52.3438,5.195339,-7.390595,53.240811,69.525969,81.215472,80.668789,-53.392848,-43.663425
52.3594,39.680236,31.672677,36.652116,78.468512,87.696722,100.334782,-71.113328,-69.010230
52.3750,-46.377673,-69.744569,40.497591,42.071590,44.872949,14.345996,-59.053942,-76.543031
52.3906,5.794688,10.993375,31.856918,17.478450,-17.939645,-7.848054,28.792292,41.354645
52.4062,50.129589,87.630825,62.402315,35.906691,58.105316,35.983911,78.608039,132.783629
52.4219,-60.056899,-35.642704,15.275043,49.077344,50.810060,25.888680,82.600969,119.111243
52.4375,-42.195069,-68.710323,-101.870294,-71.338600,-68.159014,-61.937775,23.148662,-9.836713
52.4531,98.040864,48.885270,-102.528464,-60.371472,-108.719000,-85.037608,-103.684930,-92.192675
52.4688,4.470333,-8.750850,-49.282126,-60.034033,-42.023973,-12.860996,-94.671760,-86.124243
52.4844,-45.681708,-30.175982,20.737472,-6.633543,43.099925,21.679610,-1.634074,14.036644
52.5000,77.232085,60.472826,-38.795874,-3.546933,-14.624064,3.238861,66.160214,61.628419
52.5156,-5.292205,13.990347,-27.534090,-46.071364,14.318869,11.150924,88.477800,90.640768
52.5312,-70.902276,-67.438448,78.393858,63.010229,44.429653,22.636574,19.145970,48.026966
52.5469,55.816352,44.438186,89.266681,53.895456,44.713734,118.978034,-62.314512,-50.282984
52.5625,12.615202,85.252754,47.394123,73.131742,52.489496,50.483514,-117.339542,-133.272531
52.5781,-77.619092,-22.992443,3.499578,-40.629575,-10.244223,-25.575931,-13.923406,-53.414782
52.5938,23.972529,-42.403203,-71.140345,-28.100956,-74.856423,-47.195152,49.731618,42.724251
52.6094,56.888745,90.824173,-24.710321,-38.481098,-24.734443,-44.810691,88.070906,105.036319
52.6250,-73.223925,14.175745,-40.840865,-30.414652,-36.048013,-26.039633,78.300854,74.193608
52.6406,-6.182406,-45.474137,-85.183482,-85.388892,-101.508103,-68.228516,-5.517019,-12.193295
52.6562,76.647102,33.764610,-52.532507,-48.178997,-82.623331,-52.386458,-96.446363,-132.296231
52.6719,-18.300830,-35.823869,34.311338,-5.938309,15.092609,58.825157,-78.617004,-115.875747
52.6875,-34.806663,-43.280635,89.660882,72.569554,74.500645,90.924674,20.588031,-9.861036
52.7031,69.807453,53.378478,71.472111,94.821413,41.163663,40.242606,106.390979,74.862829
52.7188,-17.707241,1.196110,-10.361708,-22.085002,1.188277,14.647028,109.020172,87.942909
52.7344,-90.802551,-68.261420,37.608903,54.013422,23.664653,65.068393,-10.748607,17.160633
52.7500,39.015201,26.578727,38.150888,55.654387,33.317108,37.713289,-73.935101,-92.024117
52.7656,35.699480,37.900240,-52.183685,-20.061062,-32.465362,-12.976477,-97.763985,-96.909283
52.7812,-50.271663,-46.736932,-100.739185,-115.681304,-108.815086,-112.599247,-22.904096,-28.957394
52.7969,-1.415959,18.896515,-93.458562,-109.553604,-61.119042,-103.071491,22.075371,94.380462
52.8125,42.780764,56.097060,-8.964701,-35.434867,2.799770,-23.728479,122.421167,59.995545
52.8281,-67.506392,-52.766263,26.617756,-5.678233,25.299417,35.215915,94.428387,43.400946
52.8438,5.451792,-7.466230,-15.792857,-11.253240,-8.846288,2.842847,-54.653115,-47.903883
52.8594,48.989070,27.289398,0.719955,-4.036949,27.122780,1.295809,-84.310974,-94.707033
52.8750,-48.854748,-14.010046,96.104794,74.739656,91.463897,97.446944,-61.990679,-85.561703
52.8906,4.203763,-47.174610,59.250839,92.081286,86.859799,140.030993,33.415465,-5.560069
52.9062,87.262098,49.554957,-12.448189,-7.382696,8.843135,-14.916557,99.754100,63.867028
52.9219,-38.658702,0.690083,-52.952280,-42.424773,-74.207654,-66.137651,69.946962,90.323927
52.9375,-76.723219,-58.149609,-12.346359,13.964954,-39.110827,-35.032144,6.537912,32.029583
52.9531,25.060517,16.508173,11.800384,-45.675389,18.986860,-32.906807,-94.658656,-80.756192
52.9688,0.573551,-8.661260,-81.890781,-65.540950,-42.838621,-62.449853,-83.695762,-112.069535
52.9844,-95.655115,-46.906868,-135.753727,-96.859990,-88.195103,-100.720569,-45.985207,-4.640748
53.0000,35.671001,23.201161,-12.926306,0.072271,-12.645314,6.308675,99.688389,65.040889
53.0156,44.224216,38.689238,92.534191,117.113500,89.677999,42.892977,96.199337,61.904524
53.0312,-55.071310,-70.146038,56.817053,68.411025,61.875542,79.316907,40.116134,60.644516
53.0469,46.078249,28.518675,-34.981998,15.245348,40.074151,18.674443,-33.854518,-91.333783
53.0625,26.746708,22.331185,39.191026,23.510717,21.420122,37.846711,-87.195897,-88.435519
53.0781,-73.839691,-61.893761,28.833837,43.590380,58.887316,67.467251,-57.472846,-64.820681
53.0938,5.694588,-25.667141,-15.213342,7.174717,-27.982862,2.292610,50.513281,67.234774
53.1094,36.025735,51.376013,-94.947923,-107.261592,-101.270934,-132.314861,150.553216,88.316895
53.1250,-33.363385,-28.400615,-109.895241,-115.497790,-111.157662,-76.808572,60.649461,47.386002
53.1406,7.322891,-63.449194,6.369148,-7.843446,-16.345540,21.110273,-51.306632,-26.673562
53.1562,54.789605,59.963789,21.086833,29.068261,42.389769,-1.579395,-68.315265,-74.377310
53.1719,-33.128177,-45.674620,7.288377,-4.370710,-26.184575,-10.003067,-111.489163,-97.113738
53.1875,-82.925341,-36.542847,-6.942236,25.002948,-10.424533,-20.890202,40.190272,-27.370093
53.2031,43.990527,38.438294,101.851265,73.600629,75.183001,37.514748,83.704847,87.069236
53.2188,-42.864378,1.085658,113.942677,77.260099,120.579272,98.714052,104.612423,83.179962
53.2344,-57.058989,-87.517174,36.932446,47.028177,-21.020974,62.986198,8.290227,16.103472
53.2500,65.371920,31.041584,-43.689952,-43.785343,-89.461586,-47.882116,-98.673336,-84.703821
53.2656,30.435171,38.990688,-22.241537,-13.030144,-14.524705,-37.377966,-116.922876,-88.616866
53.2812,-38.847171,-50.176091,8.376966,-21.592793,9.418701,-3.406804,-29.783937,-28.285772
53.2969,82.534267,68.130249,-40.000848,-32.369621,-39.345473,-17.332954,45.830975,76.058028
53.3125,60.011533,75.255280,-103.080470,-92.147891,-90.233183,-74.123853,83.518169,74.863385
53.3281,-39.146794,-53.087846,-39.759842,-38.208158,-57.054708,-37.326194,52.606578,55.977630
53.3438,2.892524,12.218920,43.134420,48.797711,46.808478,17.925441,-9.121545,-68.718532
53.3594,53.123233,36.340636,66.615454,77.460898,92.945371,95.950931,-105.499211,-107.970460
53.3750,-29.171065,-25.924854,50.296725,19.575455,-2.315713,7.093204,-45.897273,-50.991598
53.3906,16.683066,-60.627986,1.827841,31.148982,33.798518,-4.319335,37.305935,2.507559
53.4062,84.149319,64.959714,51.010737,67.498291,86.704501,56.013276,93.481439,77.057922
53.4219,-0.973585,2.253529,7.814191,44.634944,40.682090,52.954504,87.614370,75.615248
53.4375,-44.575259,-45.593303,-73.460564,-35.223612,-31.594329,-64.025274,-13.788531,-21.417365
53.4531,47.913329,86.449511,-107.851908,-130.592525,-124.931462,-86.087574,-103.148475,-98.507178
53.4688,10.380800,-7.045465,-50.186249,-43.091710,-33.906883,-35.254274,-103.563341,-88.975505
53.4844,-80.575271,-78.664699,36.760458,-16.554081,24.743701,41.496199,-16.104908,-7.690997
53.5000,39.989585,17.642026,21.508222,25.969638,1.265455,38.496810,84.465377,47.066916
53.5156,29.185277,29.731216,-2.876809,-31.903966,10.546028,-51.885625,85.145187,121.323562
53.5312,-95.781585,-104.348026,40.486210,24.008606,67.002805,33.575308,35.182536,10.229207
53.5469,14.937045,27.215099,98.784624,125.453276,115.424944,109.617744,-58.016401,-85.524660
53.5625,62.016730,72.431066,48.935743,105.886946,54.828146,73.309428,-81.255946,-130.806730
53.5781,-59.761586,-49.865981,-19.582328,-31.507784,-34.139824,-27.737126,-52.435854,-50.383701
53.5938,28.873065,0.267430,-36.862955,-38.225982,-53.348689,-57.335342,70.487294,60.335501
53.6094,50.666940,59.383084,-16.448389,-14.491082,-6.501903,21.953153,96.816576,83.738406
53.6250,-57.628099,-18.600808,-33.428868,-31.570712,-35.972058,-50.454170,56.295911,98.507242
53.6406,-24.837258,-42.501121,-82.019421,-76.757523,-82.740499,-83.206623,-7.360176,-36.884744
53.6562,87.733935,96.153202,-80.504739,-65.408205,-59.726809,-79.452822,-112.022567,-78.113737
53.6719,-9.728466,-18.221228,28.314990,59.731965,83.610281,51.672617,-81.475937,-64.707342
53.6875,-72.419192,-49.160611,97.572478,72.135937,79.973292,87.033447,30.599722,19.248700
53.7031,49.221604,48.101784,55.512315,39.313513,5.052500,45.705237,110.362460,93.407682
53.7188,9.511366,11.819188,-18.737252,0.771688,-37.538458,17.096117,90.871467,81.791944
53.7344,-55.425703,-67.168800,40.610938,22.606578,54.405084,21.111986,-20.804519,17.989679
53.7500,82.297165,49.753291,46.832678,55.023892,55.467735,64.142637,-91.425249,-38.366499
53.7656,36.411944,6.438294,-13.638655,-35.539043,-22.507992,-15.949938,-83.918420,-118.950721
53.7812,-101.461058,-49.746896,-107.517840,-112.050407,-116.968147,-116.479473,-42.853886,-39.858684
53.7969,53.309549,12.712543,-128.312245,-51.930969,-142.825587,-102.556688,67.319332,68.319992
53.8125,61.524625,55.824857,14.348741,-12.723271,16.137822,4.422453,115.989606,105.980266
53.8281,-38.952126,-93.156785,13.222287,-7.890162,11.467560,11.186417,67.361989,47.260690
53.8438,10.018484,9.518420,-9.703765,7.536166,-23.145137,-24.845006,-75.846479,-52.519049
53.8594,62.778935,40.994332,23.538541,12.072412,25.932615,4.482863,-129.841722,-68.296738
53.8750,-40.644183,-42.979819,114.750197,58.349426,61.631719,94.823372,-31.022120,-58.841743
53.8906,-22.819657,-47.184912,99.443190,96.395508,83.543397,57.933823,-5.238402,49.032273
53.9062,69.767253,59.700266,-21.684222,-0.953262,38.167549,-0.323822,98.273829,109.831240
53.9219,-38.200699,-22.418088,-59.026837,-34.957729,-46.006527,-44.927009,70.262644,97.516017
53.9375,-53.472800,-41.516229,0.983906,-53.102767,-6.022111,-35.194263,-55.093221,-21.810646
53.9531,61.794251,43.652202,5.518104,9.128915,51.588647,-20.250001,-66.745000,-97.187474
53.9688,-4.651485,19.930440,-78.873290,-36.559108,-72.261973,-64.571973,-51.887667,-69.770814
53.9844,-76.995133,-65.019388,-56.588638,-61.510167,-66.479460,-96.518513,-24.403459,13.089114
54.0000,48.887301,51.392247,-33.349222,-6.916673,16.843742,-46.622511,91.002519,69.258615
54.0156,22.398949,62.937316,71.313809,92.812707,99.896913,106.539740,101.783435,66.688541
54.0312,-73.562362,-68.287888,70.411764,52.385790,90.032557,92.882762,27.953532,36.029856
54.0469,-2.780040,28.201323,13.932562,47.539008,23.418943,5.518371,-51.407236,-82.745264
54.0625,42.640189,49.679932,9.738029,24.412325,21.959720,6.431371,-118.328975,-57.168960
54.0781,-68.446658,-76.572118,71.921335,76.928171,30.890640,106.938530,-36.187446,-45.318447
54.0938,21.683491,-19.190653,40.741458,17.451214,41.961560,-29.404585,22.917110,54.609051
54.1094,95.074167,59.409102,-97.852404,-99.311077,-96.188989,-93.621713,112.385210,120.554072
54.1250,-97.297844,-22.588629,-71.380444,-84.117581,-84.826667,-102.842984,69.480290,79.964693
54.1406,-38.308066,-31.957522,-28.730192,-5.342201,-22.258208,-25.598224,-20.064946,-29.194819
54.1562,57.233059,87.918593,24.476307,33.834209,2.863223,-27.010565,-126.969520,-91.662738
54.1719,-46.341863,11.800713,-2.060483,-50.410205,-49.330865,-34.099323,-84.463776,-92.253048
54.1875,-43.637046,-58.196064,26.827493,13.795304,25.319966,3.369727,6.836707,46.750844
54.2031,75.577781,57.157127,101.686168,47.231505,58.149895,95.134939,92.870619,86.582539
54.2188,-9.206951,-28.505304,122.881016,102.786005,111.223299,105.691963,80.490843,104.896008
54.2344,-50.528533,-65.235709,21.339517,4.749949,10.743640,53.205341,1.569978,3.172574
54.2500,90.825516,49.622818,-27.235422,-25.787673,-43.818393,-58.305116,-72.688557,-58.467727
54.2656,15.797932,29.819731,-39.820616,-62.052333,-27.751379,-36.482508,-147.236453,-103.516026
54.2812,-77.006732,-71.383056,-4.485277,-22.218318,-17.763572,-16.134535,-42.458333,-27.120691
54.2969,10.059798,17.636776,12.927114,-30.136506,-53.481724,-53.517602,60.988354,53.583719
54.3125,39.868319,88.181745,-98.127670,-90.441733,-75.460157,-103.356057,93.176902,141.354261
54.3281,-56.043031,-38.548240,-73.065698,-73.807804,-67.702778,-46.019643,42.403156,45.674827
54.3438,12.302688,19.612049,75.942002,69.423568,78.918340,71.592992,-41.052454,-53.759080
54.3594,50.019175,61.439375,61.528220,88.119910,68.207258,87.590245,-113.838584,-131.497840
54.3750,-75.087929,-44.146145,16.112636,47.459308,19.776624,39.397397,-91.930791,-47.334890
54.3906,-74.707696,0.876784,4.795177,-23.876701,38.159117,20.900168,48.356192,33.504650
54.4062,79.874766,87.486780,37.392358,51.821785,92.363653,47.089041,95.966048,71.456808
54.4219,-2.986126,-47.304262,26.197156,24.537650,30.382462,28.877132,76.015009,86.185684
54.4375,-59.870837,-70.009120,-14.706148,-72.560749,-76.036059,-75.263590,-35.510212,32.035281
54.4531,68.140386,41.239835,-137.185877,-104.480088,-93.361785,-94.985178,-87.222968,-67.055268
54.4688,-32.497935,12.464519,-17.846915,-64.352012,-44.559147,-34.916154,-44.029685,-82.189383
54.4844,-65.911041,-69.985849,9.125622,15.501557,-4.507087,42.148191,-37.429896,-29.525722
54.5000,62.753394,83.466322,-9.017476,-7.775971,15.028061,-0.584480,85.173600,112.460448
54.5156,33.447739,35.925524,-50.940822,-11.660633,-41.754637,-25.912339,92.364356,50.770006
54.5312,-58.086624,-47.031105,61.698201,17.199849,88.989301,28.178895,43.273070,20.336563
54.5469,24.763890,33.370081,69.977476,131.104065,85.962733,110.158017,-82.668904,-53.861651
54.5625,51.189206,48.662043,59.110840,80.218508,78.722118,47.427785,-51.299917,-128.706645
54.5781,-91.875968,-39.497805,-0.743989,-59.179513,-87.908336,-24.697225,-38.923549,-21.060053
54.5938,-28.876093,-6.812840,-35.403698,-87.563630,-40.137477,-67.573400,14.908676,26.467053
54.6094,55.183516,61.592165,-20.011374,-24.623603,-22.593082,-20.534428,99.488352,75.645770
54.6250,-42.329501,-28.614643,-21.418807,-38.830141,-6.909828,-21.464300,91.252144,48.742773
54.6406,-48.056407,-16.948095,-75.069949,-112.297858,-75.935245,-65.023131,-12.063777,14.575132
54.6562,88.017827,80.426352,-72.826964,-91.020375,-45.124406,-76.047136,-99.840022,-66.164581
54.6719,-20.606778,-23.888339,61.309612,72.363499,32.033531,39.091743,-107.542976,-88.175396
54.6875,-8.961003,-69.350969,111.998980,133.402046,80.336266,101.127551,-4.765571,36.838590
54.7031,75.120839,52.566702,31.165819,30.356947,59.394436,45.295241,114.535302,87.057874
54.7188,17.097818,25.996181,26.924629,40.136206,-11.299651,-10.497895,98.109705,113.449809
54.7344,-92.983617,-63.957179,22.640073,59.816031,30.922997,40.015813,31.216312,44.108897
54.7500,59.640898,54.369743,57.524569,23.092291,56.392042,53.930980,-63.427970,-83.509368
54.7656,3.479609,37.938115,-62.511564,-7.692986,-11.899281,-70.849763,-80.800481,-95.892640
54.7812,-96.352677,-50.762735,-147.299000,-53.454750,-98.231382,-105.727810,-35.588695,-28.776216
54.7969,47.697904,40.457390,-73.492451,-70.885934,-41.445905,-56.848466,72.044442,68.804478
54.8125,58.159299,63.550403,16.492219,-25.730058,0.013681,10.034209,140.123963,91.700867
54.8281,-25.962414,-58.985446,3.902258,-7.379828,-33.729635,-6.550250,83.470885,34.804746
54.8438,-32.560210,-7.860422,7.318910,-31.282814,7.712495,4.965564,-65.959936,-41.689234
54.8594,34.575592,67.656188,-9.135899,22.466186,32.222108,28.567533,-120.150622,-103.787099
54.8750,-88.889485,-44.326470,81.612533,85.165927,136.985493,76.320185,-62.145931,-97.084986
54.8906,-28.794710,-38.939668,93.279102,108.585564,94.503600,100.379767,63.202335,86.785771
54.9062,78.984854,95.519977,28.711273,-10.219450,-9.439782,-0.186541,113.127110,106.420164
54.9219,-32.031572,-61.650066,-51.231721,-96.051463,-55.009964,-80.354198,97.311530,97.247682
54.9375,-44.414189,-53.971897,-25.467738,-14.799953,-11.880190,20.658469,26.150099,7.030177
54.9531,54.443716,70.105085,-21.757257,-14.498054,-1.029162,0.589036,-70.086231,-94.645847
54.9688,-8.635269,-27.718474,-32.159640,-48.724119,-45.264327,-59.335251,-101.249355,-112.919826
54.9844,-63.834115,-40.485929,-115.700241,-92.746468,-79.764684,-62.822508,-28.417625,-16.562321
55.0000,458.226477,415.554275,413.572781,390.242335,393.679168,420.435537,460.101292,503.210631
55.0156,272.999118,311.303015,298.506314,338.381725,351.857946,357.827822,365.046161,346.330272
55.0312,70.021122,55.004432,209.196882,207.969154,207.743451,205.309055,185.296765,144.577957
55.0469,140.741417,69.755455,138.913301,77.449110,115.615756,79.132163,38.786230,27.196843
55.0625,98.002592,100.190412,84.217211,74.008815,123.961285,59.412213,-74.482261,-34.540131
55.0781,-42.204548,-10.484656,86.341486,89.995403,130.911285,80.577025,-9.964341,-12.794746
55.0938,42.553014,23.081039,32.608353,1.384113,-3.713520,44.783686,68.221153,92.802164
55.1094,22.997685,71.429363,-117.390110,-72.900602,-87.785687,-84.364684,79.881995,89.737810
55.1250,-55.420325,-39.072925,-61.399480,-91.620827,-119.282084,-105.504773,58.702014,75.729329
55.1406,-11.324047,-39.811108,-13.211622,-22.473298,-3.208515,8.305303,-2.631007,-24.925200
55.1562,98.548011,48.816002,21.042637,-7.746532,47.240793,29.258153,-106.818528,-99.081266
55.1719,-27.335959,15.321675,-7.480074,-18.312104,-5.614090,-36.202838,-79.828093,-77.429861
55.1875,-46.279039,-62.045249,0.168245,12.360348,12.069755,11.550529,7.134972,7.532986
55.2031,54.825231,49.162202,77.235565,60.694854,79.674211,76.248908,109.362972,89.130044
55.2188,-4.548103,13.371066,128.428915,139.386335,122.917032,92.972014,45.608864,100.731875
55.2344,-49.643104,-45.413510,18.851969,58.249580,36.400934,45.541187,43.265816,26.533076
55.2500,61.721593,52.842303,-31.519444,-6.626997,-39.776075,-43.615805,-42.506326,-59.589650
55.2656,28.207236,19.083509,-26.481832,-34.661308,-39.542124,7.276924,-98.114181,-96.310230
55.2812,-68.624793,-59.271620,-20.897654,-27.305631,10.729235,-4.929167,-42.058467,-7.223858
55.2969,-23.844600,13.993666,-69.736218,-40.153165,-27.090224,-43.317668,54.725904,80.486323
55.3125,39.361698,47.362744,-99.712914,-97.713923,-126.348432,-134.101735,79.685346,109.642815
55.3281,-51.098267,-41.064995,10.880698,-27.313608,-23.258226,-23.433248,42.292067,41.648574
55.3438,11.818396,-4.819899,74.885867,23.464490,47.448295,80.583314,-8.725227,-4.701541
55.3594,48.242219,78.616186,84.557019,98.841996,87.974043,74.349383,-125.978231,-112.632580
55.3750,-22.267505,-83.147321,50.497548,-6.346482,42.347886,17.424898,-56.484474,-63.201130
55.3906,-41.374003,-6.986499,10.459744,27.058958,5.977803,-3.955704,22.064606,53.460980
55.4062,50.056470,51.508036,54.578346,27.826163,40.994218,45.879829,60.218900,79.170162
55.4219,-35.104609,1.655845,64.534993,5.696348,36.757559,57.178797,82.193700,79.253690
55.4375,-46.945907,-41.330964,-56.882249,-65.713283,-44.660857,-37.835120,-41.005301,6.254449
55.4531,89.810835,70.763211,-110.539420,-79.149114,-129.797370,-114.761955,-112.031458,-64.369453
55.4688,-22.851331,14.661701,-38.368604,-45.455553,-88.428139,-20.119708,-41.778339,-82.498914
55.4844,-52.834587,-76.586826,-7.959135,4.466345,12.415813,1.244235,40.489265,30.791974
55.5000,24.661668,31.754401,18.860952,-15.004507,25.163863,36.332228,58.434359,117.012061
55.5156,1.671194,64.841487,-21.338574,-7.206800,-16.995323,5.230278,77.048124,83.394999
55.5312,-69.522403,-94.956137,13.313232,42.311376,55.069190,54.049931,24.578083,41.379219
55.5469,44.777659,-41.248641,96.773672,86.620369,131.234277,108.561582,-31.755565,-43.252262
55.5625,47.799855,68.148950,40.213015,66.945014,64.660327,35.475818,-96.482850,-111.077814
55.5781,-33.555623,-15.863724,-37.079772,-53.139104,-52.990136,-42.522211,-18.008996,4.366458
55.5938,-6.833804,-16.021132,-44.636391,-74.444482,-56.455675,-44.532683,51.389112,44.224893
55.6094,53.523436,54.707589,3.267755,-0.099586,-37.018403,-20.562286,102.646266,97.099313
55.6250,3.418875,-50.292321,-38.258285,-41.876485,-9.280962,-39.164852,63.582039,44.441849
55.6406,-53.557325,-23.770566,-49.488700,-96.907714,-78.614767,-81.479934,-37.554677,-57.461170
55.6562,29.345048,72.240403,-74.408525,-46.491951,-42.498690,-43.824452,-81.599812,-67.412281
55.6719,-55.408606,-7.106769,54.717407,-0.223033,89.138942,-0.873358,-60.563856,-55.633849
55.6875,-45.051863,-71.169816,50.976886,87.678828,58.308383,48.248634,-4.241626,9.499655
55.7031,86.857209,48.723902,45.487718,35.349448,38.726635,40.068019,103.112699,79.247239
55.7188,2.367613,45.103365,-24.091595,4.742514,7.664334,-4.478861,82.549024,77.689039
55.7344,-50.279221,-74.287485,35.742500,35.261335,57.467899,45.677480,61.976490,-5.538746
55.7500,56.791753,55.113440,32.594740,29.790433,52.084165,61.892010,-72.210077,-48.254502
55.7656,15.251216,58.879255,-60.193142,-32.282537,-45.186578,-14.496144,-105.441769,-116.261073
55.7812,-29.476134,-47.725928,-89.411025,-98.814627,-131.167030,-93.629282,-13.187390,-24.309196
55.7969,12.993615,31.543045,-76.783069,-84.862641,-68.241565,-59.105242,67.963259,39.990738
55.8125,42.900245,55.025291,-5.655484,-37.154386,8.249206,-0.778243,69.610244,100.700652
55.8281,-55.584922,-59.532029,7.605458,-20.156722,-13.078999,9.986618,27.171049,61.222910
55.8438,-14.181830,-46.214043,-3.098212,-19.778040,-15.029619,-13.301110,-55.179614,-2.874136
55.8594,50.919307,66.151695,40.744936,6.335057,35.996852,32.781408,-76.202494,-114.427255
55.8750,-62.994304,-34.025309,71.849722,95.933086,77.179922,103.336666,-76.934787,-66.912558
55.8906,-14.701940,-24.942769,95.439660,110.948572,74.912412,91.829843,-5.068021,-0.148974
55.9062,44.009318,82.402753,38.257793,-0.318497,27.971288,44.031846,103.914271,103.621437
55.9219,-41.794234,15.541933,-37.264550,-67.007784,-62.660865,-60.277849,65.900992,45.991573
55.9375,-37.990929,-12.248111,-19.336844,-39.043959,-11.604121,-48.155966,-9.847226,-1.438948
55.9531,63.273642,55.318611,18.713046,-20.916790,-28.813015,-43.428873,-70.324050,-77.983162
55.9688,-2.446655,35.359611,-31.865678,-79.235143,-33.546489,-65.161524,-86.965661,-83.416974
55.9844,-71.727164,-78.272905,-71.562161,-63.140138,-106.838508,-66.114989,16.762975,-13.031823
56.0000,69.121838,72.762169,26.880144,47.638534,17.548479,24.536931,82.377707,83.156831
56.0156,31.008379,67.371302,124.310135,126.442995,63.773599,79.074923,78.607046,98.961557
56.0312,-67.571174,-51.492675,85.022992,65.897615,59.731988,42.110153,20.008965,21.305158
56.0469,38.143434,48.833381,21.428795,17.629578,-9.379625,-9.748664,-55.811862,-72.012948
56.0625,97.110083,41.846355,62.512428,46.873384,19.478274,54.226106,-88.900679,-82.288024
56.0781,-75.462866,-71.984511,59.204056,76.431908,59.163317,33.297108,-69.500552,-91.493198
56.0938,15.090108,5.733121,23.105858,36.443243,-10.694502,-42.369690,90.368665,53.973109
56.1094,59.064261,90.764062,-76.624602,-107.318462,-109.637890,-76.136724,93.597845,75.303884
56.1250,-58.484636,-56.731757,-85.469350,-96.290334,-88.712708,-105.292881,26.327341,77.392635
56.1406,-5.180229,-18.500103,0.333006,-24.645718,-28.992299,-4.267475,-41.563408,6.410653
56.1562,92.510800,53.416899,20.512080,2.587241,-8.223137,20.932380,-111.469028,-92.948118
56.1719,-50.649718,10.455824,-37.163053,3.730500,7.849904,-26.343018,-73.857771,-90.734443
56.1875,-36.084922,-47.134875,-11.426799,2.228337,-6.966783,16.084666,11.375982,-9.662845
56.2031,77.084548,77.337004,76.242298,96.132721,78.032680,40.492577,90.668242,91.979972
56.2188,11.911838,-4.929298,120.346520,135.815509,92.347821,116.050523,74.072948,54.668318
56.2344,-36.213808,-106.196605,24.941699,13.968525,38.041274,27.951231,-7.498302,-4.270928
56.2500,47.778357,25.236624,-59.915989,-69.322084,-70.582337,-58.940474,-74.673149,-79.796345
56.2656,8.764966,28.569194,-13.460944,-46.196720,-27.486694,-61.640157,-95.154632,-111.491963
56.2812,-41.282855,-104.752383,-10.269653,-11.428376,-14.569804,5.974929,-60.226516,-26.542460
56.2969,9.475803,13.399910,-43.668197,-50.624555,-66.819885,-34.767923,51.164438,69.073098
56.3125,57.934239,44.204885,-98.304370,-51.324408,-55.016892,-108.353682,51.029606,122.813783
56.3281,-64.044462,-31.231506,-47.874265,-20.276510,-43.421268,-70.380508,67.788790,39.541609
56.3438,46.946723,-3.364977,53.384730,69.644654,50.819122,81.055230,-42.341595,-68.952517
56.3594,64.874480,68.230945,25.250467,88.064125,87.421784,66.550151,-116.516056,-101.270028
56.3750,-81.214663,-30.116953,-3.704239,-22.173198,-12.584797,15.861356,-63.373085,-73.211074
56.3906,7.558485,-64.886508,-22.436594,-1.481135,32.618040,33.971895,36.191810,37.005800
56.4062,87.793503,53.877584,61.041972,42.566273,34.094792,78.023047,70.410754,95.095458
56.4219,-1.244422,5.838394,36.117085,28.363356,12.736325,8.636168,107.499682,71.218999
56.4375,-56.652821,-79.740412,-52.664954,-5.820582,-67.925727,-65.420590,-18.936809,-36.050726
56.4531,79.712827,44.001975,-105.054400,-105.934328,-119.620535,-120.576231,-70.451201,-88.808021
56.4688,-10.266020,13.933502,-14.959429,-68.107504,-28.165317,-26.472887,-80.684370,-89.554643
56.4844,-61.518498,-71.587370,18.699280,-8.643726,36.081689,29.400244,-7.867007,-15.225762
56.5000,35.909300,49.118634,24.722586,-5.342661,5.028876,-67.400228,117.725640,84.073569
56.5156,-10.505725,13.541940,-36.898706,-2.114938,2.501426,22.734748,79.188465,85.060528
56.5312,-36.678002,-77.359742,43.882537,36.389174,65.891166,-12.307040,-6.180805,30.327945
56.5469,34.079134,12.922277,78.497822,104.530186,107.065535,103.942584,-89.505563,-53.734037
56.5625,33.319000,52.101178,49.710224,52.200628,78.139125,85.827129,-101.567757,-86.451171
56.5781,-43.970439,-55.449588,12.512884,-20.667981,12.624763,-23.834628,-29.374095,-46.435871
56.5938,25.154227,-16.251933,-52.995322,-25.916490,-66.585219,-33.281986,30.347626,49.573432
56.6094,48.660499,51.514059,11.535824,-60.034504,-2.622395,-23.389163,80.146873,95.608132
56.6250,-37.859197,-71.938904,-19.803738,-42.485581,-22.321530,-38.049710,96.884304,71.767064
56.6406,-18.668703,-44.134422,-88.854432,-80.407831,-88.899263,-89.398353,-32.090684,-14.142027
56.6562,98.058328,56.902563,-81.312516,-55.147941,-69.666571,-85.913271,-105.442946,-92.931240
56.6719,-15.926529,11.245018,-0.547888,27.999249,51.119532,36.649398,-111.286941,-47.178092
56.6875,-33.551145,-20.670041,99.751000,71.528025,68.568278,50.135297,-6.293757,-18.581606
56.7031,65.771798,62.516234,31.357570,-0.374244,71.229600,48.101282,69.935021,78.995063
56.7188,5.047043,0.523937,23.924343,28.028671,10.558217,0.197256,98.233133,66.276816
56.7344,-71.192075,-52.886674,14.079226,32.481284,55.077281,50.620067,27.826085,-3.550803
56.7500,61.360360,0.138447,46.952495,45.933392,66.509051,54.988842,-82.656340,-68.400646
56.7656,-5.516338,46.717984,6.841937,-42.478025,-11.072821,-55.633335,-84.781548,-81.896093
56.7812,-70.735541,-53.015234,-97.150949,-120.342691,-97.316713,-83.806689,-23.068551,-41.460472
56.7969,-6.473210,0.979875,-68.962604,-83.769759,-88.406501,-67.385492,41.779650,60.531589
56.8125,51.488410,61.592805,16.597974,27.800281,-5.602315,-9.069996,103.313841,67.077307
56.8281,-117.396014,-48.098251,3.881597,21.160112,-15.901162,4.362562,27.285838,47.670471
56.8438,8.954144,-36.027528,-14.646999,-42.253150,-40.522636,-28.173255,-61.492912,-76.130226
56.8594,29.210049,68.222454,47.644038,35.979635,7.897695,26.342859,-120.209068,-86.471203
56.8750,-53.785633,-42.631472,75.968382,91.707755,90.585699,80.987386,-83.637948,-23.868945
56.8906,-3.197650,-49.222060,86.864158,88.031061,98.343468,104.772989,29.966489,13.700327
56.9062,73.843719,27.946884,-14.571291,-31.072259,6.807392,-10.117911,95.967293,74.721976
56.9219,-52.044625,-3.708897,-36.399882,-56.432171,-95.822838,-55.319045,77.184190,79.613002
56.9375,-65.755478,-50.538706,-39.123759,-5.738797,13.915754,-9.525759,4.081999,17.186585
56.9531,38.920124,29.771199,12.940797,9.028457,0.392249,-15.138495,-73.337571,-77.639032
56.9688,2.277279,2.951601,-44.196204,-67.790081,-63.261910,-38.504137,-85.501300,-46.522566
56.9844,-91.513551,-68.122728,-63.166277,-95.232823,-99.799860,-87.709864,4.713892,14.593244
57.0000,79.654153,46.530346,9.425221,4.146770,-2.665173,39.150068,72.853861,71.642656
57.0156,8.088483,74.818570,75.554476,55.375030,79.290990,54.876899,110.557617,67.576579
57.0312,-79.084435,-83.827764,100.303472,38.700588,63.615974,22.409812,68.854035,37.064080
57.0469,13.691314,49.047909,3.381117,7.527473,19.127882,-24.936634,-71.006446,-65.632036
57.0625,8.855010,41.880734,2.389417,30.386629,42.949366,-10.177233,-105.596564,-115.374660
57.0781,-81.047034,-67.981887,27.109978,72.614848,59.125365,56.394441,-22.748450,-85.216883
57.0938,30.666416,7.742791,13.611219,-4.292026,6.844036,-2.903340,40.336054,61.339052
57.1094,50.218871,61.248931,-93.045775,-99.166060,-120.911284,-93.179173,92.278037,99.689293
57.1250,-33.216715,-32.748715,-89.398146,-86.485654,-104.838794,-71.112903,64.512278,75.111247
57.1406,7.268682,-16.705527,-14.827410,-32.486871,-0.155074,-38.740866,-18.050169,-37.006811
57.1562,76.921742,87.283452,0.071313,7.966793,26.791256,20.256584,-104.351449,-90.239955
57.1719,-36.076283,12.087997,-10.002219,-25.190324,13.985607,-12.647544,-79.586666,-81.045916
57.1875,-37.451654,-62.080601,-12.620025,8.777300,-21.978210,4.171866,2.680079,-20.700500
57.2031,87.992212,66.615565,70.188798,74.931230,65.395923,73.755709,29.449621,118.139613
57.2188,-18.335515,31.963952,82.497547,110.128681,84.332533,129.770604,100.980651,87.359383
57.2344,-42.120639,-53.992524,16.470615,48.531233,21.432571,-5.560093,39.333363,30.447843
57.2500,67.632623,4.276319,-54.252677,-44.025656,-79.427592,-65.882692,-109.664989,-83.466875
57.2656,31.326348,57.204854,-5.792820,-26.776641,-12.979415,-81.067419,-131.950597,-110.831001
57.2812,-51.436793,-35.086999,10.047965,35.376831,-43.865792,-8.623230,-40.757923,-46.309202
57.2969,36.970936,19.479958,-58.642678,-22.144342,-18.648967,-52.546112,67.112805,57.560340
57.3125,43.620967,49.915549,-56.335532,-88.382549,-116.623197,-37.257584,97.309262,94.106592
57.3281,-73.895693,-69.138507,-14.350093,6.065066,-69.963150,-32.242553,80.099056,53.302217
57.3438,1.434009,19.447091,76.279283,51.040657,59.957328,80.635184,-71.866087,-61.195620
57.3594,77.390518,57.566381,71.194473,98.157152,83.696660,63.933315,-61.955504,-94.540003
57.3750,-49.003616,-52.227041,30.385700,32.836124,74.330024,72.853120,-52.598002,-97.521608
57.3906,-6.320009,-31.362581,-5.054230,-3.554602,5.381152,1.754152,34.794812,41.698500
57.4062,51.575324,57.972812,69.168705,57.895960,39.030744,35.522410,79.540124,88.044910
57.4219,-43.813601,-26.011473,51.332367,19.654108,-1.333307,33.978351,50.728725,76.852605
57.4375,-19.473036,-62.667902,-95.452955,-59.334917,-62.613884,-46.096415,-47.581293,-40.588198
57.4531,82.495199,13.641219,-141.066778,-118.779804,-65.678968,-132.645563,-89.585786,-121.593291
57.4688,20.963722,-8.898228,-52.273014,-56.597618,-28.833207,-65.002872,-92.604234,-71.781917
57.4844,-96.787176,-76.257132,11.457909,-19.481689,22.485075,42.901236,17.650250,-32.375148
57.5000,58.017016,52.555831,8.837640,36.533024,2.420821,-10.300735,52.884205,88.257392
57.5156,21.194774,41.960535,-92.189140,-37.584786,-43.870808,-26.847973,88.463451,68.520387
57.5312,-70.533111,-61.418614,49.345297,67.276500,53.846703,39.503513,28.306048,55.828858
57.5469,35.318290,43.622497,61.736480,102.867137,86.693684,100.854525,-86.538615,-83.777426
57.5625,39.466789,72.696359,67.002213,88.025523,51.496620,33.345401,-122.740614,-127.772485
57.5781,-91.139100,-42.479913,-54.214155,-41.551597,-25.724190,-33.676492,-38.005044,-25.814124
57.5938,22.843433,-19.147286,-87.480398,-19.331819,-66.086392,-63.738074,68.553250,62.759348
57.6094,73.496405,78.842290,37.249703,-15.684001,-17.629963,-9.981869,107.268399,97.202773
57.6250,-62.671271,-32.517879,-44.483624,6.614460,-38.787626,-19.062064,74.733727,82.624362
57.6406,-13.456756,-12.788063,-116.164355,-105.334757,-99.833446,-78.745679,-33.623467,-41.337756
57.6562,97.596144,62.411185,-46.336978,-44.276063,-89.857215,-51.868917,-78.250890,-98.039500
57.6719,-24.028172,-45.959311,52.026635,40.173837,26.024777,51.534199,-84.167433,-69.057793
57.6875,-62.407526,-107.354014,85.380080,75.527814,134.254870,69.144620,36.434216,13.717948
57.7031,61.624761,81.150025,26.187193,69.973429,78.953652,30.035055,85.668794,35.018172
57.7188,12.011902,0.709618,10.346881,10.564256,0.527401,-3.441290,80.746094,148.244703
57.7344,-80.229012,-82.022660,28.598946,32.355592,40.193167,11.187804,-14.726813,12.360519
57.7500,66.353986,75.488463,34.634629,60.222572,42.353847,28.703855,-49.139185,-77.297062
57.7656,24.203173,21.201955,-17.523665,-34.654443,-70.162744,-45.874336,-79.010878,-89.797998
57.7812,-79.113506,-53.980203,-108.499948,-102.521396,-117.342892,-135.857711,-46.996892,-0.352998
57.7969,19.318449,0.790951,-95.939427,-76.057211,-68.832833,-70.252729,90.404508,40.940367
57.8125,27.018146,43.883883,5.872184,-9.545207,5.575338,-3.110177,112.830975,107.151868
57.8281,-51.922057,-26.310165,4.663246,-13.733348,19.529644,22.092849,59.663321,53.258413
57.8438,5.019391,29.712590,-49.105702,-21.800515,-10.341246,-37.542373,-60.630571,-48.705856
57.8594,46.631088,61.745413,27.864611,25.510297,31.970527,25.471171,-88.830348,-86.992138
57.8750,-28.708519,-52.354425,75.365036,116.968043,106.717510,93.507068,-56.053602,-71.346883
57.8906,-10.701193,-41.229407,81.038671,93.607698,114.728129,81.780215,4.810096,37.906087
57.9062,41.545994,59.317360,-0.651520,27.628541,-43.587001,10.613233,59.640499,77.161174
57.9219,-19.139922,-14.305775,-46.027982,-46.241867,-37.976924,-59.565779,71.660054,67.257191
57.9375,-39.459612,-55.738431,-3.747024,18.206561,-27.114786,-55.718609,2.141334,3.936093
57.9531,99.169976,86.962153,16.159677,-15.981642,-13.679329,-6.306059,-72.163761,-109.693134
57.9688,-1.255880,20.053583,-44.563077,-72.365432,-67.050384,-94.161966,-85.514335,-96.092897
57.9844,-51.886821,-46.175608,-86.663186,-64.466855,-41.992791,-71.494750,9.674908,7.859681
58.0000,84.428748,60.871468,9.586750,-28.918187,-0.714618,18.345859,77.116370,97.000183
58.0156,7.585525,26.436145,85.094013,71.000164,84.623646,46.660355,110.199564,107.568079
58.0312,-77.697354,-98.796228,39.758744,24.596515,85.396783,63.863130,40.926166,10.435927
58.0469,33.972329,-9.910019,-37.715526,9.170775,27.342637,20.005497,-117.103332,-27.072909
58.0625,40.033772,57.430818,61.555254,74.229443,15.985835,60.492188,-87.290318,-91.356433
58.0781,-47.109459,-49.001266,47.528799,30.875712,90.803188,44.761571,-46.648328,-55.916154
58.0938,6.893767,-23.560340,-31.014568,-15.818904,-35.918277,-9.281208,74.465348,49.377779
58.1094,71.334852,47.497662,-69.242587,-62.413070,-80.166640,-88.497061,122.126728,78.433049
58.1250,-30.970319,-75.102940,-112.251699,-83.990586,-109.467730,-99.318082,59.710255,73.762749
58.1406,-13.110046,1.418152,-11.805809,-9.722845,-20.456436,-7.344317,-15.915248,-22.235783
58.1562,64.780213,75.294633,62.402234,16.765321,24.447628,17.179862,-114.540148,-90.538674
58.1719,-26.029329,-1.498268,-36.435903,-26.695558,10.166958,-3.119656,-79.690713,-95.124328
58.1875,-77.416145,-39.040756,-12.778274,1.269833,-13.899670,-28.692163,18.628027,16.653451
58.2031,67.685899,25.401469,110.614292,80.884845,79.825680,54.981966,75.155870,82.793565
58.2188,6.037880,0.955953,100.713996,79.691598,111.275439,91.660460,111.423211,95.340557
58.2344,-45.892413,-86.206665,0.904299,57.154116,33.985468,49.609018,35.213597,38.420837
58.2500,52.048205,34.006895,-34.142753,-37.009033,-79.476450,-47.983765,-68.931939,-70.188414
58.2656,32.241110,17.245601,-56.988633,-59.348748,-38.117257,-43.728261,-116.019079,-127.390542
58.2812,-79.182616,-62.630151,-43.162874,2.133442,27.051169,-40.027626,-27.642008,-46.782992
58.2969,13.334437,16.354964,-26.208126,-55.313726,-20.880853,-65.921908,58.527520,66.061386
58.3125,-8.916295,16.070209,-96.464451,-129.108628,-87.011729,-73.323498,66.706256,91.601086
58.3281,-49.871023,-67.885266,-51.207023,-61.239083,-28.718302,-12.753425,60.852474,23.532178
58.3438,-15.647516,-43.427748,77.056504,49.587553,62.726462,71.160142,-33.163644,-41.913325
58.3594,72.426872,71.356126,114.174080,101.123564,77.258587,100.657122,-117.089691,-74.717052
58.3750,-44.722855,-15.228088,61.536111,22.278007,49.871526,42.485051,-43.850617,-44.292419
58.3906,-5.777707,-54.737844,-8.890049,6.033262,2.295471,3.058617,114.945349,7.725633
58.4062,41.222725,65.607852,81.847400,62.007729,33.368585,66.678754,79.003422,115.954861
58.4219,-38.900413,-43.886094,38.872216,35.120793,27.259038,38.827848,53.840511,82.983864
58.4375,-54.345924,-5.131795,-67.773403,-82.599001,-78.588562,-28.395941,-13.895145,-26.112430
58.4531,84.561227,69.733236,-87.244702,-123.367881,-102.946543,-145.168177,-72.688654,-98.766362
58.4688,-51.036452,40.721343,-42.614377,-14.793834,-67.752082,-35.973477,-87.994114,-78.662265
58.4844,-13.695935,-81.445331,41.911690,-8.061725,-7.214991,48.954375,-38.476003,-19.115813
58.5000,69.849739,64.537062,-25.172123,-0.332566,0.154682,-1.204027,67.426925,67.528298
58.5156,28.304016,64.246837,-39.266759,-5.680338,5.121477,-21.297998,153.474673,108.749839
58.5312,-64.690642,-64.139318,55.290848,25.042072,23.525582,45.962809,19.636610,32.356153
58.5469,18.967256,35.315453,79.842706,133.653856,83.931236,147.717385,-48.101658,-46.886390
58.5625,82.022241,52.933029,36.914902,68.818770,72.567803,40.220776,-78.197578,-101.624772
58.5781,-44.577833,-58.537632,-9.120290,-50.113747,-16.917716,-11.297351,-44.871026,-43.438496
58.5938,-17.704737,-12.289126,-35.012312,-40.846532,-31.754282,-27.205405,52.395250,70.220089
58.6094,37.836896,61.719346,-11.848064,5.650075,-16.750097,15.970013,122.012083,97.582202
58.6250,-61.454527,-29.096624,-30.021067,-36.132841,-9.786329,-36.399408,75.069176,81.287106
58.6406,-1.161731,-30.117994,-99.832439,-64.124134,-41.980236,-68.540025,-38.752427,-21.350096
58.6562,73.380817,57.252776,-65.887036,-67.867066,-61.230847,-72.398708,-83.804553,-115.843506
58.6719,-36.984941,-42.810901,21.136766,6.005139,49.183956,41.291632,-72.671131,-80.893353
58.6875,-62.395169,-25.561057,78.568952,104.812757,76.088427,74.706690,-27.660677,12.580542
58.7031,66.227207,74.794610,71.185545,45.840457,39.151963,58.546462,64.571897,97.912538
58.7188,13.188296,-8.618542,-6.689921,17.217735,-2.978883,-6.848869,96.530625,54.878770
58.7344,-66.492959,-44.329736,39.200531,57.265213,42.240146,28.224433,0.520744,-12.024622
58.7500,82.435097,22.550829,22.971338,84.448343,27.448173,62.399942,-74.660093,-48.618860
58.7656,21.983912,24.690335,-23.070276,-59.895562,-3.311315,-35.142574,-110.630482,-93.858875
58.7812,-69.986191,-74.645833,-90.832993,-86.721698,-77.418244,-129.026469,-39.581147,-8.447073
58.7969,17.770697,58.331635,-61.175020,-42.078061,-80.908077,-58.662592,48.853779,54.229269
58.8125,88.363329,76.472526,-11.674756,22.682728,41.751185,-8.608624,111.344805,83.959462
58.8281,-71.072081,-55.460483,10.883389,-12.605895,32.241798,20.004120,57.166511,60.154687
58.8438,6.470610,4.271638,17.255151,-32.840702,-17.256068,-1.171225,-37.334006,-31.230657
58.8594,96.327519,62.087429,24.773197,51.266826,6.244472,24.492954,-89.080695,-84.826571
58.8750,-69.189144,-65.174731,103.666397,128.455499,71.152291,79.070769,-42.024702,-32.793301
58.8906,-6.049610,-16.367633,74.253689,66.560830,92.522493,104.639100,-11.033121,30.097321
58.9062,80.063829,66.615434,20.032761,14.101591,-20.537431,-25.611588,116.523145,97.473050
58.9219,-10.206908,-13.888715,-44.145391,-73.991032,-81.312097,-79.675970,58.873510,102.565774
58.9375,-48.370422,-50.761025,8.608943,-24.524853,9.724695,-24.410247,-8.190661,2.466739
58.9531,56.887788,56.611991,-26.938779,12.762111,-14.911144,-0.479126,-38.534315,-69.704631
58.9688,27.711909,13.520310,-93.808828,-86.742906,-76.646628,-59.656805,-129.898966,-67.599356
58.9844,-51.300523,-96.385844,-110.115977,-112.270090,-47.174457,-86.756217,3.580578,-37.177091
59.0000,78.040762,37.907893,-4.377460,15.146142,32.242053,1.243111,84.002591,59.594006
59.0156,23.097783,20.594662,85.142841,56.511025,75.951046,52.162725,120.197173,101.838905
59.0312,-75.566019,-80.897544,54.754761,51.080885,86.085612,101.812273,1.644734,49.359700
59.0469,7.843369,48.573977,-5.875680,15.127216,22.045241,-30.785388,-63.889522,-35.990499
59.0625,26.303991,61.561084,60.808772,11.695821,66.056925,21.363933,-102.868992,-106.186813
59.0781,-50.596803,-14.286437,45.391527,85.171796,42.166520,43.922312,-3.597351,-94.615775
59.0938,1.062076,-5.596297,48.797700,9.442713,-14.463673,29.240451,31.926759,18.403753
59.1094,55.678165,43.776906,-86.031374,-81.670684,-123.934568,-75.488703,97.673590,84.322138
59.1250,-57.088800,-51.302472,-84.467619,-75.122157,-72.596248,-96.964928,39.718993,39.457795
59.1406,-23.029727,-48.755280,-58.851736,-16.409707,-25.897312,5.510700,6.760196,-70.695605
59.1562,65.251121,43.588351,-13.290355,70.807463,4.674476,4.212258,-79.291645,-75.359098
59.1719,6.361109,-3.911049,7.950818,-13.020622,-23.201801,-37.619768,-85.047752,-67.263386
59.1875,-21.622737,-57.952696,-31.253631,5.050446,2.113699,20.602771,13.455720,5.439280
59.2031,60.263163,87.073477,60.779326,106.187063,79.073681,70.954661,82.563867,80.436258
59.2188,-23.428820,28.551831,110.554782,86.741568,111.280079,123.045806,76.279519,102.709744
59.2344,-50.129040,-34.238965,17.009749,27.556190,17.089392,22.954297,23.097591,-62.080960
59.2500,62.069786,47.725351,-10.511821,-69.034926,-51.959490,-54.662272,-79.041917,-83.236847
59.2656,56.616054,50.307557,-5.126370,-47.708090,-9.277184,-46.829521,-101.675426,-126.371379
59.2812,-60.643377,-50.373470,8.067165,-42.688365,23.031479,-23.817157,-2.323253,-32.883753
59.2969,46.146930,0.554310,-19.998971,-45.295190,-57.405335,-82.571585,57.120944,68.634853
59.3125,26.808977,19.647916,-43.451229,-58.607137,-58.684079,-87.542510,126.669890,37.573102
59.3281,-64.210622,-64.895509,-37.607318,-36.622567,-26.616358,-51.751504,52.574004,52.107023
59.3438,26.394649,-58.866632,95.227560,39.825720,50.327030,79.794685,-72.485612,-37.102074
59.3594,34.807410,76.999525,77.184058,92.796992,101.759336,95.565009,-103.395433,-100.085008
59.3750,-38.601074,-57.172507,20.286576,30.134571,-26.135950,31.276647,-59.906320,-64.347590
59.3906,-17.814328,-35.055562,58.511492,1.090016,19.570619,3.987926,17.143393,70.316104
59.4062,122.394827,83.471404,74.568218,81.301182,45.061028,38.374897,87.793462,96.666815
59.4219,-10.148563,12.455772,51.526234,64.492507,30.122371,3.286672,72.808493,43.166385
59.4375,-31.239517,-77.828163,-46.945868,-103.315279,-103.884072,-75.027132,25.330554,-13.316490
59.4531,48.602799,71.726791,-105.479037,-158.708886,-145.214674,-105.507744,-69.163319,-84.029956
59.4688,17.711573,-5.084368,-55.105818,-56.147169,-63.097046,-58.703110,-84.852394,-106.473042
59.4844,-69.280502,-47.258951,-17.391392,-1.928003,43.047921,37.355370,-9.566255,-1.875726
59.5000,66.053832,56.061137,-28.759703,-46.759187,-1.498704,4.404168,55.979245,79.080469
59.5156,9.369575,38.824057,-17.485617,-10.192816,22.662078,-20.625036,96.631135,103.022799
59.5312,-85.191922,-62.781118,33.788754,66.982500,72.894872,7.193591,16.428408,13.725626
59.5469,31.453857,52.595026,85.578643,82.319192,112.677826,123.867276,-55.411789,-68.324638
59.5625,24.521784,69.829274,72.109589,75.452503,57.759911,56.403832,-100.185146,-83.462671
59.5781,-55.811116,-64.488924,-34.234717,-41.426872,-43.569697,-39.357990,-42.222623,-54.893226
59.5938,10.677484,5.040017,-33.563509,-17.480341,-44.472187,-70.907648,42.245094,25.516206
59.6094,22.542745,58.301139,-31.558824,-27.155926,2.557405,-9.338301,76.514267,85.230170
59.6250,-56.481516,-58.613845,-28.613763,-24.630819,-61.810686,-45.651829,65.259331,72.836808
59.6406,11.397916,-60.430873,-94.136652,-63.264775,-94.047810,-81.473825,-35.087828,-28.098361
59.6562,67.053697,63.684507,-10.330442,-55.497617,-39.650678,-82.292245,-107.917824,-144.322183
59.6719,-31.377572,13.902924,38.761521,36.157476,13.713807,34.190743,-77.857233,-87.258834
59.6875,-81.960044,-60.150489,79.473668,71.371541,123.341249,98.894362,13.120086,16.162147
59.7031,85.033012,59.203760,71.617364,28.598184,43.870487,81.184952,107.360628,101.446186
59.7188,-34.661300,9.926540,28.286300,-33.599886,0.868017,-4.439603,79.283759,82.495349
59.7344,-84.797134,-65.937239,27.453934,7.296787,33.664196,11.011768,-29.913579,6.297229
59.7500,71.840253,50.434321,46.767353,23.042592,28.807901,36.052850,-65.176732,-98.202002
59.7656,19.056546,27.328989,-21.494475,-13.359077,-23.928191,-62.125518,-92.056005,-75.126862
59.7812,-79.852092,-70.799371,-92.777638,-100.353656,-128.306619,-101.521236,-70.946116,1.227844
59.7969,33.257556,36.743352,-73.469699,-91.675627,-102.360594,-72.197636,24.648482,77.398437
59.8125,-2.366517,35.941130,-9.066900,40.324407,2.129133,11.112706,113.224241,90.472523
59.8281,-49.363454,-56.348833,18.544228,8.274176,30.506307,16.305315,49.707962,65.683160
59.8438,23.614363,-21.619020,-31.114459,-29.771988,6.196393,-4.671029,-50.546711,-73.494062
59.8594,27.779940,45.772624,48.694650,15.301447,-4.280101,-7.112707,-85.411945,-104.056054
59.8750,-90.298082,-22.826106,86.315975,83.269324,102.905456,110.962942,-64.162531,-97.621895
59.8906,-54.427073,-17.565343,108.364763,129.729457,90.426468,92.335020,39.159247,1.177739
59.9062,110.928140,131.553131,-3.386246,-29.637511,1.251799,-4.338244,98.631117,57.808628
59.9219,-51.195581,14.551483,-95.238622,-71.115640,-83.653072,-45.657436,94.272304,107.169602
59.9375,-55.503782,-14.998536,-19.484929,-10.942184,-31.438001,-44.408250,10.692305,-13.178582
59.9531,100.614565,54.685057,-3.514783,-16.208924,-38.468484,-26.661062,-87.635368,-68.262135
59.9688,-11.507281,1.776996,-59.847712,-80.081645,-47.767333,-50.240805,-91.157168,-59.273023
59.9844,-105.460333,-107.201340,-106.427660,-102.459878,-111.360094,-74.760524,-12.927618,-44.526202
